True SPO,Unamb SPO,MSE,Elapsed,Epochs
0.2008680201561246,0.2008680201561246,22.670384658813475,183.5685625076294,200.0
0.12453684061625078,0.12453684065884209,25.768185836791993,177.1774616241455,200.0
0.18299015759862633,0.18299015759862633,24.331100173950194,179.02384090423584,200.0
0.11681667715340241,0.1168166771534244,26.234950424194334,178.75206589698792,200.0
0.20190154973337043,0.20190154975302615,23.07660237121582,178.82834839820862,200.0
0.18513349514506938,0.18513349514506938,25.435862380981444,179.05193877220154,200.0
0.19333786138205905,0.19333786138205905,25.47239617919922,189.72309803962708,200.0
0.14515086485470655,0.14515086485470655,25.443468551635743,183.04551219940186,200.0
0.1025569058909805,0.10255690590232983,24.379445892333983,185.03042459487915,200.0
0.11613928622997792,0.11613928622997792,24.112743057250977,183.6970682144165,200.0
