True SPO,Unamb SPO,MSE,Elapsed,Epochs
0.0245956013674935,0.0245956013674935,36.60585388183594,463.0627007484436,1000.0
0.016602268478084,0.016602268478084,27.602174057006835,534.0301530361176,1000.0
0.030625794603671,0.030625794603671,29.59499979400635,815.3852870464325,1000.0
0.020371927857162013,0.020371927857162013,32.56555303955078,616.5104050636292,1000.0
0.027522149185402908,0.027522149185402908,22.865149169921875,610.314309835434,1000.0
0.035330224015767304,0.035330224015767304,44.594423599243164,1009.8043258190155,1000.0
0.03832547169801049,0.03832547171853145,45.9850754699707,955.6870064735413,1000.0
0.02972993044030564,0.02972993044030564,30.94840872192383,629.0156366825104,1000.0
0.0535617717908324,0.0535617717908324,51.7821259765625,830.9072737693787,1000.0
0.01978271444781422,0.01978271444781422,23.44392781829834,319.8032338619232,1000.0
