True SPO,Unamb SPO,MSE,Elapsed,Epochs
0.024288610255934047,0.024288610255934047,27.177470916748046,83.01500582695007,200.0
0.018093448782804715,0.018093448782804715,26.686818557739258,84.05537462234497,200.0
0.015955310526065372,0.015955310526065372,26.85153012084961,78.4568612575531,200.0
0.018155584946422366,0.018155584946422366,25.79877503967285,101.11338019371033,200.0
0.016061914206758985,0.016061914206758985,26.051365005493164,99.82016253471375,200.0
0.012241864830990918,0.012241864830990918,26.530215789794923,93.83955788612366,200.0
0.019898140471317865,0.019898140471317865,26.75252444458008,105.01051330566406,200.0
0.014420410427008873,0.014420410427008873,27.012838928222656,94.82165193557739,200.0
0.018367502476875363,0.018367502476875363,26.76345361328125,93.79741168022156,200.0
0.017167729048461058,0.017167729048461058,26.911620880126954,76.15688943862915,200.0
