True SPO,Unamb SPO,MSE,Elapsed,Epochs
0.0057812148058946,0.0057812148109628,0.2242140829563141,2644.0944743156438,200.0
0.0042885149485203,0.0042885149485203,0.2349935855865478,2104.700107574463,200.0
0.0056957172587327,0.0056957172587327,0.2111778359413147,2429.418035507202,200.0
0.0037273055188019,0.0037273055188019,0.2034719655513763,2152.9137210845947,200.0
0.0046669000116491,0.0046669000226024,0.1967013933658599,3427.6472206115723,200.0
0.0057884856069861,0.0057884856069861,0.264995512008667,2571.545234441757,200.0
0.0060405069287929,0.0060405069287929,0.2119594509601593,2579.374820232392,200.0
0.00467474843512925,0.00467474843512925,0.22890844559669496,2876.0248675346375,200.0
0.00487767700630715,0.00487767700630715,0.22758159577846526,2379.0851471424103,200.0
0.003909080033902406,0.003909081879677216,0.2131048219203949,1960.3059463500977,200.0
