True SPO,Unamb SPO,MSE,Elapsed,Epochs
0.02197715945205456,0.02197715945205456,18.423390686035155,418.1356592178345,20.0
0.03022652359902438,0.03022652359902438,16.846908782958984,393.54853200912476,20.0
0.050532112822614675,0.050532112822614675,22.018951461791993,413.2700951099396,20.0
0.02656956504330931,0.02656956504330931,17.532134857177734,410.74821186065674,20.0
0.023073868149233224,0.023073868155090608,17.69172525024414,422.30316853523254,20.0
0.024097806431228486,0.024097806431228486,16.010466239929197,408.12266874313354,20.0
0.04461845312829793,0.04461845312829793,17.98078303527832,415.8450679779053,20.0
0.031247837220460765,0.031247837220460765,15.928598388671874,407.28630018234253,20.0
0.03498758385517591,0.03498758385517591,17.771313720703127,424.79029536247253,20.0
0.023560519357419152,0.023560519357419152,17.954459045410157,404.61002349853516,20.0
