True SPO,Unamb SPO,MSE,Elapsed,Epochs
0.0498571136965455,0.0498826291118501,22.66547637939453,867.1719377040863,200.0
0.0310725468342857,0.0310725468342857,28.098504457473755,831.2028021812439,200.0
0.0347941431558726,0.0347941431558726,17.783353302001952,804.5879328250885,200.0
0.0257480862908091,0.0257480862908091,16.326859527587892,746.6694614887238,200.0
0.0158534990189251,0.0158534990189251,20.831950424194336,805.215963602066,200.0
0.0347308109744447,0.0347308109744447,28.680392311096192,730.1644892692566,200.0
0.0386520241170363,0.0386520241170363,19.273772257804872,960.2292366027832,200.0
0.0318290701835627,0.0318290701835627,19.877560592651367,1448.995406627655,200.0
0.0265962924819088,0.0265962924819088,25.468422737121585,1308.9474050998688,200.0
0.040856245523056764,0.040856245523056764,23.536875259399412,556.4119572639465,200.0
