True SPO,Unamb SPO,MSE,Elapsed,Epochs
0.13192444236006456,0.13192444236006456,2.654655870437622,623.7131514549255,200.0
0.130204007943202,0.130204007943202,2.6210666122436526,559.0379133224487,200.0
0.10743394242110084,0.10743394242110084,2.6060067939758302,660.9932415485382,200.0
0.13832771169842595,0.13832771169842595,2.462648878097534,640.1447620391846,200.0
0.14879896274004095,0.14879896274004095,2.4986076908111574,460.32160663604736,200.0
0.1456585534260464,0.1456585534260464,2.783725311279297,466.4425184726715,200.0
0.1403912543148154,0.1403912543148154,2.4790110321044923,421.8416028022766,200.0
0.14653705953776588,0.14653705953776588,2.5760777988433836,473.43087935447693,200.0
0.11533294291875251,0.11533294291875251,2.595116371154785,479.60569620132446,200.0
0.12632413039899124,0.1263241334577851,2.5571796951293946,433.5235755443573,200.0
