True SPO,Unamb SPO,MSE,Elapsed,Epochs
0.21482069184317734,0.21482069184317734,216.47715808105468,3145.0015964508057,1000.0
0.1953007045791542,0.1953007045791542,268.9524381103516,4914.6064212322235,1000.0
0.2062649950994956,0.2062649950994956,178.15496643066408,5119.0905022621155,1000.0
0.1613685502245037,0.1613685502245037,219.38178466796876,5038.695517301559,1000.0
0.20119720651745526,0.20119720651745526,179.71989233398438,857.4443204402924,1000.0
0.18735277021388516,0.18735277021388516,186.05897424316407,1121.717119216919,1000.0
0.22180880576969936,0.22180880576969936,234.23164270019532,931.1008355617523,1000.0
0.21781542413241448,0.21781542413241448,176.14795263671874,696.3455009460449,1000.0
0.20519155590240754,0.20519155590240754,207.92523950195311,685.5927369594574,1000.0
0.2087448024941244,0.2087448024941244,204.34157055664062,1253.961795091629,1000.0
