True SPO,Unamb SPO,MSE,Elapsed,Epochs
0.0035664676952976444,0.0035664676952976444,12.595908432006835,44.037673234939575,20.0
0.0041555851063657095,0.0041555851063657095,12.25227336883545,44.81420278549194,20.0
0.0040678210158606575,0.0040678210158606575,13.637297485351562,41.258487701416016,20.0
0.004270124940675826,0.004270124940675826,12.85527638244629,45.188042879104614,20.0
0.003585359126891827,0.003585359126891827,12.338186828613281,48.88472127914429,20.0
0.0041075718824920265,0.004107571888085395,13.00135498046875,46.791250467300415,20.0
0.005554903571546552,0.005554903571546552,12.928097381591797,46.02080249786377,20.0
0.0036396724294669473,0.0036396724294669473,13.420428886413575,45.40161609649658,20.0
0.0037585421412157987,0.0037585421412157987,13.530219024658203,44.4869270324707,20.0
0.0037249956840548736,0.003724997975529496,15.131829803466797,42.25300717353821,20.0
