True SPO,Unamb SPO,MSE,Elapsed,Epochs
0.24947090576118358,0.24947090576118358,87.3414028930664,345.50392293930054,20.0
0.1721229708892443,0.1721229708892443,92.39382623291016,340.1221652030945,20.0
0.14165169331511895,0.14165169331511895,102.339025390625,335.65202474594116,20.0
0.21432356525829493,0.21432356525829493,73.58813000488281,340.360791683197,20.0
0.15074865902292817,0.15074865902292817,91.19921978759766,342.5126872062683,20.0
0.17683399554177529,0.17683399554177529,92.38269665527343,345.45508646965027,20.0
0.13159801033435167,0.13159801033435167,89.83544879150391,345.11198139190674,20.0
0.20630847839986216,0.20630847839986216,92.41538879394531,342.132262468338,20.0
0.19887924403867951,0.19887924403867951,110.9734057006836,339.6161196231842,20.0
0.20136057763101978,0.20136057763101978,88.65577996826173,338.5564696788788,20.0
