True SPO,Unamb SPO,MSE,Elapsed,Epochs
0.11808833182221708,0.11808833182221708,15.802556884765625,72.71055102348328,200.0
0.12730157680695744,0.12730157680695744,17.499749938964843,70.66212391853333,200.0
0.09962756052110605,0.09962756052110605,15.294910552978516,69.08545231819153,200.0
0.11370860248089917,0.11370860248089917,15.563459190368652,70.8734302520752,200.0
0.10479579406262488,0.10479579406262488,15.598211753845215,70.08203315734863,200.0
0.1066123016622207,0.1066123016622207,17.921919876098634,67.60340642929077,200.0
0.10167153788019549,0.10167153788019549,15.491146755218505,60.131946325302124,200.0
0.1131889763775814,0.11315616797863137,16.57845588684082,64.13651514053345,200.0
0.10114876323925266,0.10114876326171511,17.378996894836426,61.762256145477295,200.0
0.12087355666407144,0.12087355765413485,16.761502311706543,60.06875991821289,200.0
