True SPO,Unamb SPO,MSE,Elapsed,Epochs
0.022056985753492696,0.022056985753492696,75.45100439453125,61.26629590988159,200.0
0.04293862323764057,0.04293862323764057,85.5460894165039,60.285011529922485,200.0
0.04962217395279584,0.04962217395279584,83.75968927001954,59.94345307350159,200.0
0.05546405041515517,0.05546405041515517,83.9404496459961,59.67902445793152,200.0
0.06735059550972368,0.06735059550972368,79.03546856689454,59.606040477752686,200.0
0.07046080022556467,0.07046080022556467,80.31697900390625,59.76248240470886,200.0
0.06596511053017175,0.06596511053017175,80.10301147460937,60.16567397117615,200.0
0.05701335033090048,0.05701335033090048,78.65116516113281,60.24839782714844,200.0
0.13453910836067098,0.13453910836067098,88.03851104736329,60.20323204994202,200.0
0.04852426213089214,0.04852426213089214,88.17979064941406,60.77507996559143,200.0
