True SPO,Unamb SPO,MSE,Elapsed,Epochs
0.11839977697207026,0.11839977697207026,3.7533957805633547,900.0485479831696,200.0
0.17784185764098392,0.17784185764098392,3.9120867881774903,1658.9853756427765,200.0
0.1213358373475917,0.1213358373475917,3.9083086585998537,1705.0251381397247,200.0
0.20713042965348374,0.20713042947003366,4.159661401748657,2237.2245588302612,200.0
0.2128874153085977,0.2128874153085977,4.118457889556884,3329.2550179958344,200.0
0.21447595633150562,0.21447595633150562,4.324571788787842,1853.2399017810822,200.0
0.2033520208981674,0.2033520208981674,4.150404579162598,1507.073793888092,200.0
0.21584786976843864,0.21584786976843864,4.263875495910645,1437.4515221118927,200.0
0.09975437075538288,0.09975437075538288,3.5270750465393066,541.5136773586273,200.0
0.1770311840274533,0.1770311840274533,4.096302124023437,1115.7248952388763,200.0
