True SPO,Unamb SPO,MSE,Elapsed,Epochs
0.1302886351636795,0.1302886351636795,48.87392459106445,62.752365827560425,20.0
0.18163409320964122,0.18163409320964122,47.43541635131836,75.13681888580322,20.0
0.11779094417536068,0.11779094417536068,47.14835940551758,66.89516711235046,20.0
0.20318187155041922,0.20318187155041922,47.43186050415039,75.12759780883789,20.0
0.2266094171567884,0.2266094171567884,45.564981262207034,74.91984105110168,20.0
0.21674548144646857,0.21674548144646857,45.04985229492188,71.75643348693848,20.0
0.22155968665900397,0.22155968665900397,44.19116247558594,70.51619815826416,20.0
0.2232777713013659,0.2232777713013659,47.39938772583008,66.84071159362793,20.0
0.21519790135139324,0.21519790135139324,44.86373397827148,74.88630962371826,20.0
0.17503791325394286,0.17503791325394286,50.26600744628906,69.49415874481201,20.0
