True SPO,Unamb SPO,MSE,Elapsed,Epochs
0.14468290330309455,0.14468290330837455,10.539717414855957,175.25781083106995,1000.0
0.15526388314677117,0.15526388314677117,7.810691833496094,170.38630390167236,1000.0
0.15185065749345425,0.1518506575120047,10.117384035110474,169.25827431678772,1000.0
0.11628051046922228,0.11640441085331309,10.278828765869141,170.5695652961731,1000.0
0.1555786916531127,0.1555786916531127,9.663723091125489,170.34431505203247,1000.0
0.1561621566696374,0.1561621566696374,12.102041580200195,168.56644129753113,1000.0
0.16162778533263022,0.16162778533263022,12.21196607208252,168.73545789718628,1000.0
0.1495370991542012,0.1495370991542012,9.307943603515625,170.2760820388794,1000.0
0.14636103551689916,0.14639592376363578,10.344424430847168,167.7951319217682,1000.0
0.14165497896164725,0.14165497896164725,9.103656929016113,174.31374216079712,1000.0
