True SPO,Unamb SPO,MSE,Elapsed,Epochs
0.1268001875539996,0.12696764662526042,2.305290760040283,834.7119584083557,200.0
0.12868748871591013,0.12868748871591013,2.4497101383209228,672.1999359130859,200.0
0.10457473379747412,0.10457473379747412,2.2081521701812745,789.7711093425751,200.0
0.133392508431978,0.1335345286698614,2.1338398513793946,705.2459111213684,200.0
0.13828988671987755,0.13828988671987755,2.1999017810821533,796.0930376052856,200.0
0.13540479889475088,0.13540479889475088,2.4263559455871584,593.5175037384033,200.0
0.13449802977949402,0.1345329009305906,2.2326751279830934,598.2143385410309,200.0
0.13501128276294042,0.13501128276294042,2.2985942993164064,592.0693528652191,200.0
0.10999345482066211,0.10999345482066211,2.2146518659591674,610.8780202865601,200.0
0.11659580238506265,0.1165958060095244,2.2227203235626223,504.0319058895111,200.0
