True SPO,Unamb SPO,MSE,Elapsed,Epochs
0.0939618086716785,0.09396180884806575,15.230891536712646,71.549875497818,20.0
0.09972508591031022,0.09972508591031022,15.50377840423584,68.5173761844635,20.0
0.08436509360582461,0.08436509360582461,15.242121780395507,64.26273679733276,20.0
0.09072600614054367,0.09072600614054367,14.60718228149414,65.59522604942322,20.0
0.08544628948299543,0.08544628948299543,11.95898843383789,62.28639268875122,20.0
0.08749262353608257,0.08749262353608257,16.371270751953126,62.113882303237915,20.0
0.08937675248505807,0.08937675248505807,14.830359313964843,62.702367544174194,20.0
0.0911141624163361,0.09111416256818841,14.976887397766113,62.36063766479492,20.0
0.09094086619398513,0.09094086619398513,15.726682823181152,65.6118996143341,20.0
0.0885062212136918,0.0885062212136918,15.035693161010743,63.1699104309082,20.0
