True SPO,Unamb SPO,MSE,Elapsed,Epochs
0.1297474713640239,0.1297474713640239,2.3858996372222903,661.5508637428284,200.0
0.1295540711315055,0.1295540711315055,2.525818874359131,594.5496363639832,200.0
0.10529775207011535,0.10529775207011535,2.267917102813721,669.9446048736572,200.0
0.13605538789229166,0.13605538789229166,2.2045556869506835,605.6243782043457,200.0
0.14071243346478535,0.14071243346478535,2.294117025375366,701.7417433261871,200.0
0.13795960642106694,0.13795960642106694,2.5208680725097654,593.9059698581696,200.0
0.13589287582335707,0.13589287582335707,2.3049669818878176,528.9652926921844,200.0
0.13893421280979365,0.13893421280979365,2.399938144683838,509.0965232849121,200.0
0.1123703882320701,0.1123703882320701,2.2821374502182006,568.5511136054993,200.0
0.11800100421910814,0.1180010078176648,2.2872567710876464,538.9118456840515,200.0
