True SPO,Unamb SPO,MSE,Elapsed,Epochs
0.0924894138619743,0.0924894138619743,15.838727447509765,178.35278272628784,20.0
0.08675022381352805,0.08675022383931424,15.481911651611329,179.5158588886261,20.0
0.08636642156836284,0.08636642156836284,16.360309143066406,173.44573974609375,20.0
0.09674048606162827,0.09674048606162827,13.32222444152832,172.721284866333,20.0
0.09588815931950696,0.09588816052098842,15.377648284912109,175.62119603157043,20.0
0.08619795044724933,0.08619795044724933,15.488462432861327,179.3327763080597,20.0
0.08485019077974339,0.08485019077974881,13.964324546813964,171.9940152168274,20.0
0.08091688189692146,0.08091688190724167,15.510032135009766,172.75385689735413,20.0
0.09463361809621396,0.09463361809621396,18.633163223266603,172.8605992794037,20.0
0.09672862692190205,0.09672862692190205,15.654950164794922,171.54746437072754,20.0
