True SPO,Unamb SPO,MSE,Elapsed,Epochs
0.09127616892111703,0.09127616892111703,53.61669384765625,400.87978053092957,20.0
0.06179466991133587,0.06179466991133587,53.90203067016601,397.5021505355835,20.0
0.06883698414602726,0.06883698414602726,65.56965466308594,410.18123388290405,20.0
0.11336055347591766,0.11336055347591766,41.39229983520508,394.7166385650635,20.0
0.04682137604170937,0.04682137604170937,49.003203125,409.9020564556122,20.0
0.06631942653791367,0.06631942653791367,54.5140537109375,400.3263945579529,20.0
0.0480010284096979,0.0480010284096979,44.54591549682617,397.62731981277466,20.0
0.08318144159052389,0.08318144160812362,53.442204467773436,383.4161648750305,20.0
0.07590550443661842,0.07590550443661842,68.73772277832032,401.0402443408966,20.0
0.09140831178500411,0.09140831178500411,55.2022485961914,403.45134568214417,20.0
