True SPO,Unamb SPO,MSE,Elapsed,Epochs
0.04324458116741542,0.04324458116741542,83.98009234619141,1557.461524963379,1000.0
0.05791396247807244,0.05791396247807244,89.939931640625,1899.333114862442,1000.0
0.06520185780612646,0.06520185780612646,83.08158905029296,1534.6740963459015,1000.0
0.03698585834816986,0.03698585834816986,89.25481408691407,1951.4022846221924,1000.0
0.05444981518320141,0.05444981518320141,85.72246026611329,1361.4391078948975,1000.0
0.07167678753177831,0.07167678753177831,96.77741625976563,3795.2665143013,1000.0
0.06736489615593542,0.06736489615593542,82.88220092773437,1701.3636915683746,1000.0
0.06084183233102949,0.06084183233102949,87.32036352539062,1646.7504754066467,1000.0
0.05951956661180583,0.05951956661180583,88.99564453125,1230.888445854187,1000.0
0.15157782582760934,0.15157782582760934,83.94822076416015,1607.6435418128967,1000.0
