True SPO,Unamb SPO,MSE,Elapsed,Epochs
0.1129538541280147,0.1129538541294648,2.906397898693,0.0754892826080322,0.0
0.1572423478279892,0.1572423478279892,2.912763333093824,0.0601327419281005,0.0
0.1105615015882616,0.1105615015882616,2.926874275725828,0.0831918716430664,0.0
0.1739168670330848,0.1739168670330848,2.888495357460465,0.0537848472595214,0.0
0.1823667590482242,0.1823667590482242,2.88648468729436,0.0579469203948974,0.0
0.1756070621251831,0.1756070621647985,2.948125190235181,0.0873212814331054,0.0
0.1741201866561386,0.1741201866561386,2.9285978158972306,0.06609320640563965,0.0
0.17694369457560047,0.17706025785886753,2.8970669756716614,0.05121183395385742,0.0
0.09184467433928122,0.09184467433928122,2.904437720497208,0.05382990837097168,0.0
0.1567788851447108,0.15683954587635038,2.9089209758970447,0.0522007942199707,0.0
