True SPO,Unamb SPO,MSE,Elapsed,Epochs
0.02747516272686716,0.02747516272686716,2.9846408824920654,1691.4664607048035,200.0
0.029439696106255242,0.029439696106255242,3.269767704963684,1355.8389112949371,200.0
0.031037729504233513,0.031037729504233513,2.3952215633392333,1726.6067471504211,200.0
0.01707964271025496,0.01707964271025496,2.4054664669036865,1695.6593987941742,200.0
0.014402221065367335,0.014402221065367335,2.5208766050338745,2199.117002725601,200.0
0.02526120428916256,0.02526120428916256,3.491454902648926,1738.8654115200043,200.0
0.020227829234464572,0.020227829234464572,2.382929461479187,1736.3108263015747,200.0
0.02069885687490282,0.02069885687490282,2.7489953861236573,1821.2085428237915,200.0
0.02299927151620703,0.02299927151620703,3.272981186389923,1508.174177646637,200.0
0.022968132819285697,0.022968133343347345,2.905918846130371,1332.2239468097687,200.0
