True SPO,Unamb SPO,MSE,Elapsed,Epochs
0.10123487357215426,0.10123487357215426,4.953834690093994,1115.0977420806885,20.0
0.11109965635700653,0.11079037800649212,5.5835127296447755,854.0749480724335,20.0
0.09438363538460917,0.09438363543719774,4.964183128356933,1013.9737260341644,20.0
0.09029680742153819,0.09029680742153819,4.600369659423828,661.1447281837463,20.0
0.0862417553276781,0.0862417553276781,3.5582023696899414,640.243442773819,20.0
0.09249308941798151,0.09249308941798151,5.484837135314941,562.9455897808075,20.0
0.08765613051208368,0.08765613051208368,4.972614372253418,611.933277130127,20.0
0.09036223355534731,0.09036223355534731,4.908080699920654,607.0587301254272,20.0
0.09319691144198405,0.09319691144198405,5.497039886474609,733.6124250888824,20.0
0.09847391214649592,0.09847391214649592,4.963058200836182,715.3645589351654,20.0
