True SPO,Unamb SPO,MSE,Elapsed,Epochs
0.15554755413776156,0.15554755413776156,64.15354739379883,334.8771080970764,20.0
0.10015985493736988,0.10015985493736988,76.52617126464844,335.4544849395752,20.0
0.0815442333291019,0.0815442333291019,85.08901010131837,333.63452196121216,20.0
0.12353975275001831,0.12353975275001831,59.2324853515625,337.2243654727936,20.0
0.08656098491015264,0.08656098491015264,63.4964541015625,337.24937415122986,20.0
0.12168016089907256,0.12168016089907256,67.08587829589844,334.9494197368622,20.0
0.06548399537198744,0.06548399537198744,67.86456369018555,340.6393575668335,20.0
0.12365960468665248,0.12365960468665248,66.09612670898437,339.23502826690674,20.0
0.11762777738728283,0.11762777738728283,81.56490283203125,343.2821490764618,20.0
0.17844480580018007,0.17847146322560586,67.2163251953125,337.1981272697449,20.0
