True SPO,Unamb SPO,MSE,Elapsed,Epochs
0.13166991915212806,0.13166991915212806,24.34974694824219,48.452109575271606,200.0
0.18215207163398953,0.18215207163398953,26.158350646972657,47.760952949523926,200.0
0.1285484880647545,0.1285484880647545,26.484219497680662,51.471370697021484,200.0
0.19790038630474507,0.1979003863047603,24.192163055419922,57.90321111679077,200.0
0.20974484647481692,0.20980250751232352,23.50639259338379,54.34586000442505,200.0
0.19861269646091664,0.19861269646091664,24.001720550537108,50.14011788368225,200.0
0.192726525579874,0.192726525579874,23.882868041992186,46.260375022888184,200.0
0.20318005765979447,0.20318005774836692,24.357370361328126,47.35787773132324,200.0
0.11663054471863421,0.11663054471863421,25.383410217285157,48.77279353141785,200.0
0.1747089691773487,0.1747089691773487,26.56384812927246,43.333197355270386,200.0
