True SPO,Unamb SPO,MSE,Elapsed,Epochs
0.04505317687671185,0.04505317687671185,24.737856567382813,333.99683594703674,20.0
0.0387825233184698,0.0387825233184698,23.546423187255858,331.0436496734619,20.0
0.09711989283286031,0.09711989283286031,23.69613136291504,333.318683385849,20.0
0.03721339682270732,0.03721339682270732,24.749220153808594,338.30847454071045,20.0
0.02776012708487784,0.02776012708487784,25.434344436645507,336.40925216674805,20.0
0.02264328956670083,0.02264328956670083,24.642162338256835,344.13190245628357,20.0
0.03132156312317603,0.03132156312317603,23.131114227294923,338.7267689704895,20.0
0.015710429787474185,0.015710429787474185,24.2071513671875,336.12710452079773,20.0
0.02987287350346587,0.02987287350346587,23.638253646850586,338.022088766098,20.0
0.06176250049306696,0.06176250049306696,23.51964892578125,334.49849796295166,20.0
