True SPO,Unamb SPO,Elapsed,Epochs
0.08907475480309304,0.08907475480309304,4.491203784942627,0.0
0.1136566027551744,0.11372509121721427,4.431434869766235,0.0
0.06946760288494694,0.06965284982597347,4.449134111404419,0.0
0.07553889056910659,0.07579100201030511,4.563888311386108,0.0
0.07578531433643239,0.07622464949200591,4.382319927215576,0.0
0.09585787258625109,0.09649357924563635,4.389511585235596,0.0
0.11612487423837405,0.11644744333348064,4.540220737457275,0.0
0.08766026475284398,0.08799677248701997,4.371130704879761,0.0
0.10361296039635107,0.10406284966994912,4.465656518936157,0.0
0.09552345623411651,0.0958088138330235,4.447222709655762,0.0
