True SPO,Unamb SPO,MSE,Elapsed,Epochs
0.11380514122464676,0.11380514122464676,13.59559489440918,160.8737006187439,1000.0
0.10873804730715671,0.10873804730715671,11.620902847290038,166.59223198890686,1000.0
0.1240496063254011,0.1240496063254011,12.650788471221924,165.76241278648376,1000.0
0.0973821071697032,0.0973821071697032,13.619869384765625,170.27538585662842,1000.0
0.11217159960055813,0.11217159960055813,10.698288925170898,171.7296359539032,1000.0
0.115948236301539,0.11594823630992099,16.98744147491455,172.60804057121277,1000.0
0.12314370573411944,0.12314370573502571,18.770729232788085,156.43603920936584,1000.0
0.10708825148276226,0.10708825148276226,13.343372901916505,160.35179376602173,1000.0
0.12444096950703849,0.12444096950703849,15.669789379119873,158.96402525901794,1000.0
0.12022479209940155,0.12022479209940155,10.316112701416015,163.7524757385254,1000.0
