True SPO,Unamb SPO,MSE,Elapsed,Epochs
0.14433842019999193,0.14433842019999193,15.872994400024414,181.33385348320007,200.0
0.13286525346815983,0.13286525346815983,16.30833103942871,181.68391275405884,200.0
0.1330215357837248,0.1330215357837248,15.729489372253418,185.03949689865112,200.0
0.13426046269777014,0.13426046281706494,16.297095008850096,181.46151661872864,200.0
0.15257031008498137,0.15257031010242816,15.286513519287109,183.88480806350708,200.0
0.14541767751694457,0.1454176776258251,16.149612014770508,189.08173942565918,200.0
0.14766244608269213,0.14766244608269213,16.8428699798584,184.26447749137878,200.0
0.11177899588852691,0.11177899601418005,16.140897109985353,184.19876170158386,200.0
0.1297637901400756,0.1297637901400756,15.549868743896484,184.12995266914368,200.0
0.12866443900882338,0.12866443900882338,15.790816543579101,181.61276125907898,200.0
