True SPO,Unamb SPO,MSE,Elapsed,Epochs
0.16966882686082138,0.16966882686082138,150.17584033203124,324.8430926799774,200.0
0.15243584329080456,0.15243584329080456,124.74091638183594,327.8929147720337,200.0
0.1564848553855714,0.1564848553855714,132.84500146484376,303.72080659866333,200.0
0.1662515566621174,0.1662515566621174,134.00765759277343,332.41222071647644,200.0
0.22229148809002236,0.22229148809002236,132.45541857910158,320.1643521785736,200.0
0.16940372239533924,0.16940372239533924,131.30190808105468,317.4468626976013,200.0
0.1692902443334025,0.1692902443334025,117.93361547851562,312.6594407558441,200.0
0.15801742672817015,0.15801742672817015,160.2243779296875,320.34588074684143,200.0
0.10179931917625278,0.10179931917625278,105.81915710449219,321.0903015136719,200.0
0.14196704428387752,0.14196704428387752,113.01322644042969,301.83974266052246,200.0
