True SPO,Unamb SPO,MSE,Elapsed,Epochs
0.0019370157460574,0.0019370157460574,1.4519908919334412,1036.3491687774658,200.0
0.0053449079886453,0.0053449079886453,1.1483150367736816,866.7427935600281,200.0
0.0029369474102764,0.0029369474102764,1.1249124641418458,1030.8890085220337,200.0
0.0046190203379954,0.0046190203379954,1.1180883603096008,948.626448392868,200.0
0.0051294663246842,0.0051294663246842,1.3132659511566165,1254.695562362671,200.0
0.0056806153411697,0.0056806153411697,1.5380985498428346,978.444678068161,200.0
0.0060385620453208,0.0060385620453208,1.3550785675048829,1015.3670363426208,200.0
0.0055950989765728,0.0055950989765728,1.431165153503418,1081.996654510498,200.0
0.0015230842455925017,0.0015230842455925017,1.0501700954437256,720.8143048286438,200.0
0.004966767076516491,0.004966767304888708,1.1533525276184082,501.8027403354645,200.0
