True SPO,Unamb SPO,MSE,Elapsed,Epochs
0.0011574798223075848,0.0011574798223075848,4.298752349853515,307.5557186603546,20.0
0.003762118362017935,0.003762118362017935,4.432274436950683,261.3356819152832,20.0
0.0017039922103161392,0.0017039922103161392,4.474538074493408,257.8265657424927,20.0
0.0037730476258141486,0.0037730476258141486,4.512791400909424,221.01619577407837,20.0
0.003952150746307378,0.003952150746307378,4.7188993911743164,232.1431496143341,20.0
0.0042451671753701535,0.0042451671753701535,4.872497200012207,212.71103978157043,20.0
0.0041818948552003726,0.0041818948552003726,4.739217468261719,226.58117842674255,20.0
0.004069067990304183,0.004069067439511709,4.625274909973145,234.82410717010498,20.0
0.0005066658222220252,0.0005066658222220252,3.981535804748535,329.81480717658997,20.0
0.0032203814362785975,0.0032203814362785975,4.399984111785889,211.31467175483704,20.0
