True SPO,Unamb SPO,MSE,Elapsed,Epochs
0.17672936532428904,0.17672936532428904,83.60071362304687,371.43718338012695,20.0
0.1408361294999981,0.1408361294999981,79.9413955078125,382.821172952652,20.0
0.12220529033110696,0.12220529033110696,99.66170837402343,364.9888207912445,20.0
0.17309628530503657,0.17309628530503657,71.3257484741211,366.35476303100586,20.0
0.15987492691318636,0.15987492691318636,75.69988980102539,382.9251811504364,20.0
0.15410892528308434,0.15410892528308434,78.49538311767579,364.39453530311584,20.0
0.13920413386743805,0.13920413386743805,80.66201083374024,365.41154384613037,20.0
0.21705855028817922,0.21705855028817922,81.13036547851563,366.7406952381134,20.0
0.18811119657139191,0.18811119657139191,102.81874548339843,375.00139808654785,20.0
0.1963996267002397,0.1963996267002397,82.82659039306641,370.2376117706299,20.0
