True SPO,Unamb SPO,MSE,Elapsed,Epochs
0.11904157410308143,0.11904157410308143,13.25065672302246,474.9232404232025,1000.0
0.10694514343197362,0.10694514343198094,11.878645874023437,409.0014703273773,1000.0
0.12604332105522914,0.12604332105522914,13.060927703857422,897.0059957504272,1000.0
0.10307953018143201,0.10307953018143201,12.983110595703126,556.6997232437134,1000.0
0.11386764216789536,0.11386764216789536,13.91574257659912,662.0323576927185,1000.0
0.12267874078342253,0.12267874078342253,16.374318138122558,949.965975522995,1000.0
0.12833317014220982,0.12833317014220982,16.930328323364257,1103.1996576786041,1000.0
0.11299003119040735,0.11299003119040735,13.991002243041992,385.11592292785645,1000.0
0.127036747458555,0.127036747458555,16.19354553604126,665.6694555282593,1000.0
0.11915280665241959,0.11915280665241959,10.383437675476074,263.099641084671,1000.0
