True SPO,Unamb SPO,MSE,Elapsed,Epochs
0.012162397630206786,0.012162397630206786,14.35912385559082,191.79589653015137,200.0
0.009236473959180055,0.009236473959180055,14.16918571472168,187.73054552078247,200.0
0.009374302507219053,0.009374302507219053,11.521614479064942,196.25534415245056,200.0
0.008693662777368064,0.008693662782825433,14.193413772583007,197.89815282821655,200.0
0.014634487094357045,0.014634487094357045,13.951865043640137,190.1616566181183,200.0
0.011578216881509265,0.011578216893153062,13.964687561035156,185.08819246292114,200.0
0.008586799089562773,0.008586799089562773,14.343111022949218,183.70630860328674,200.0
0.013775223339745813,0.013775223339745813,15.99089276123047,179.72603034973145,200.0
0.007842588045317836,0.00784258805403038,11.90952293395996,183.75656414031982,200.0
0.013216775939177796,0.013216775939177796,14.016902069091797,179.58159565925598,200.0
