True SPO,Unamb SPO,MSE,Elapsed,Epochs
0.03623188405787857,0.03623188405787857,52.431996337890624,119.80471801757812,200.0
0.03470784906852755,0.03470784906852755,63.75361625671387,112.23662042617798,200.0
0.03214121728475042,0.03214121728475042,43.33965698242187,106.40138339996338,200.0
0.03441776849908833,0.03441776849908833,42.04441479492188,127.86219692230225,200.0
0.025846958796531466,0.025846958796531466,48.4962209777832,106.4378833770752,200.0
0.03243393321378017,0.03243393321378017,62.84312466430664,110.30252933502197,200.0
0.03512596899215351,0.03512596899215351,48.18894522857666,123.43988108634949,200.0
0.02885542002800502,0.02885542002800502,51.87470901489258,127.33518266677856,200.0
0.030767250257387312,0.030767250257387312,55.39992204284668,120.0347650051117,200.0
0.034134110778445616,0.034134112072196444,53.314762550354004,120.56621193885803,200.0
