True SPO,Unamb SPO,MSE,Elapsed,Epochs
0.1168708503483155,0.1168708503483155,22.65441683959961,36.917105197906494,20.0
0.16497407418720286,0.16497407418720286,21.76564288330078,36.04735088348389,20.0
0.1141218676955098,0.1141218676955098,22.42505369567871,36.465760707855225,20.0
0.18929787483800253,0.18929787483800253,22.63843212890625,34.887065172195435,20.0
0.1983231309286654,0.1983231309393252,21.901353881835938,35.460679054260254,20.0
0.19495778815690923,0.19495778815690923,21.402940505981444,35.66321611404419,20.0
0.19095638957035263,0.19095638957035263,21.611285263061525,35.322978258132935,20.0
0.19454481874287635,0.19454481884786723,23.284692291259766,34.43790650367737,20.0
0.09613998673903502,0.09613998673903502,22.535212600708007,34.60747265815735,20.0
0.16639369123395087,0.16639369123395087,22.403588272094726,34.83899426460266,20.0
