True SPO,Unamb SPO,MSE,Elapsed,Epochs
0.011031175059914248,0.011031175059914248,12.702511283874511,35.493502140045166,200.0
0.008327854481670217,0.008327854481670217,14.259111869812012,34.68392324447632,200.0
0.00988634070882411,0.00988634070882411,11.82587501525879,35.24460792541504,200.0
0.008932242030089575,0.008932242074441881,11.911917846679687,34.71136498451233,200.0
0.005413846954692299,0.005413846954692299,12.095866996765137,35.244507789611816,200.0
0.008317294473438557,0.008317294473438557,14.64788468170166,34.89571404457092,200.0
0.00915575428507344,0.00915575428507344,12.744740760803223,35.34405303001404,200.0
0.011178825141498039,0.011178825141498039,12.22221058654785,34.65567708015442,200.0
0.009678426475145946,0.009678426475145946,13.678481803894043,34.667497396469116,200.0
0.008566892621122913,0.008566892621122913,12.586792179107666,34.70338201522827,200.0
