True SPO,Unamb SPO,MSE,Elapsed,Epochs
0.04600801673923915,0.04600801673923915,24.131530746459962,1248.1712429523468,20.0
0.036793618694425365,0.036793618694425365,26.73052795410156,980.2625546455383,20.0
0.037441832716770214,0.037441832716770214,19.54648731994629,1322.4999256134033,20.0
0.04340476579954358,0.04340476579954358,20.105598892211916,989.2206358909607,20.0
0.034514689788605904,0.034514689788605904,16.049104331970216,1241.5453760623932,20.0
0.05751676026010559,0.05751676026010559,27.292517440795898,907.9892435073853,20.0
0.0421387651176521,0.0421387651176521,23.22851219177246,1067.4137134552002,20.0
0.046783150480707615,0.046783150480707615,22.88616756439209,1044.7285306453705,20.0
0.03444299223486214,0.03444299223486214,27.24255010986328,1108.750393152237,20.0
0.06099727913803932,0.06099727913803932,27.452540130615233,1021.7671549320221,20.0
