True SPO,Unamb SPO,MSE,Elapsed,Epochs
0.0012513295376298213,0.0012513295376298213,8.393577735900879,95.04344820976257,20.0
0.005245261177813466,0.005245261177813466,9.984599594116212,58.41096115112305,20.0
0.002829844206417874,0.002829844206417874,8.803014617919922,81.95879793167114,20.0
0.005801950594412323,0.005801950594412323,11.509206939697266,50.903149366378784,20.0
0.006034087300165729,0.006034087300165729,11.83205078125,47.4608793258667,20.0
0.006034452513749309,0.006034452513749309,12.223084152221679,47.223135471343994,20.0
0.006149845375294666,0.006149845375294666,12.075557876586915,48.718263149261475,20.0
0.005696695209094556,0.005696695209094556,11.368127517700195,48.133599519729614,20.0
0.0006333322777775315,0.0006333322777775315,7.945149955749511,109.19360589981079,20.0
0.004687437420723694,0.004687440535628342,10.288719764709473,58.04719638824463,20.0
