True SPO,Unamb SPO,MSE,Elapsed,Epochs
0.23203518685668337,0.23203518685668337,124.0359755859375,348.69613695144653,200.0
0.20659029840133902,0.20659029840133902,116.45522766113281,345.22305703163147,200.0
0.23799891310839322,0.23799891310839322,118.12542456054688,340.3862235546112,200.0
0.2824118403406494,0.2824118403406494,118.73947888183594,345.49265813827515,200.0
0.2567964411355311,0.2567964411355311,115.6073013305664,344.1772212982178,200.0
0.2396541262128651,0.2396541262128651,112.52474237060547,347.64348101615906,200.0
0.24362873933129484,0.24362873933129484,115.45793676757812,342.4603497982025,200.0
0.17542725650858282,0.17542725650858282,117.24445971679687,339.66334986686707,200.0
0.2699767043692779,0.2699767043692779,116.49501123046875,341.8911201953888,200.0
0.21918797861517356,0.21918797861517356,112.66710913085937,339.3221402168274,200.0
