True SPO,Unamb SPO,MSE,Elapsed,Epochs
0.008773035520687793,0.008773035520687793,29.22717311859131,139.56085991859436,20.0
0.008032805302752407,0.008032805302752407,30.40379814147949,164.00969433784485,20.0
0.007087459730325528,0.007087459730325528,25.487990859985352,145.09977459907532,20.0
0.007197775233090142,0.007197775233090142,25.697459747314454,162.08207869529724,20.0
0.01035440693658177,0.01035440693658177,17.483813438415527,145.39622235298157,20.0
0.014843034905833701,0.014843034905833701,30.429269073486328,129.80479645729065,20.0
0.008936982813471835,0.008936982813471835,29.060555694580078,132.9195432662964,20.0
0.016632805092735656,0.016632805092735656,26.0239568939209,121.35959100723267,20.0
0.010737807847029195,0.010737807847029195,31.172186111450195,158.29008078575134,20.0
0.008412460436425085,0.008412460453950039,32.2207013092041,123.96796202659607,20.0
