True SPO,Unamb SPO,MSE,Elapsed,Epochs
0.1121574736243193,0.11215747362432002,44.374560607910155,194.85629653930664,200.0
0.10902946990917882,0.10902946990917882,47.55290426635742,192.40431141853333,200.0
0.10449143794800705,0.10449143794800705,34.99139186096191,202.6138994693756,200.0
0.11591645258546651,0.11591645258546651,49.899560211181644,189.5063602924347,200.0
0.09443881734410255,0.09443881734410255,43.03253863525391,190.28355240821838,200.0
0.1130665082544663,0.1130665082544663,51.339520935058594,183.32846021652222,200.0
0.10168888467170717,0.10168888467170717,45.35923858642578,187.88266277313232,200.0
0.09959710247771622,0.09959710247771622,81.28464294433594,185.32137250900269,200.0
0.09133231547044944,0.09133231547044944,34.075243850708006,183.07125806808472,200.0
0.09607315239250025,0.09607315239250025,41.535671180725096,184.37065243721008,200.0
