True SPO,Unamb SPO,MSE,Elapsed,Epochs
0.0739365651848451,0.0739365651848451,86.08021276855469,375.0068528652191,200.0
0.06036103131517409,0.06036103131517409,93.31160717773437,718.8948633670807,200.0
0.07956112660492334,0.07956112660492334,82.79360803222656,395.1659209728241,200.0
0.0792267804858047,0.0792267804858047,93.58373205566406,411.7662863731384,200.0
0.06976004523423063,0.06976004523423063,84.29501251220704,392.5494236946106,200.0
0.061464706092585364,0.061464706092585364,86.80648983764648,399.24588322639465,200.0
0.131601893372784,0.131601893372784,89.83144787597656,391.7816858291626,200.0
0.14726688102846539,0.14726688102846539,87.20599615478515,381.6034781932831,200.0
0.060884363721543135,0.060884363721543135,82.97617828369141,393.15867948532104,200.0
0.10153760480122037,0.10153760480662152,90.56014862060547,383.2614951133728,200.0
