True SPO,Unamb SPO,MSE,Elapsed,Epochs
0.11270654548993773,0.11270654548993773,5.085217949599294,0.0462946891784668,0.0
0.09516523544249846,0.09516523544249846,4.108217929500165,0.028502464294433594,0.0
0.10971797002527917,0.10971797002527917,4.534849164983732,0.029290199279785156,0.0
0.1101729362437119,0.1101729362437119,3.6464949369595723,0.029029130935668945,0.0
0.10059247075764706,0.10059247075764706,4.248252046863707,0.028820514678955078,0.0
0.10712558873551875,0.10719004405673466,5.751771387284445,0.029293298721313477,0.0
0.10530148251379312,0.10530148251379312,5.009070691500891,0.028613805770874023,0.0
0.1083528097865601,0.1083528097865601,4.498109702790838,0.028805017471313477,0.0
0.09532246326517417,0.09558017833286732,4.8526829295757725,0.028795480728149414,0.0
0.09891933796890379,0.09891933796890379,4.973011697987742,0.02881336212158203,0.0
