True SPO,Unamb SPO,MSE,Elapsed,Epochs
0.021891058581631068,0.021891058581631068,9.842407196044922,560.5669910907745,200.0
0.02100226459193147,0.02100226459193147,10.110371213912964,425.9370439052582,200.0
0.02353890644958121,0.02353890644958121,8.85432698059082,545.4833545684814,200.0
0.020256381507567155,0.020256381507567155,8.109705444335937,485.6251220703125,200.0
0.019711955578623243,0.019711955578623243,7.551591171264649,534.4035491943359,200.0
0.015466043442344425,0.015466043442344425,11.10310424041748,473.32850217819214,200.0
0.015862876610185376,0.015862876610185376,7.494887833595276,501.7895255088806,200.0
0.017994302405185552,0.017994302405185552,8.123775325775146,495.3590033054352,200.0
0.022964581815579265,0.022964581815579265,9.318029310226441,558.3507041931152,200.0
0.01794616152307843,0.017946162219699854,8.797495212554931,454.23518204689026,200.0
