True SPO,Unamb SPO,MSE,Elapsed,Epochs
0.008816867049977986,0.008816867049977986,14.002631797790528,177.30301332473755,200.0
0.007517276251449461,0.007517276251454976,15.323675315856933,171.47920155525208,200.0
0.008890707536608545,0.008890707536688702,11.491926712036133,173.7604522705078,200.0
0.009118541033404847,0.009118541033404847,14.444195831298828,171.9801595211029,200.0
0.00855715832486271,0.008557158333912513,13.183167991638184,169.87952089309692,200.0
0.011979984659731983,0.011979984659731983,14.107133163452149,172.61174631118774,200.0
0.0105869370301035,0.010586937056224374,13.522417724609374,175.68306279182434,200.0
0.008621228212630033,0.008621228212630033,15.872186553955078,171.73120307922363,200.0
0.007667530284967202,0.007667530303279169,12.258285308837891,172.28282022476196,200.0
0.009400908870123839,0.009400908870123839,13.691309814453126,173.4487829208374,200.0
