True SPO,Unamb SPO,MSE,Elapsed,Epochs
0.0171790851454864,0.0171790851454864,2.770916795730591,1652.312005996704,20.0
0.0210202219856278,0.0210202219856278,3.1639010276794437,1401.1784431934357,20.0
0.0229244916460855,0.0229244916460855,2.4973517246246337,1500.7256910800934,20.0
0.0146352039893953,0.0146352039893953,2.526563028335571,1385.5483152866364,20.0
0.0204528328966936,0.0204528328966936,2.000116135597229,1723.9069712162018,20.0
0.0260890135513294,0.0260890135513294,2.903004547119141,1443.7464108467102,20.0
0.017959943465759,0.017959943465759,2.609720703125,1554.263132095337,20.0
0.0142764904225042,0.0142764904225042,2.6289442958831786,1384.3033285140991,20.0
0.019977188634317508,0.019977188677219863,3.0590307359695434,2855.3595225811005,20.0
0.0316162752632308,0.0316162752632308,2.8571720390319824,1583.4467253684998,20.0
