True SPO,Unamb SPO,MSE,Elapsed,Epochs
0.0918932822033533,0.0918932822033533,31.78234196472168,849.0479850769043,20.0
0.09985096870201852,0.09985096870317114,33.78085119628906,828.2734742164612,20.0
0.07720703387158886,0.07720703387158886,29.94639269256592,856.4878797531128,20.0
0.0841422307826643,0.0841422307826643,27.67171240234375,791.5802092552185,20.0
0.07482975101065431,0.07482975101065431,16.16212883758545,848.1861646175385,20.0
0.08899665165664704,0.08899665165664704,35.77631999969483,737.7658207416534,20.0
0.07330620062228081,0.07330620062228081,34.21833169555664,805.5883710384369,20.0
0.09329878754315717,0.09329878754315717,28.32172457885742,808.4967997074127,20.0
0.08341087490734757,0.08341087490734757,36.73434938430786,839.6046731472015,20.0
0.0963243296842161,0.09632432992872537,35.04717761230469,780.2674486637115,20.0
