True SPO,Unamb SPO,MSE,Elapsed,Epochs
0.19993591797442564,0.19993591800270022,23.323594604492186,178.95631504058838,200.0
0.12349031254384531,0.12349031254384531,26.39608154296875,177.9878854751587,200.0
0.18223537225957903,0.18223537225957903,26.41340954589844,173.55128145217896,200.0
0.11629688397637322,0.11629688397637322,26.29210092163086,175.48088550567627,200.0
0.2016689442613274,0.2016689442613274,23.289203811645507,176.6489737033844,200.0
0.18483009708681786,0.18483009708681786,25.978739669799804,173.12373232841492,200.0
0.19289490003782034,0.19289490003782034,25.75095260620117,176.4435794353485,200.0
0.14528014065169148,0.14528014065169148,26.858430786132814,180.35636687278748,200.0
0.1028375761315141,0.1028375761315141,25.30748016357422,178.5238380432129,200.0
0.1164571593696967,0.1164571593696967,24.883182678222656,185.5769898891449,200.0
