True SPO,Unamb SPO,MSE,Elapsed,Epochs
0.0094977100382555,0.0094977100382555,0.2677694034576416,1944.831150054932,200.0
0.0081685999019434,0.0081685999019434,0.261363897562027,1511.4446868896484,200.0
0.007448245646035,0.007448245646035,0.2166646274328232,1813.604221105576,200.0
0.0065328042963948,0.0065328042963948,0.2098248864412307,1772.4337685108185,200.0
0.0139229181396372,0.0139229183801722,0.2919718736410141,3076.335244894028,200.0
0.0181867959949226,0.0181867959949226,0.4680086197853088,1972.838927268982,200.0
0.0159500967270087,0.0159500967270087,0.2779682433605194,1923.876951932907,200.0
0.0111322399175535,0.0111322399175535,0.2834838843345642,2036.352327823639,200.0
0.0031628686837772,0.0031628686837772,0.2085131998062133,1989.3319981098173,200.0
0.0042717796926248506,0.004271781621994883,0.20488162100315094,1327.2057378292084,200.0
