True SPO,Unamb SPO,MSE,Elapsed,Epochs
0.15040790172803298,0.15040790175809085,5.457123355865479,1966.0298874378204,200.0
0.14416052361857737,0.14416052361857737,6.226567195892334,1417.4380068778992,200.0
0.11114214773398155,0.11114214773398155,4.475102836608887,1804.7770249843597,200.0
0.13250623739658735,0.13250623743985332,4.64685786819458,1379.1548156738281,200.0
0.11739437071194013,0.11739437071194013,4.860125226974487,1900.1107668876648,200.0
0.12741007648989378,0.12741007648989378,6.1410214233398435,1490.846513748169,200.0
0.12876424419517005,0.12876424419517005,4.925938390731812,1723.0467655658722,200.0
0.12742782152189164,0.12742782152189164,5.370338054656982,1746.8815755844116,200.0
0.11263639563497924,0.11263639563497924,5.446531623840332,1768.122349023819,200.0
0.12289880574701939,0.12289880574701939,5.1661753063201905,1223.4886708259583,200.0
