True SPO,Unamb SPO,MSE,Elapsed,Epochs
0.08572029836068529,0.08572029844808413,26.139560997009276,637.41783618927,20.0
0.09656200215813618,0.09656200215813618,29.211430297851564,718.1377754211426,20.0
0.07434337106789041,0.07434337113296194,24.380067459106446,736.7655029296875,20.0
0.08155713815018487,0.08155713815018487,22.8858756942749,723.6062529087067,20.0
0.07509576505619521,0.07509576510509265,13.711847785949708,802.299191236496,20.0
0.08895046761323415,0.08895046761323415,28.36706053161621,694.0851821899414,20.0
0.0779985635621786,0.07830978990959601,28.295642669677733,735.430383682251,20.0
0.09915983297253318,0.09915983297253318,23.601822662353516,714.4308648109436,20.0
0.08388805382558183,0.08388805382558183,30.286887168884277,726.0116438865662,20.0
0.08717403701568983,0.08717403701568983,29.36231233215332,695.600604057312,20.0
