True SPO,Unamb SPO,MSE,Elapsed,Epochs
0.1204325946296989,0.1204325946296989,16.224967620849608,33.72425818443298,200.0
0.12227694952192562,0.12227694952192562,17.476785636901855,33.18899464607239,200.0
0.09655493482279157,0.09655493482279157,16.003232955932617,33.008400678634644,200.0
0.10991489797973301,0.10991489797973301,15.083965766906738,33.45115804672241,200.0
0.10200679617842531,0.10200679617842531,15.695257301330566,33.245343923568726,200.0
0.10926733674660451,0.10926733674660451,17.9721672668457,33.19610285758972,200.0
0.09940560244294307,0.09940560244294307,15.651922283172608,33.11331748962402,200.0
0.10977690288677894,0.10977690288677894,16.319131958007812,33.56540060043335,200.0
0.10146875299957932,0.10146875299957932,17.52803483581543,33.13314414024353,200.0
0.11354891038486908,0.11354891038486908,16.700324935913088,33.127827405929565,200.0
