True SPO,Unamb SPO,MSE,Elapsed,Epochs
0.09592791569524926,0.09592791569524926,2.9989016318019988,596.4779760837555,0.0
0.09739752081387425,0.09739752081387425,3.463696539124431,595.139970779419,0.0
0.10231488746298185,0.10231488746298185,4.035619788596866,596.0401623249054,0.0
0.11110469660123204,0.11110469660123204,4.5852793907054705,596.7992744445801,0.0
0.10861089841286853,0.10861089841286853,3.298637062629482,596.2254014015198,0.0
0.1107135654813895,0.1107135654813895,3.324751365241359,597.5139224529266,0.0
0.09131974614670481,0.09131974614670481,3.7104349532853877,600.9145805835724,0.0
0.11243429870154019,0.11243429870154019,4.659944879027096,596.5651013851166,0.0
0.09832265225451041,0.09832265225451041,3.6028889260302894,624.5970208644867,0.0
0.11028829677242011,0.11028829677242011,4.181992211830578,596.4246263504028,0.0
