True SPO,Unamb SPO,MSE,Elapsed,Epochs
0.02324335357446741,0.02324335357446741,34.6384873046875,503.1977074146271,1000.0
0.015355851925675294,0.015355851925675294,27.195198684692382,565.6116616725922,1000.0
0.02972171210614572,0.02972171212575471,27.504783599853514,861.9858775138855,1000.0
0.024343519297205067,0.024343519297205067,32.21501103210449,659.6389276981354,1000.0
0.026436124606955026,0.026436124606955026,22.71865874481201,565.1825003623962,1000.0
0.04091249607297815,0.04091249607297815,41.579127365112306,1006.3527474403381,1000.0
0.04054995711824467,0.04054995727829768,46.01246051025391,1045.5046243667603,1000.0
0.025026610886885098,0.02502661090326535,30.318685638427734,712.4698171615601,1000.0
0.03773167494214215,0.03773167494214215,50.17873369598389,806.9373404979706,1000.0
0.02534998108203516,0.02534998108203516,22.25628582763672,333.6390724182129,1000.0
