True SPO,Unamb SPO,MSE,Elapsed,Epochs
0.016122435067093453,0.016122435067093453,2.7851822414398195,564.0250895023346,20.0
0.01778926562255668,0.01778926563058803,3.20190149307251,495.13510608673096,20.0
0.01926563916584877,0.01926563916584877,2.6007686100006104,568.9107184410095,20.0
0.006829761861717812,0.006829761861717812,2.616745044708252,531.4954123497009,20.0
0.01033406293727678,0.01033406293727678,1.965930214881897,588.631801366806,20.0
0.013821770132763943,0.013821770132763943,3.0196979751586914,493.6489853858948,20.0
0.009962425454135053,0.009962425454135053,2.701493236541748,616.8369195461273,20.0
0.008501327103434991,0.008501326801744737,2.7589444131851195,590.5909633636475,20.0
0.012788165762234167,0.012788165762234167,3.1244449157714844,641.6826498508453,20.0
0.01791713273629267,0.017917133792583913,2.944440498352051,538.580705165863,20.0
