True SPO,Unamb SPO,MSE,Elapsed,Epochs
0.003956444102083413,0.003956444102083413,12.675594627380372,149.72042870521545,20.0
0.004837727869782342,0.004837727869782342,11.94621109008789,150.51907181739807,20.0
0.004678789487640434,0.0046787895141738554,12.947757736206055,148.00769424438477,20.0
0.0033328395793092397,0.0033328395793092397,10.293242179870605,149.6151032447815,20.0
0.003660900150729808,0.003660900150729808,11.511812828063965,151.20166182518005,20.0
0.002767850886403308,0.002767850893427016,12.227873748779297,147.88571310043335,20.0
0.0030876764386431606,0.0030876764386431606,10.9651870803833,147.98910188674927,20.0
0.003938883771151047,0.003938883771151047,11.492151977539063,151.3733627796173,20.0
0.005188617673915975,0.005188617686039976,14.497895835876465,151.54073929786682,20.0
0.003035972746838578,0.003035972746838578,12.812168937683106,150.5881597995758,20.0
