True SPO,Unamb SPO,MSE,Elapsed,Epochs
0.12097746747026031,0.12097746747026031,13.545100410461426,404.37613677978516,1000.0
0.1079516859583922,0.10795168597806713,11.993459564208985,367.73619627952576,1000.0
0.12567161152932899,0.12567161152932899,12.712978746414185,1332.2063002586365,1000.0
0.10378075147518324,0.10378075147518324,13.236112869262696,498.5927937030792,1000.0
0.11300299301591951,0.11300299301591951,10.76898405456543,548.6989448070526,1000.0
0.11787560803953291,0.11787560806165863,16.651791633605956,792.0251445770264,1000.0
0.12908384738363168,0.12908384738363168,17.258818489074706,959.3558673858643,1000.0
0.11375451042714893,0.11375451042714893,15.28552310180664,344.9148623943329,1000.0
0.12584831899882457,0.12584831899882457,16.11773122406006,581.2719264030457,1000.0
0.1193801975048097,0.1193801975048097,10.880712890625,250.30981469154358,1000.0
