True SPO,Unamb SPO,MSE,Elapsed,Epochs
0.1878958684403861,0.1878958684870615,7.134910221099854,1922.2541632652285,300.0
0.161657559198052,0.161657559198052,5.434138729095459,2306.057586669922,300.0
0.173164966036766,0.173164966036766,6.3805268936157225,3129.0985872745514,300.0
0.1902834008091623,0.1902834008091623,6.217944881439209,2528.464423418045,300.0
0.1055926544237462,0.1055926544237462,6.486026126861573,3155.6950554847717,300.0
0.1788821356209662,0.1788821356209662,6.202701557159424,2436.327397108078,300.0
0.1320357569769449,0.1320357569769449,6.875835815429688,2720.6235098838806,300.0
0.1834420353703175,0.183442035013297,5.820227478027344,2295.6616110801697,300.0
0.18018859661874817,0.18018859661874817,7.961269889831543,3252.622530221939,300.0
0.19227369165431318,0.19227369165431318,7.283643203735352,1641.950778245926,300.0
