True SPO,Unamb SPO,MSE,Elapsed,Epochs
0.0029657994518790935,0.0029657994518790935,0.2669341390132904,580.673172712326,20.0
0.002451795212755769,0.002451795212755769,0.2798847904205322,572.442355632782,20.0
0.0020519097159651107,0.0020519097159651107,0.27503127098083496,518.3060970306396,20.0
0.0020955242764427663,0.0020955242764427663,0.2733679151535034,432.7367525100708,20.0
0.002285173949007978,0.002285173949007978,0.22804384326934815,497.89972829818726,20.0
0.0029063008602537924,0.0029063008602537924,0.31576674509048464,428.9275276660919,20.0
0.0027383327465370327,0.0027383327465370327,0.24795941257476806,433.3058080673218,20.0
0.0023736994105219224,0.0023736994105219224,0.2847431057691574,457.1228015422821,20.0
0.002201974183742589,0.002201974183742589,0.24040111422538757,579.431646823883,20.0
0.0018220070096849094,0.0018220098793350797,0.24713412189483644,434.28470611572266,20.0
