True SPO,Unamb SPO,MSE,Elapsed,Epochs
0.03037374916010617,0.030373749180787463,29.25540968322754,1453.155479669571,1000.0
0.019257367805017352,0.019257367857482173,12.408093338012696,1591.0700361728668,1000.0
0.015148267238245272,0.015148267253413913,16.62284105682373,1334.5246849060059,1000.0
0.010113780025254714,0.010113779145642552,13.433120361328125,308.187381029129,1000.0
0.010164913278326113,0.010164913278326113,11.234914054870606,605.4321885108948,1000.0
0.013513987854914127,0.013513987854914127,11.45062882232666,1134.5165584087372,1000.0
0.013643974208209026,0.013643974229892442,21.241708709716796,1432.890346288681,1000.0
0.013002488413628022,0.013002488413628022,9.194279457092286,399.51515197753906,1000.0
0.009409081188932179,0.009409081193783623,15.605913131713868,448.85997772216797,1000.0
0.0029770298643007832,0.0029770298643007832,8.891616973876953,305.642596244812,1000.0
