True SPO,Unamb SPO,MSE,Elapsed,Epochs
0.09541851061767194,0.09541851061767194,11.352641464233399,423.68743872642517,300.0
0.08833129334935287,0.08833129334935287,9.98367904663086,425.57571601867676,300.0
0.09879323674712161,0.09879323674712161,11.839600540161133,425.2838599681854,300.0
0.08982706002004127,0.08982706002004127,10.161444473266602,430.7488040924072,300.0
0.09031224979955065,0.09031224979955065,11.73388621520996,417.97990822792053,300.0
0.09597473331368728,0.09597473331368728,12.824722217559815,417.8804774284363,300.0
0.08642586658873747,0.08642586658873747,13.894561172485352,420.7529957294464,300.0
0.09574292957529469,0.09574292958543447,10.406850784301758,419.7921335697174,300.0
0.08710778944627566,0.08710778944627566,11.562598327636719,416.1252567768097,300.0
0.08612720525979387,0.08612720525979387,11.22053857421875,412.43712043762207,300.0
