True SPO,Unamb SPO,MSE,Elapsed,Epochs
0.08208689035245503,0.08208689035245503,39.92933096313477,1355.2348890304565,300.0
0.07805923718380765,0.0780592372449197,31.008628875732423,985.89901304245,300.0
0.09141955182918951,0.09141955182918951,33.77215133666992,1507.0212109088898,300.0
0.07642205818476872,0.07642205818476872,28.615843536376953,925.9530849456787,300.0
0.07384357017590615,0.07384357017590615,37.26743310546875,1304.2628960609436,300.0
0.09578361933713034,0.09578361933713034,44.1982352142334,1958.984010219574,300.0
0.07504490719163719,0.07504490719163719,39.481751693725585,2745.4476702213287,300.0
0.09692065746728662,0.09692065750640427,32.768522155761715,1031.2759506702423,300.0
0.07063033035959555,0.07063033035959555,37.80184625244141,1477.9901230335236,300.0
0.07490406376051632,0.07490406376051632,39.419823059082034,1750.4967725276947,300.0
