True SPO,Unamb SPO,MSE,Elapsed,Epochs
0.11629844379980572,0.11629844379980572,2.266444807052612,861.920814037323,20.0
0.12008098656315082,0.12015461071187132,2.2266964178085327,695.3209710121155,20.0
0.10358539765285663,0.10358539765285663,2.3183471660614012,769.0011465549469,20.0
0.12458477569102211,0.12458477569102211,2.169369963645935,662.0888931751251,20.0
0.13132987910144617,0.13132987910144617,2.019257008552551,794.4760570526123,20.0
0.12797416723273972,0.12797416723273972,2.3734907245635988,603.8083734512329,20.0
0.12544889502719112,0.12544889502719112,2.2505011138916013,1139.3418073654175,20.0
0.12470107094539666,0.12470107094539666,2.186595294952393,978.5322268009186,20.0
0.10690270344412342,0.10690270344412342,2.255532934188843,853.6020712852478,20.0
0.11454227012751761,0.11454227012751761,2.193605401992798,996.4649562835693,20.0
