True SPO,Unamb SPO,MSE,Elapsed,Epochs
0.014247733315105843,0.014247733315105843,3.043975456237793,924.3015530109406,20.0
0.011973544169028533,0.011973544169028533,3.1467539291381836,797.2611827850342,20.0
0.013825929283726765,0.013825929283726765,2.8095639152526855,879.806360244751,20.0
0.006107035738784711,0.006107035738784711,2.8112991638183593,767.3315279483795,20.0
0.00516703146863839,0.00516703146863839,1.9361608800888062,908.1858565807343,20.0
0.0077050454529833225,0.0077050454529833225,3.3728314599990843,755.6784348487854,20.0
0.006032610569112922,0.006032610569112922,2.947349447250366,848.3022041320801,20.0
0.005165363368946247,0.005165363368946247,2.8696214561462403,781.8646693229675,20.0
0.012269726609711162,0.012269726609711162,3.389284924507141,871.3228509426117,20.0
0.015976109966609763,0.015976111022900974,3.2039865951538085,741.3122923374176,20.0
