True SPO,Unamb SPO,MSE,Elapsed,Epochs
0.1432945660464265,0.1432945660464265,2.3695625639673787,596.3514225482941,0.0
0.1360711062730273,0.1360711062730273,2.4155569766260516,596.3697848320007,0.0
0.1405293842256937,0.1403895192003385,2.238033525668817,597.5321803092957,0.0
0.1334429891558552,0.1334429891558552,1.962281988300484,597.4530031681061,0.0
0.1255242820482924,0.1255242820482924,2.285718262647383,595.2868492603302,0.0
0.1403532793567731,0.1403532793567731,2.292112639142702,596.2398829460144,0.0
0.1402319682702638,0.1402319682702638,2.313462421546203,596.8388690948486,0.0
0.1005448047321696,0.1005448047321696,2.4067682735906444,598.5891122817993,0.0
0.1057671414975617,0.1057671416601958,2.366442262015265,595.9014265537262,0.0
0.14059433205094155,0.14059433205094155,2.257697518250383,597.1189785003662,0.0
