True SPO,Unamb SPO,MSE,Elapsed,Epochs
0.11603744756475251,0.11603744756475251,15.487946228027344,46.483601093292236,20.0
0.161138894854229,0.161138894854229,14.353771835327148,47.07985973358154,20.0
0.11681252378073378,0.11681252378073378,15.481423477172852,45.015758752822876,20.0
0.1819009040736706,0.1819009040736706,15.000428184509277,48.52396202087402,20.0
0.18448460935859906,0.18448460939477596,14.817159194946289,46.334466218948364,20.0
0.18149641706988454,0.18149641706988454,15.67122240447998,44.849303245544434,20.0
0.18619197942188065,0.1861919794324368,15.079436614990234,44.70687985420227,20.0
0.182043361696637,0.182043361696637,14.988004821777343,44.359151124954224,20.0
0.09556343509442312,0.09556343509442312,14.535384086608886,43.8637490272522,20.0
0.16314831665100651,0.16314831665100651,14.507070495605468,45.06826591491699,20.0
