True SPO,Unamb SPO,MSE,Elapsed,Epochs
0.07130683754832877,0.07130683754832877,30.489939239501954,60.331928968429565,20.0
0.06526531853403807,0.06526531874181676,31.52398294067383,60.13830351829529,20.0
0.043096749125621364,0.043096749125621364,27.97137760925293,60.979997634887695,20.0
0.03888266541380088,0.03888266541380088,27.283001403808594,60.764183044433594,20.0
0.05733969643669547,0.05733969643669547,25.116371429443358,60.50411343574524,20.0
0.10246358690107646,0.10246358690107646,30.921046600341796,60.78317952156067,20.0
0.11954910544962064,0.11954910546733695,27.953982543945312,61.173760414123535,20.0
0.05976038453239199,0.05976038453239199,29.680792495727538,61.24831295013428,20.0
0.044689454947483186,0.044689454947483186,28.163822189331054,60.81362771987915,20.0
0.08215752199689806,0.08215752199689806,28.09601641845703,60.38846731185913,20.0
