True SPO,Unamb SPO,MSE,Elapsed,Epochs
0.21289796393867672,0.21289796393867946,16.30950079345703,651.4710781574249,1000.0
0.2086761187927864,0.2086761187927864,11.686188789367677,708.2753999233246,1000.0
0.19569583071008093,0.19569583071008093,14.422651222229003,889.5429048538208,1000.0
0.15432413160804134,0.15432413160804134,17.810703506469725,338.00149846076965,1000.0
0.20349798416091597,0.20349798416276504,11.97278614807129,754.1417531967163,1000.0
0.20589342055615853,0.20589342055690538,15.247862152099609,868.6789915561676,1000.0
0.20350045365351507,0.20350045365351507,14.978202880859374,882.884027004242,1000.0
0.20263195537061182,0.20274638821283722,16.037922622680664,296.8096444606781,1000.0
0.18760757314918508,0.18760757314918508,14.975834075927734,566.3968396186829,1000.0
0.12115362779572739,0.12115362779572739,11.051891815185547,326.6157343387604,1000.0
