True SPO,Unamb SPO,MSE,Elapsed,Epochs
0.006604986512701729,0.006604986512701729,32.98957105255127,107.16322231292725,20.0
0.00654420851587871,0.00654420851587871,34.45302737426758,145.05125188827515,20.0
0.006204510201631775,0.006204510201631775,29.739539428710938,90.17777442932129,20.0
0.006270789028828532,0.006270789028828532,30.2113302154541,113.83984231948853,20.0
0.008277913404584343,0.008277913430042388,21.912537368774416,81.71606373786926,20.0
0.011800212750137791,0.011800212750137791,34.099466003417966,102.19081950187683,20.0
0.006696371737729608,0.006696371737729608,33.2847487487793,99.80487632751465,20.0
0.014601110659583905,0.014601110659583905,30.531489196777343,95.46636605262756,20.0
0.008072576305045815,0.008072576305045815,35.33805420684814,124.37762594223022,20.0
0.006691098894978369,0.006691098894978369,36.52724267578125,99.33901262283325,20.0
