True SPO,Unamb SPO,MSE,Elapsed,Epochs
0.013411652002890535,0.013411652002890535,22.936761268615722,348.0448236465454,20.0
0.016009437135397542,0.016009437141849204,23.361350929260254,415.4608643054962,20.0
0.011669251879222839,0.011669251888047459,19.56563084411621,340.07532715797424,20.0
0.010142319646627018,0.010142319652547136,19.68902716064453,372.6584312915802,20.0
0.01200998961749864,0.01200998961749864,13.009261238098144,357.609094619751,20.0
0.01833114810870462,0.01833114810870462,23.0791103515625,339.8464250564575,20.0
0.012654360280044165,0.012654360280044165,22.73121629333496,304.9882619380951,20.0
0.021590139509625923,0.021590139509625923,19.778829696655272,380.85202836990356,20.0
0.015068809102752188,0.015068809102752188,24.744808387756347,362.7872564792633,20.0
0.014437225831488596,0.014437225831488596,25.69611668395996,351.8448808193207,20.0
