True SPO,Unamb SPO,MSE,Elapsed,Epochs
0.15295411376536053,0.15295411376536053,38.88020700073242,61.769190549850464,20.0
0.15630406773364144,0.15630406773364144,37.41577297973633,60.93045401573181,20.0
0.1272816166879815,0.1272816166879815,37.72603140258789,60.95280194282532,20.0
0.16168397496359424,0.16168397496359424,36.80704364013672,62.09781289100647,20.0
0.18017271157105294,0.18017271157105294,35.246341400146484,61.00247359275818,20.0
0.1753569000673849,0.1754248802768226,36.81250875854492,61.71038770675659,20.0
0.1650897790049548,0.1650897790049548,36.86089959716797,62.03944396972656,20.0
0.1714206494985914,0.1714206494985914,37.063666015625,60.80401277542114,20.0
0.1748318924105433,0.1748318924105433,37.075932830810544,61.02212858200073,20.0
0.13666228764824281,0.13666228764824281,35.17889178466797,60.9926381111145,20.0
