True SPO,Unamb SPO,MSE,Elapsed,Epochs
0.08586783344806347,0.08586783344806347,40.645016021728516,478.77906680107117,300.0
0.07740569367088226,0.07740569367088226,32.94303601074219,490.2771999835968,300.0
0.09214407700643755,0.09214407700643755,34.61725064086914,491.74578642845154,300.0
0.07834889274837617,0.07834889274837617,28.44547634887695,502.178151845932,300.0
0.07295448371224975,0.07295448371224975,38.59547790527344,511.28057765960693,300.0
0.10001426058824923,0.10001426058824923,45.004975662231445,511.2313539981842,300.0
0.07238374026994793,0.07238374026994793,45.9166983795166,478.79828548431396,300.0
0.08946327110366918,0.08946327110366918,34.20723504638672,480.48429584503174,300.0
0.07173316341517563,0.07173316341517563,39.549398040771486,500.7444803714752,300.0
0.07529764833200016,0.07529764833200016,42.14036419677734,509.87935066223145,300.0
