True SPO,Unamb SPO,MSE,Elapsed,Epochs
0.187464297047961,0.187464297047961,105.72651202392578,355.9117136001587,200.0
0.19407398087508154,0.19407398087508154,117.09380261230469,324.47150015830994,200.0
0.20438712106883705,0.20438712106883705,96.5313994140625,307.58564615249634,200.0
0.18268954279631078,0.18268954279631078,102.38127978515625,317.69342160224915,200.0
0.1807396146595038,0.1807396146595038,87.55585363769531,302.4169850349426,200.0
0.1608092641211849,0.1608092641211849,95.38568798828125,290.4793062210083,200.0
0.17836036715648698,0.17836036715648698,91.01661297607421,299.95960903167725,200.0
0.190286492048633,0.190286492048633,91.298962890625,301.0231101512909,200.0
0.1387179996027026,0.1387179996027026,106.0704951171875,303.4010307788849,200.0
0.16542344447390603,0.16542344447390603,118.90075799560547,299.2429873943329,200.0
