True SPO,Unamb SPO,MSE,Elapsed,Epochs
0.15998284366249677,0.15998284366249677,23.16051663208008,1122.6976971626282,200.0
0.1761501799431569,0.1761501799431569,31.646849380493165,827.6759836673737,200.0
0.1566181233651865,0.1566181233651865,19.53218588256836,935.2140345573425,200.0
0.14976377107229205,0.14976377107229205,18.276434295654298,808.4562425613403,200.0
0.1217918574430843,0.1217918574430843,22.810799781799318,989.471862077713,200.0
0.2503654109098723,0.2503654109098723,36.11393614196778,765.1916279792786,200.0
0.14441458343860752,0.14441458343860752,22.86362741088867,769.8445165157318,200.0
0.16706437855359701,0.16706437855359701,27.009085800170897,905.6656444072723,200.0
0.125809503019414,0.125809503019414,24.233988723754884,749.2739570140839,200.0
0.1597174230204005,0.1597174230204005,23.647392196655275,798.8075654506683,200.0
