True SPO,Unamb SPO,Elapsed,Epochs
0.0046701465668594865,0.0046701465668594865,9.219116926193237,0.0
0.00493627371783426,0.0049767349778165075,9.161064863204956,0.0
0.005192315580633286,0.005392020026042259,9.90537405014038,0.0
0.004369587843393495,0.004369587843393495,9.187620401382446,0.0
0.004429429595699309,0.004429429595699309,8.952821016311646,0.0
0.0074931883111551655,0.007573329362611371,10.17835807800293,0.0
0.005079626753144795,0.005113948555530909,9.971969842910767,0.0
0.005559110764642088,0.005559110764642088,10.02020525932312,0.0
0.006616517924324285,0.006616517924324285,9.737608194351196,0.0
0.006946089152501743,0.007064488399419386,9.502841472625732,0.0
