True SPO,Unamb SPO,MSE,Elapsed,Epochs
0.1390247169933049,0.1390247169933049,14.84651969909668,67.00798225402832,200.0
0.13702834446601542,0.13702834446601542,15.238060218811036,60.162299394607544,200.0
0.11206783225939244,0.11206783225939244,15.076652313232422,59.484516859054565,200.0
0.1418782176455108,0.14187821765319616,14.727342994689941,59.73812937736511,200.0
0.15343933396972348,0.15343933396972348,14.664382064819335,64.22846698760986,200.0
0.14855860521267544,0.14855860521267544,15.459144783020019,63.37487435340881,200.0
0.14520347316614288,0.14520347316614288,15.970416275024414,55.65382528305054,200.0
0.15025169241398975,0.15025169241398975,15.449164611816407,56.054449796676636,200.0
0.12473733163345366,0.12473733163345366,16.256315017700196,58.619762659072876,200.0
0.13576421232744829,0.13576421416683807,16.474860054016112,56.2590856552124,200.0
