True SPO,Unamb SPO,MSE,Elapsed,Epochs
0.12561082248823205,0.12561082248823205,63.38896328735352,310.4792606830597,20.0
0.07367642497536879,0.07367642497536879,60.61897705078125,320.342084646225,20.0
0.07740530073804332,0.07740530073804332,77.63066809082031,311.5862593650818,20.0
0.08551661562865624,0.08551661562865624,55.8624453125,317.3112905025482,20.0
0.07002778231718138,0.07002778231718138,56.32708428955078,345.87858533859253,20.0
0.09104739312028506,0.09104739312028506,59.03121873474121,309.05387449264526,20.0
0.07893045378563072,0.07893045378563072,52.21305517578125,309.0480179786682,20.0
0.13506923896287118,0.13506923896287118,61.8240166015625,297.10025930404663,20.0
0.14225843459497026,0.14225843459497026,79.4959443359375,312.5927617549896,20.0
0.11617306000555494,0.11617306000555494,65.15051821899414,296.84755516052246,20.0
