True SPO,Unamb SPO,MSE,Elapsed,Epochs
0.1350375008596469,0.1350375008596469,7.051519172668457,1415.3873419761658,300.0
0.1155811677716806,0.1155811671259915,4.449362045288086,1495.7126150131226,300.0
0.1234863368323145,0.1234863366194692,4.834931732177735,1615.0921301841736,300.0
0.1352780501466056,0.1352780501466056,4.015678695678711,1481.069791316986,300.0
0.1131782945732619,0.1131782945732619,5.49052400970459,1785.0009274482727,300.0
0.1307542836949982,0.1307542836949982,4.981841154098511,1562.2486381530762,300.0
0.1041666666663417,0.1041666666663417,5.986857215881348,1847.3215751647951,300.0
0.1294785136408451,0.1294785136408451,3.7830998764038086,1606.1701488494873,300.0
0.1288301076753494,0.1288301076753494,6.134039474487305,1799.118586063385,300.0
0.1332352116619945,0.1332352116619945,5.321408645629883,1471.3547768592834,300.0
