True SPO,Unamb SPO,MSE,Elapsed,Epochs
0.19736765645825624,0.19736765645825624,57.600793365478516,322.0622239112854,20.0
0.14586015713233869,0.14586015713233869,48.46810943603516,298.54047536849976,20.0
0.12889860090209468,0.12889860090209468,50.04970690917969,324.4134964942932,20.0
0.19910803356552106,0.19910803356552106,56.01226031494141,311.53395891189575,20.0
0.19498820754659496,0.19498820754659496,53.91840374755859,327.2031753063202,20.0
0.1834120828498903,0.1834120828498903,53.23383908081055,318.7340235710144,20.0
0.1090367204630573,0.1090367204630573,41.454179748535154,304.38404989242554,20.0
0.13016179037560857,0.13016179037560857,46.720204345703124,303.92856216430664,20.0
0.10410441450046765,0.10410441450046765,43.02186029052734,297.64688301086426,20.0
0.20614707840069996,0.20614707840069996,56.91046603393555,319.2176125049591,20.0
