True SPO,Unamb SPO,MSE,Elapsed,Epochs
0.004260685799971843,0.004260685820940163,11.68174299621582,74.38396453857422,20.0
0.0039911813896761775,0.0039911813896761775,11.974734092712403,91.6025059223175,20.0
0.004015023960613861,0.004015023960613861,11.958892143249512,68.1378321647644,20.0
0.002890904491732407,0.002890904491732407,12.054235008239747,68.49500513076782,20.0
0.003982920090408759,0.003982920090408759,10.724518417358398,72.49777936935425,20.0
0.004595992024586543,0.004595992024586543,12.481763458251953,65.95932173728943,20.0
0.003309317797913374,0.003309317797913374,12.367703552246093,70.05316925048828,20.0
0.0038381519477586694,0.0038381519477586694,12.230427185058593,60.866753339767456,20.0
0.004354888881193257,0.004354888881193257,13.06972283935547,67.9097044467926,20.0
0.003396790380917322,0.003396790380917322,12.020316055297851,64.58595418930054,20.0
