True SPO,Unamb SPO,MSE,Elapsed,Epochs
0.0015954451604780222,0.0015954451604780222,2.498181608200073,689.8418271541595,20.0
0.005100564317735853,0.005100562399138523,2.669266145706177,567.9024300575256,20.0
0.0022212755598763957,0.0022212755598763957,2.6016154670715332,663.4873740673065,20.0
0.0034882893144319487,0.0034882893144319487,2.41104372215271,625.5353620052338,20.0
0.005293059035233095,0.005293059035233095,2.5351245040893553,749.9650781154633,20.0
0.00649054485490478,0.00649054485490478,2.5818186683654787,670.1636209487915,20.0
0.006149845375294666,0.006149845375294666,2.5549481620788574,816.629070520401,20.0
0.004458283207117478,0.004458283207117478,2.5250875873565675,805.4469406604767,20.0
0.0007916653472219143,0.0007916653472219143,2.382819049835205,883.4684147834778,20.0
0.004114930147648501,0.004114929939689453,2.484251750946045,703.077531337738,20.0
