True SPO,Unamb SPO,MSE,Elapsed,Epochs
0.17870517296039762,0.17870517296039762,95.04550915527344,345.4867262840271,200.0
0.20101304681442514,0.20101304681442514,84.16493795776367,354.47654461860657,200.0
0.16377239343755998,0.16377239343755998,79.9753310546875,315.8025906085968,200.0
0.2162089632339917,0.2162089632339917,87.38493469238281,339.20383763313293,200.0
0.17734695826512162,0.17734695826512162,93.88748950195313,343.43388748168945,200.0
0.18965632076665226,0.18965632076665226,95.5856680908203,352.72062945365906,200.0
0.1898321190998105,0.1898321190998105,84.14474639892578,323.5575773715973,200.0
0.1607183776347367,0.1607183776347367,98.61490466308594,366.31670117378235,200.0
0.16057578755813548,0.16057578755891297,80.85165661621093,353.2600152492523,200.0
0.17692233848460234,0.17692233848460234,87.19998443603515,344.1076149940491,200.0
