True SPO,Unamb SPO,MSE,Elapsed,Epochs
0.11362057949241987,0.11362057949241987,17.24517658996582,809.7845165729523,20.0
0.1571503083479362,0.1571503083479362,15.44901505279541,635.2872412204742,20.0
0.11520900146731747,0.11520900146731747,17.690443565368653,637.2607793807983,20.0
0.1790830104491632,0.1790830104491632,16.154486610412597,641.2675647735596,20.0
0.18639937334942586,0.18639937334942586,16.769741668701172,671.8798913955688,20.0
0.17813107429812836,0.17813107429812836,18.329097595214844,584.9023854732513,20.0
0.18157371682397527,0.18157371682397527,16.81433642578125,634.0693395137787,20.0
0.18498659517372365,0.18498659517372365,16.11927540588379,618.5424871444702,20.0
0.09631295223241859,0.09631295223241859,15.070187812805175,700.8950490951538,20.0
0.16057021534679838,0.16057021534679838,14.885141815185547,646.3203055858612,20.0
