True SPO,Unamb SPO,MSE,Elapsed,Epochs
0.007432312864953345,0.007432312864953345,22.21025958251953,178.05146551132202,20.0
0.005444322137252122,0.005444322137252122,26.745364944458007,171.10184502601624,20.0
0.0022225044450018337,0.0022225044515562535,28.235828247070312,171.27904057502747,20.0
0.007555777318384932,0.007555777318384932,18.72925732421875,170.9813916683197,20.0
0.007359966030899968,0.007359966030899968,19.881100814819337,171.2875304222107,20.0
0.006574529002132924,0.006574529002132924,21.872839950561524,169.6562945842743,20.0
0.001302891177561413,0.001302891177561413,29.31897476196289,170.12759828567505,20.0
0.004935571580550492,0.004935571580550492,25.260524154663084,173.3214077949524,20.0
0.0013935771577176501,0.0013935771577176501,30.715039474487305,176.2859981060028,20.0
0.005577717372098783,0.005577717372098783,20.476852355957032,177.2495346069336,20.0
