True SPO,Unamb SPO,MSE,Elapsed,Epochs
0.0058991100914969645,0.005899110101671543,32.76319530487061,33.777480125427246,20.0
0.005842040220183569,0.005842040220183569,34.507836990356445,32.82319355010986,20.0
0.006109056198529748,0.006109056201691616,28.81238850402832,33.569512605667114,20.0
0.005861824526948411,0.00586182452705502,29.617538009643553,33.220009565353394,20.0
0.00729578808539637,0.00729578808539637,21.745107849121094,32.893306493759155,20.0
0.011008584221826661,0.011008584221826661,34.36351376342773,33.31835746765137,20.0
0.00710375556968274,0.00710375556968274,32.132154296875,33.45182776451111,20.0
0.011702559934954077,0.011702559934954077,29.91013999938965,33.409144163131714,20.0
0.007585659004106543,0.007585659004106543,35.43771957397461,33.48149037361145,20.0
0.005802654228425224,0.005802654228425224,35.60674139404297,32.974785566329956,20.0
