True SPO,Unamb SPO,MSE,Elapsed,Epochs
0.1485950051569137,0.1485950051569137,5.698680866241455,1408.1990327835083,200.0
0.14121847211615743,0.14121847211615743,6.444743072509765,1058.045043706894,200.0
0.11967721911818846,0.11967721911818846,5.306482002258301,1355.4166331291199,200.0
0.12655934925962417,0.12655934925962417,4.7537613868713375,979.9275767803192,200.0
0.11861255369584339,0.11861255369584339,5.277303592681885,1420.8100216388702,200.0
0.12728364624778024,0.12728364630018876,7.062512134552002,1173.932471036911,200.0
0.11789432202516208,0.11789432202516208,5.191485622406006,1205.8685376644135,200.0
0.11791338582638479,0.11774934383163468,5.907506420135498,1254.5926396846771,200.0
0.11020447345649674,0.11020447345649674,5.76402017402649,1252.2834215164185,200.0
0.13086478157903192,0.13086478157903192,5.490916011810302,778.4034633636475,200.0
