True SPO,Unamb SPO,MSE,Elapsed,Epochs
0.0563635435801787,0.0563635439535405,18.676616493225097,861.9600536823273,200.0
0.057979090377291057,0.057979090378236,23.174873792648317,734.8112459182739,200.0
0.06377225651736194,0.06377225651736194,13.84257650756836,713.7038028240204,200.0
0.0457550452329919,0.0457550452329919,13.946677238464355,649.7758636474609,200.0
0.03552648790049568,0.035526488104992225,18.371884658813478,772.3959052562714,200.0
0.06100608293984955,0.06100608293984955,23.883699577331544,657.8466336727142,200.0
0.0444659776053928,0.0444659776053928,16.571170694351196,736.3832278251648,200.0
0.05481979129366221,0.05481979129366221,17.98679685974121,697.8666913509369,200.0
0.03743563336756582,0.03743563336756582,20.05494725418091,662.1297392845154,200.0
0.058570720149709155,0.058570720149709155,19.1563207321167,578.120078086853,200.0
