True SPO,Unamb SPO,MSE,Elapsed,Epochs
0.024152106885837094,0.024152106885837094,24.38847756958008,125.43991255760193,200.0
0.02673679596746754,0.02673679596746754,26.602107849121094,114.17716884613037,200.0
0.028213060730283766,0.028213060730283766,23.246541534423827,103.94744181632996,200.0
0.027394700452115728,0.027394700460563734,23.252000061035154,107.0581841468811,200.0
0.020926600728714464,0.020926600728714464,23.49349476623535,101.15514969825745,200.0
0.017321968655425755,0.017321968655425755,26.63109323120117,97.91307067871094,200.0
0.018914794705209854,0.018914794705209854,24.006100967407228,111.7443163394928,200.0
0.020662796148639924,0.020662796148639924,25.873217498779297,102.54594850540161,200.0
0.027162035591538618,0.027162035591538618,26.931424606323244,103.60397577285767,200.0
0.01990325390759189,0.01990325390759189,25.25298159790039,104.8958170413971,200.0
