True SPO,Unamb SPO,MSE,Elapsed,Epochs
0.005105488400010866,0.005105488400010866,0.3931024842262268,838.694139957428,200.0
0.0033082829602870925,0.0033082829602870925,0.37440734267234804,628.7991087436676,200.0
0.004016210887567943,0.004016210887567943,0.3109914972782135,1027.8425569534302,200.0
0.002925734439489697,0.002925734439489697,0.32291536915302277,958.7467174530029,200.0
0.004861353691490886,0.004861354178801146,0.34163979756832125,1027.6173255443573,200.0
0.003246245306620595,0.003246245306620595,0.47956500244140626,727.4455261230469,200.0
0.004224406806410737,0.004224406806410737,0.36370454144477843,734.0933990478516,200.0
0.002931621899996309,0.002931621899996309,0.43249662446975706,692.6354312896729,200.0
0.003505830348283264,0.003505830348283264,0.3263985768556595,713.2032763957977,200.0
0.003747880752597366,0.003747885411858415,0.35082538771629335,594.4935638904572,200.0
