True SPO,Unamb SPO,MSE,Elapsed,Epochs
0.0130684788290187,0.0130684788290187,13.944158340454102,450.1949863433838,1000.0
0.0106841997123118,0.0106841997123118,8.120066329956055,505.6167469024658,1000.0
0.0180801007742652,0.0180801007742652,11.134973388671876,922.2076320648193,1000.0
0.012637085591791764,0.012637085591791764,10.430905059814453,490.03210830688477,1000.0
0.013839056893849897,0.013839056893849897,10.208342288970947,851.1837055683136,1000.0
0.015926124196948856,0.015926124196948856,14.147810760498047,1009.2136788368225,1000.0
0.018099709687759938,0.018099709687759938,19.863670234680175,1270.9788343906403,1000.0
0.01578221220171692,0.01578221220171692,8.920080154418946,640.2729272842407,1000.0
0.020141196013219332,0.020141196013219332,13.345423286437988,884.2179071903229,1000.0
0.011699661137821652,0.011699661149395515,7.229982330322265,427.96982765197754,1000.0
