True SPO,Unamb SPO,MSE,Elapsed,Epochs
0.008725884518342334,0.008725884518342334,9.349385730743409,451.1112825870514,20.0
0.009236734073250583,0.009236734073250583,7.888994472503662,421.94032764434814,20.0
0.0071881880585183645,0.0071881880585183645,8.433560997009277,455.1053080558777,20.0
0.0076247605969442245,0.0076247605969442245,7.563613590240479,466.87761425971985,20.0
0.0059564390541248105,0.0059564390541248105,5.635960124969483,463.3166666030884,20.0
0.008110574161035077,0.008110574161035077,9.721986991882325,362.58290243148804,20.0
0.006239442931482507,0.006239442931482507,8.041095443725586,421.5531527996063,20.0
0.006923021737546011,0.006923021737546011,7.449167079925537,412.87759947776794,20.0
0.007258148135322095,0.007258148135322095,8.321097099304199,474.48481249809265,20.0
0.008846583319938577,0.008846585080411723,7.969532119750976,407.2447581291199,20.0
