True SPO,Unamb SPO,MSE,Elapsed,Epochs
0.09535452322708875,0.09535452322708875,6.182543352127075,261.928058385849,20.0
0.1046048109962041,0.10460481101556904,6.407123756408692,276.9789893627167,20.0
0.08825288593789027,0.08825288593789027,6.159358222961425,269.8342306613922,20.0
0.09085806728485306,0.09085806728485306,5.638065116882324,270.24603295326233,20.0
0.0862417553276781,0.0862417553276781,4.37059768486023,268.9875159263611,20.0
0.0875547411246776,0.0875547411246776,6.598614994049072,228.31780672073364,20.0
0.08689140963520618,0.08689140963520618,6.001495544433594,255.36459040641785,20.0
0.0884006800049418,0.0884006800049418,5.817110080718994,285.1382312774658,20.0
0.08830351752378919,0.08830351752378919,6.46825982093811,275.3840193748474,20.0
0.09603354643536112,0.09603354643536112,5.952506019592285,260.5183219909668,20.0
