True SPO,Unamb SPO,MSE,Elapsed,Epochs
0.19799853666549128,0.19799853666549128,133.24407275390624,406.7127802371979,200.0
0.2110017930205255,0.2110017930205255,117.62165319824219,413.4927132129669,200.0
0.22968001482087266,0.22968001482087266,112.31817895507812,390.84542322158813,200.0
0.24005361331343672,0.24005361331343672,129.3511541748047,382.6911988258362,200.0
0.2686297207344122,0.2686297207344122,119.37235479736329,390.2313537597656,200.0
0.24217222345921594,0.24217222345921594,123.64402099609374,386.1099624633789,200.0
0.23326533516714915,0.23326533516714915,124.22704418945312,406.9925584793091,200.0
0.20061374026637036,0.20061374026637036,151.75136804199218,408.6625409126282,200.0
0.1725277200706517,0.1725277200706517,109.22934606933593,413.9964280128479,200.0
0.20900337141281863,0.20900337141281863,109.73989337158203,403.3551206588745,200.0
