True SPO,Unamb SPO,MSE,Elapsed,Epochs
0.22967580320925787,0.22967580320925787,213.31094128417968,285.8921444416046,1000.0
0.24698057062767087,0.24698057062767087,235.55991333007813,284.46861577033997,1000.0
0.2302250996606114,0.2302250996606114,169.1547449951172,285.28954815864563,1000.0
0.18995110522514527,0.18995110527315978,195.87984924316407,284.43634843826294,1000.0
0.23082054703068475,0.23082054703068475,203.22440209960936,286.30277490615845,1000.0
0.22768981387608855,0.22768981387608855,223.82653564453125,280.9964334964752,1000.0
0.2553340943007717,0.2553340943007717,217.22396997070314,284.4124481678009,1000.0
0.24460020025677412,0.24460020025677412,202.22177905273438,284.24281764030457,1000.0
0.21292064810904823,0.21292064810904823,214.3516608886719,275.994060754776,1000.0
0.2072783013506095,0.2072783013506095,194.88222131347655,272.70225167274475,1000.0
