True SPO,Unamb SPO,Elapsed,Epochs
0.1186290066641744,0.1186290066641744,386.4320023059845,1000.0
0.10688223452407246,0.10688223452407246,342.6197347640991,1000.0
0.12519852667818335,0.12519852667818335,770.8968183994293,1000.0
0.10050838543767747,0.10050838543767747,437.23056268692017,1000.0
0.1135350848017508,0.1135350848017508,607.4808061122894,1000.0
0.12350475724256277,0.12350475745546746,719.9390370845795,1000.0
0.1269623682230916,0.1269623682411693,916.4149100780487,1000.0
0.11727111491616025,0.1173628522801495,350.10510516166687,1000.0
0.12644253322868979,0.12644253322868979,589.8649578094482,1000.0
0.11886044698506087,0.11886044698506087,253.4896080493927,1000.0
