True SPO,Unamb SPO,MSE,Elapsed,Epochs
0.2813613727010754,0.2813613727010754,140.28288903808593,354.51534628868103,200.0
0.24709472942775657,0.24709472942775657,167.928240234375,381.7843494415283,200.0
0.2240644705762324,0.2240644705762324,134.6718615722656,370.9885997772217,200.0
0.21850436287536718,0.21850436287536718,153.91872924804687,363.3311469554901,200.0
0.21567191504886835,0.21567191504886835,120.58624383544922,362.3399534225464,200.0
0.21807106598929424,0.21807106598929424,133.08958129882814,356.11922788619995,200.0
0.19047619047573122,0.19047619047573122,113.85907861328126,365.25980734825134,200.0
0.2447219819905257,0.2447219819905257,132.59389135742188,351.02542781829834,200.0
0.1753896254939301,0.1753896254939301,145.4719161376953,365.2779185771942,200.0
0.2101285127947381,0.2101285127947381,172.9602430419922,358.81136178970337,200.0
