True SPO,Unamb SPO,MSE,Elapsed,Epochs
0.11049157671477472,0.11049157676901374,38.661214447021486,33.98974680900574,200.0
0.12112148623645287,0.12112148623645287,48.439799369812015,33.5837287902832,200.0
0.08260358436677957,0.08260358436677957,30.85352322387695,33.16987085342407,200.0
0.09653172983974946,0.09653172983974946,31.91865928649902,33.32800030708313,200.0
0.08679618859030616,0.08679618859030616,37.43929077148437,33.28376269340515,200.0
0.1017021075955922,0.1017021075955922,45.55447834777832,39.69064712524414,200.0
0.08605040312335568,0.08605040312335568,36.092054401397704,39.62515878677368,200.0
0.1126370836715256,0.1126370836715256,39.11454849243164,33.21653342247009,200.0
0.09156176477699783,0.09156176477699783,41.15436409759521,33.607924461364746,200.0
0.10414906959455285,0.10414906959455285,40.02789967346192,33.395166873931885,200.0
