True SPO,Unamb SPO,MSE,Elapsed,Epochs
0.11530488240733122,0.11530488243357115,38.29025270080567,89.94206881523132,200.0
0.12182667055704254,0.12182667055704254,48.253280853271484,80.66616463661194,200.0
0.08008445094868145,0.08008445094868145,31.42179443359375,79.96023559570312,200.0
0.09803500483169217,0.0980350048462569,31.81885398864746,94.8831729888916,200.0
0.08528647444602082,0.08528647444821137,37.65505523681641,78.30748987197876,200.0
0.10231505492926984,0.10231505492926984,45.64440951538086,90.85857272148132,200.0
0.09309872724483266,0.09309872724483266,36.73859568786621,75.94105052947998,200.0
0.10806762794448602,0.10806762794448602,39.17291275024414,80.68120837211609,200.0
0.09794076984622974,0.09794076984622974,41.726717041015625,80.73892164230347,200.0
0.10507051626582438,0.10507051626582438,39.89368085479736,76.0345869064331,200.0
