True SPO,Unamb SPO,MSE,Elapsed,Epochs
0.014086711535396436,0.01408671153540221,9.402396667480469,166.08320879936218,1000.0
0.013369089403267859,0.013369089414135732,7.736894279479981,167.525630235672,1000.0
0.01384447233123975,0.013844472331254597,10.323792316436768,165.25322580337524,1000.0
0.005984766050034056,0.005984766050034056,7.753838752746582,165.35872960090637,1000.0
0.017424480805469537,0.017424480810447767,8.928049606323242,175.8926076889038,1000.0
0.021874271505082466,0.021874271511560205,12.638522018432617,168.07642555236816,1000.0
0.0147082270407577,0.0147082270407577,12.714680252075196,165.49119114875793,1000.0
0.01319027841865409,0.013190278426716377,8.561954849243165,164.69260168075562,1000.0
0.011206724034375799,0.011206724034375799,8.31480122756958,172.87824130058289,1000.0
0.013292865649801018,0.013292865649801018,7.0919172439575195,164.72676181793213,1000.0
