True SPO,Unamb SPO,MSE,Elapsed,Epochs
0.11283389751873993,0.11350249566995142,3.51457149375,11.879443407058716,0.0
0.10091118927950533,0.10138718545535205,2.9404657406249997,11.879863262176514,0.0
0.10665904377763812,0.10665904377763812,3.028248259375,11.722733974456787,0.0
0.10905391288389579,0.10918955207902502,2.658102953125,11.964831590652466,0.0
0.11007205412099107,0.11016813097940333,3.189979984375,11.76059103012085,0.0
0.12501208143955392,0.12517322101346415,4.258638681250001,11.925645351409912,0.0
0.11197203285837365,0.1125254846336882,3.6831890937500003,11.651924848556519,0.0
0.11536561698332015,0.11569485675781593,3.108056340625,11.569233655929565,0.0
0.10827265935594808,0.1087558756279919,3.39600319375,11.89449691772461,0.0
0.10354143273415035,0.10386693236550575,3.427147203125,11.699931859970093,0.0
