True SPO,Unamb SPO,MSE,Elapsed,Epochs
0.15067940605503144,0.15067940605503144,67.89794961547851,60.14544916152954,20.0
0.1584653409724793,0.1584653409724793,77.03720391845704,60.2530415058136,20.0
0.06753370719468432,0.06753370719468432,58.97941845703125,60.2337384223938,20.0
0.0932166421285424,0.0932166421285424,55.34013208007813,72.92264795303345,20.0
0.11170973987678057,0.11170973987678057,54.78088864135742,60.21945905685425,20.0
0.17606313237469742,0.17606313237469742,70.67399243164063,59.954243421554565,20.0
0.12043284532114466,0.12045830681064174,62.13900341796875,60.08326816558838,20.0
0.12593796559629977,0.12593796559629977,65.33591207885742,60.110982179641724,20.0
0.08134081648322354,0.08134081648322354,74.1415798034668,60.81809711456299,20.0
0.12196679398621786,0.12196679438024885,68.32663885498047,73.19048118591309,20.0
