True SPO,Unamb SPO,MSE,Elapsed,Epochs
0.009665049303452555,0.009665049303452555,14.979267639160156,182.0382068157196,200.0
0.014777222180704614,0.014777222220527323,16.36854244995117,175.01265287399292,200.0
0.008288186302222495,0.008288186302222495,14.516402618408204,171.37656211853027,200.0
0.015118947866898179,0.015118947866898179,14.246616149902344,173.16848158836365,200.0
0.014957013308149974,0.014957013308149974,15.372731010437011,177.65089869499207,200.0
0.013996001142473595,0.013996001142473595,15.4400512008667,174.32584762573242,200.0
0.01473318323650222,0.014733183236505614,15.976089782714844,172.22853779792786,200.0
0.00914897289829398,0.00914897289829398,16.0357783203125,172.07634091377258,200.0
0.016229759545206873,0.01622975956499816,15.69213737487793,169.82032322883606,200.0
0.015585702309215814,0.015585702317605225,15.704127136230468,173.5889539718628,200.0
