True SPO,Unamb SPO,MSE,Elapsed,Epochs
0.0017808047987947,0.0017808047987947,0.148521999835968,1030.323414325714,200.0
0.0054883954514277,0.0054883954514277,0.1319344818592071,838.1654191017151,200.0
0.0030593202190379,0.0030593202190379,0.137586471915245,986.759574174881,200.0
0.0050486962623113,0.0050486966538529,0.1141360784173011,914.0936713218688,200.0
0.0050943329936932,0.0051294656592928,0.1206037136316299,1115.175476312637,200.0
0.0068802483945844,0.0068802483945844,0.2217931861877441,872.5218811035156,200.0
0.0059679355886504,0.0059679355886504,0.1819679279327392,921.5527205467224,200.0
0.0069407556924574,0.0069407556924574,0.1695259623527527,976.5562241077424,200.0
0.0015865460891588,0.0015865460891588,0.0991629545092582,1030.336184501648,200.0
0.0038948045451157906,0.0038948045451157906,0.11207545864582062,697.4384686946869,200.0
