True SPO,Unamb SPO,MSE,Elapsed,Epochs
0.010699038115295769,0.010699038115295769,33.04950253295898,161.7895531654358,20.0
0.008780092095510271,0.008780092095510271,31.191516387939455,161.66384553909302,20.0
0.010311025051409146,0.010311025065238165,42.00017806243896,159.0400574207306,20.0
0.004933650901653245,0.005018713848233473,23.79188198852539,161.114844083786,20.0
0.009451435419705148,0.0094514354197054,28.526208801269533,161.30271697044373,20.0
0.007864473209200494,0.007864473209200494,33.600661613464354,157.77714323997498,20.0
0.007893045378563073,0.007893045378563073,25.103765213012696,153.65485167503357,20.0
0.0065096461119505036,0.006509646123986735,32.02959780883789,157.3392243385315,20.0
0.0116129334363241,0.0116129334363241,45.3032105255127,155.08257508277893,20.0
0.008183829605714862,0.008183829605714862,33.74889533996582,156.84166312217712,20.0
