True SPO,Unamb SPO,MSE,Elapsed,Epochs
0.09541851061767194,0.09541851061767194,11.352641464233399,377.03864669799805,300.0
0.08833129334935287,0.08833129334935287,9.98367904663086,361.62421584129333,300.0
0.09879323674712161,0.09879323674712161,11.839600540161133,872.0319473743439,300.0
0.08982706002004127,0.08982706002004127,10.161444473266602,368.77643036842346,300.0
0.09031224979955065,0.09031224979955065,11.73388621520996,1047.3955266475677,300.0
0.09597473331368728,0.09597473331368728,12.824722217559815,367.2578375339508,300.0
0.08642586658873747,0.08642586658873747,13.894561172485352,373.3417639732361,300.0
0.09574292957529469,0.09574292958543447,10.406850784301758,797.9894289970398,300.0
0.08710778944627566,0.08710778944627566,11.562598327636719,385.70300221443176,300.0
0.08612720525979387,0.08612720525979387,11.22053857421875,383.0947196483612,300.0
