True SPO,Unamb SPO,MSE,Elapsed,Epochs
0.1226916386681852,0.1226916386681852,27.62796865081787,1107.7049939632416,200.0
0.1192004668803637,0.1192004668803637,36.71166501998901,1023.7978761196136,200.0
0.1029006021925987,0.1029006021925987,21.94958926391601,1026.395748615265,200.0
0.0988671749165175,0.0988671749165175,21.945975067138672,1011.8205561637878,200.0
0.0971414428904909,0.0971414428904909,26.669017669677736,1045.9120662212372,200.0
0.1041774718277519,0.1041774718277519,34.78458177185058,954.790637254715,200.0
0.0896252725518745,0.0896252725518745,25.567565814971925,1005.7523019313812,200.0
0.1046405361492063,0.1046405361492063,26.39696304321289,915.819456577301,200.0
0.0963157001137638,0.0963157001137638,30.719944341659545,1035.5484116077423,200.0
0.10243415495635302,0.10243415495635302,28.731380432128905,478.33546447753906,200.0
