True SPO,Unamb SPO,MSE,Elapsed,Epochs
0.12205185358008942,0.12205185391658195,4.643903945922852,406.2203884124756,200.0
0.168796478979606,0.168796478979606,4.4152033882141115,333.80932688713074,200.0
0.12046487575155694,0.12046487575155694,4.328172969818115,370.35232615470886,200.0
0.18675356079093286,0.18675356079093286,4.296711540222168,324.4522752761841,200.0
0.19630964393773587,0.19630964393773587,4.505667762756348,453.3075728416443,200.0
0.18567623730445845,0.18567623730445845,4.778570941925048,408.2308452129364,200.0
0.19122956353226914,0.19122956353226914,4.512847946166993,415.32819628715515,200.0
0.19729753341624015,0.19729753341624015,4.617288932800293,372.49573397636414,200.0
0.10229735587313307,0.10229735587313307,4.141065769195556,398.35343956947327,200.0
0.16611375836852008,0.16611375836852008,4.196587326049805,365.3257591724396,200.0
