True SPO,Unamb SPO,MSE,Elapsed,Epochs
0.1352095231537356,0.1352095231537356,5.471311561584472,2111.0654668807983,300.0
0.1114856293714925,0.1114856293714925,4.238158538818359,2109.028538942337,300.0
0.1241650294691046,0.1241650294691046,4.294419227600097,2889.2774238586426,300.0
0.1368188821959069,0.1368188821959069,4.053075042724609,2216.5415053367615,300.0
0.112605325243975,0.112605325243975,4.736169841766357,3133.3260304927826,300.0
0.1308956014833743,0.1308956014833743,4.5520359134674075,2713.9351630210876,300.0
0.1031998502990793,0.1031998502990793,5.6469482326507565,2637.93079662323,300.0
0.1302840331413496,0.1302840332009586,3.778327545166015,1778.8216724395752,300.0
0.13118443374950253,0.13118443374950253,5.327576202392578,3040.770532846451,300.0
0.13200869077610033,0.13200869077610033,5.142564811706543,1677.3671679496765,300.0
