True SPO,Unamb SPO,Elapsed,Epochs
0.01270571580246786,0.01270571581258575,411.6970202922821,300.0
0.008949108683119072,0.008949108691437953,415.7876102924347,300.0
0.012422581334048471,0.012422578845471047,413.6081006526947,300.0
0.01639344262289227,0.0163934427034398,408.80241107940674,300.0
0.004763672358312411,0.004763672358312411,412.7387616634369,300.0
0.01907852506947051,0.019078525121167388,409.69688296318054,300.0
0.010017383105948506,0.010017383105948506,415.59228706359863,300.0
0.018343740975162504,0.018343741145257945,409.4170265197754,300.0
0.012382033633674938,0.0123820336474805,415.1748960018158,300.0
0.022758645099554883,0.022758645099554883,408.2756175994873,300.0
