True SPO,Unamb SPO,MSE,Elapsed,Epochs
0.09424050431375007,0.09424050431379809,10.744536903381348,1365.8498203754425,300.0
0.09067727458149505,0.09067727458149505,8.989062042236329,1144.0984094142914,300.0
0.09879323674712161,0.09879323674712161,10.280099044799805,1757.9005165100098,300.0
0.09138691081691629,0.09138691081691629,8.833442123413086,1195.4329187870026,300.0
0.09092073658898024,0.09092073658898024,10.60404182434082,1741.6278655529022,300.0
0.0972316220306899,0.0972316220306899,11.489543579101563,1983.0115716457367,300.0
0.0873579959216797,0.0873579959216797,10.56028889465332,2485.557356119156,300.0
0.09794883613703635,0.09794883613703635,8.920895950317384,1157.7508556842804,300.0
0.08498163778079704,0.08498163778079704,10.452557060241698,1700.2913975715637,300.0
0.08622485515237867,0.08622485515237867,9.553307876586913,1687.7161240577698,300.0
