True SPO,Unamb SPO,MSE,Elapsed,Epochs
0.005818973608117209,0.005818973608117209,7.100447647094726,396.72267746925354,20.0
0.005568484042530051,0.005568484080226736,4.99419962310791,361.2869002819061,20.0
0.0069836927174952886,0.0069836927174952886,6.867241348266601,388.0186860561371,20.0
0.0055748853392156615,0.0055748853392156615,6.069314376831055,382.8131859302521,20.0
0.005437138016605188,0.005437138016605188,5.723147575378418,451.33679151535034,20.0
0.005115089514046675,0.005115089514046675,6.891238082885742,384.1476037502289,20.0
0.007080546101760041,0.007080546101760041,6.376223754882813,416.4945809841156,20.0
0.005736440242094645,0.005736440242094645,5.692383670806885,663.9465565681458,20.0
0.005770690964290923,0.005770690964290923,5.891846817016601,781.0389490127563,20.0
0.00441330785391035,0.004413311203819088,4.855080780029297,603.090001821518,20.0
