True SPO,Unamb SPO,MSE,Elapsed,Epochs
0.11181911613527983,0.11181911613527983,84.05100439453125,59.889737606048584,200.0
0.07980860544933958,0.07980860544933958,109.97228924560547,59.82074451446533,200.0
0.07320599905819757,0.07320599905819757,95.14154815673828,59.5984742641449,200.0
0.06375901633193647,0.06375901633193647,88.0859189453125,60.1043426990509,200.0
0.07058823529387268,0.07058823529387268,89.39966394042969,59.08850860595703,200.0
0.11355512785223551,0.11355512785223551,97.17929510498047,59.343693017959595,200.0
0.12700947514061176,0.12700947514061176,86.81687756347657,59.152026653289795,200.0
0.10486459197250418,0.10486459197250418,86.9185443725586,59.193249225616455,200.0
0.053179311062361054,0.053179311062361054,99.56865405273437,59.70151114463806,200.0
0.06336545988209999,0.06336545988209999,107.0578189086914,59.460649251937866,200.0
