True SPO,Unamb SPO,MSE,Elapsed,Epochs
0.16468059636477125,0.16468059636477125,62.24868872070312,359.73345828056335,4.0
0.08990939155193206,0.08990939155193206,62.94032800292969,390.25945687294006,4.0
0.04984571564192883,0.04984571564192883,48.54398291015625,370.89046335220337,4.0
0.04890441409959473,0.04890441409959473,73.43376858520507,369.33330941200256,4.0
0.12219922065233134,0.12219922065233134,52.888114013671874,375.3722641468048,4.0
0.10761904761875478,0.10761904761875478,71.48883578491211,367.327796459198,4.0
0.07709830033273149,0.07709830033273149,71.28394073486328,391.0664134025574,4.0
0.08811204544790587,0.08811204544790587,51.793663024902344,358.5688855648041,4.0
0.06663327744253068,0.06663327744253068,78.71013189697265,378.37003540992737,4.0
0.08175456135945575,0.08175456135945575,61.88042663574219,373.0780441761017,4.0
