True SPO,Unamb SPO,MSE,Elapsed,Epochs
0.0130590920377872,0.0130590909793071,5.767760715366856,597.5535387992859,0.0
0.0170885092765475,0.0170885092765475,5.4364252182718475,603.0313711166382,0.0
0.018609257229742,0.018609257229742,6.52861024435246,598.8372890949249,0.0
0.0078160141752132,0.0078160137632085,2.594857267097019,599.2506129741669,0.0
0.0072505382328179,0.0072505382328179,9.933393466965104,600.9036455154419,0.0
0.0078240640773931,0.0078240640773931,4.525940680448695,601.2525148391724,0.0
0.0128372327621216,0.0128372327621216,7.13083694043627,599.3065485954285,0.0
0.0156380006940922,0.0156380000395882,10.955823960555112,608.8467342853546,0.0
0.0109610059200118,0.0109610057131515,3.732779405750364,599.918975353241,0.0
0.009181292249637511,0.009181292249637511,5.042086784621818,600.006551027298,0.0
