True SPO,Unamb SPO,MSE,Elapsed,Epochs
0.11732637282720766,0.11732637284407951,2.6078719177246095,419.5487084388733,4.0
0.11677747650664198,0.11677747650664198,2.608254461288452,365.4684536457062,4.0
0.09584344169466005,0.09584344169466005,2.616835060119629,399.4969983100891,4.0
0.12168056670230072,0.12168056670230072,2.5480599899291994,371.08727073669434,4.0
0.12999381145523622,0.12999381145523622,2.4803925018310546,400.10099029541016,4.0
0.12546990860449916,0.12546990860449916,2.6644778175354005,353.8621127605438,4.0
0.12099854176751268,0.12099854176751268,2.5377390060424805,395.3215928077698,4.0
0.1250568758527001,0.1250568758527001,2.519104438781738,384.2402467727661,4.0
0.10157905530076704,0.10157905530076704,2.602264769554138,399.72551941871643,4.0
0.11133330831910772,0.11133330909314862,2.5673239269256594,369.03643465042114,4.0
