True SPO,Unamb SPO,MSE,Elapsed,Epochs
0.001122929598549166,0.001122929598549166,8.417980491638184,62.62032198905945,4.0
0.004721092388129281,0.004721092388129281,10.048352767944335,53.489089488983154,4.0
0.003276400813022855,0.003276400813022855,8.615509490966797,64.88144326210022,4.0
0.004801707273680235,0.004801707273680235,11.537830932617187,49.19956064224243,4.0
0.005742671927826442,0.005742671927826442,12.12152091217041,46.06592297554016,4.0
0.005585604694716351,0.005585604694716351,11.998404403686523,43.18540120124817,4.0
0.004751011789531054,0.004751011789531054,12.00134156036377,46.2791633605957,4.0
0.0059205161839049865,0.0059205161839049865,11.547285324096679,49.61453604698181,4.0
0.0008566805216205328,0.0008566805216205328,8.19981031036377,112.85102105140686,4.0
0.004025877700630595,0.004025880589466026,10.368837188720702,57.33421301841736,4.0
