True SPO,Unamb SPO,MSE,Elapsed,Epochs
0.15388186400178203,0.15388186400178203,43.92791473007202,1284.28355550766,4.0
0.1902419984382247,0.1902419984382247,35.75487236022949,1004.4201662540436,4.0
0.11830777508717086,0.11830777508717086,22.78197011947632,1318.030284166336,4.0
0.12961576846275047,0.12961576846275047,25.25488851928711,1069.6241867542267,4.0
0.11775043936700674,0.11775043936700674,18.124959594726562,1547.3521645069122,4.0
0.12678791323262578,0.12678791323262578,39.00321246337891,1159.2786226272583,4.0
0.12227030791393755,0.12227030791393755,22.76242035293579,1423.1045062541962,4.0
0.14962212778913045,0.14962212778913045,28.994839900970458,1317.1370239257812,4.0
0.11583222496647388,0.11583222496647388,34.09830735778809,1484.3140304088593,4.0
0.17416549497429004,0.17416549497429004,29.251317527770997,1015.3513286113739,4.0
