True SPO,Unamb SPO,MSE,Elapsed,Epochs
0.006992055718775187,0.006992055718775187,32.732020782470705,191.45573544502258,4.0
0.007555185115458406,0.007555185115458406,30.702738342285155,191.45182633399963,4.0
0.00561753303266182,0.0056175330397796475,22.345804306030274,197.9936807155609,4.0
0.005593961452950646,0.005593961467916032,36.841488212585446,192.0119378566742,4.0
0.005449342425701871,0.005449342425701871,24.653664611816406,195.24654960632324,4.0
0.008272108843514906,0.008272108843514906,34.80144556427002,196.06055736541748,4.0
0.006157851260341541,0.006157851260341541,38.11462908935547,195.3778703212738,4.0
0.008212166380717686,0.008212166380717686,24.545877700805665,187.4867877960205,4.0
0.007773882368295247,0.007773882368295247,47.95064939880371,193.48553919792175,4.0
0.006148462884263563,0.006148462884263563,29.504060150146483,195.40486764907837,4.0
