True SPO,Unamb SPO,MSE,Elapsed,Epochs
0.08401349210976461,0.08401349210976461,19.234975113265605,0.07562899589538574,0.0
0.07716082645155552,0.07716082645155552,17.49200923807861,0.039861440658569336,0.0
0.0742895422442482,0.0742895422442482,14.231588442915701,0.06336283683776855,0.0
0.08522369805988639,0.08522369805988639,36.98663628810707,0.039869070053100586,0.0
0.0713331945528658,0.0713331945528658,23.035191214994192,0.042343854904174805,0.0
0.059259257755980274,0.059259257755980274,14.734548568142946,0.0459291934967041,0.0
0.05065229887888083,0.05065229887888083,17.361676514866783,0.04031562805175781,0.0
0.08666179771973623,0.08666179771973623,21.077789442896275,0.03941035270690918,0.0
0.10172063289716247,0.10172063289716247,31.18110596599873,0.04200863838195801,0.0
0.07296844696742298,0.07296844696742298,19.193766069817322,0.04530453681945801,0.0
