True SPO,Unamb SPO,MSE,Elapsed,Epochs
0.0312604666739933,0.0312604666739933,23.516475982666016,262.86981892585754,4.0
0.034586718030170896,0.034586718030170896,23.50277635192871,234.15003395080566,4.0
0.021546170364990888,0.021546170364990888,22.858166442871095,270.87421011924744,4.0
0.02017211432172678,0.02017211432172678,26.255654174804686,249.26861143112183,4.0
0.029701416408248513,0.029701416408248513,24.444784729003906,343.7500011920929,4.0
0.04181048007514194,0.04181048007514194,24.473553359985353,285.9221076965332,4.0
0.04012260777286076,0.04012260777286076,24.701965347290038,277.76384258270264,4.0
0.03136538690581901,0.03136538690581901,25.397278564453124,252.8086497783661,4.0
0.05241034574146094,0.05241034574146094,26.99796336364746,223.79519891738892,4.0
0.02984589491086074,0.02984589491086074,23.887038391113283,213.76226210594177,4.0
