True SPO,Unamb SPO,MSE,Elapsed,Epochs
0.1276349699328367,0.1276349699328367,2.107341005325317,1934.5074200630188,4.0
0.1259889313964788,0.1259889313964788,2.057814464569092,1571.3456056118011,4.0
0.1010512696098947,0.1010512696098947,2.057064560890198,1862.7069838047028,4.0
0.1294622605292617,0.1294622605292617,2.0542070178985594,1920.9627294540403,4.0
0.1355635013403852,0.1355635013403852,1.99092138671875,3024.1477336883545,4.0
0.1300569063627175,0.1300569063627175,2.120405822753906,2200.4819478988647,4.0
0.1314492049158688,0.1314492049158688,2.036187169075012,1907.6468513011928,4.0
0.13065695985394052,0.13065695985394052,2.0283036365509033,2800.1345167160034,4.0
0.10824389910414846,0.10824389910414846,2.094778184890747,2331.820247888565,4.0
0.12071410391549753,0.12071410391549753,2.065243320465088,2121.0665371418,4.0
