True SPO,Unamb SPO,MSE,Elapsed,Epochs
0.1133318507808046,0.1133318507808046,4.101634712219238,944.6792132854462,4.0
0.1569183359009031,0.1569491513402753,4.07998592376709,816.5847864151001,4.0
0.1096128279564001,0.1096128279564001,4.2192498970031735,859.7759490013123,4.0
0.1711507959814041,0.1711507959814041,4.012278259277344,750.723534822464,4.0
0.1818391933661288,0.1818391933661288,4.048570594787598,952.8167536258698,4.0
0.1738583874169038,0.1738583874169038,4.077472930908203,791.4129722118378,4.0
0.1709431746233126,0.1709431751606006,4.109387950897217,762.5524678230286,4.0
0.1767308304560643,0.1767308305114279,3.928929891586304,721.6317811012268,4.0
0.09721702593001635,0.09721702593001635,3.997518177032471,820.5106887817383,4.0
0.15799486523489137,0.15799486637427754,4.133967056274414,890.7453811168671,4.0
