True SPO,Unamb SPO,MSE,Elapsed,Epochs
0.01656872302294257,0.01656872302294257,3.9914476,42.55261969566345,0.0
0.012878212426032633,0.012959548504512839,2.9252796281249998,42.84104371070862,0.0
0.011152814714401752,0.011206434015913298,2.59007351875,43.582887411117554,0.0
0.018548971740049054,0.018669890721405305,14.67496861875,50.128639936447144,0.0
0.008653450887082713,0.008653450887082713,5.47522451875,41.317790508270264,0.0
0.010223236676224337,0.010248604509167822,1.965331696875,45.39194464683533,0.0
0.010722019470712,0.010722019470712,4.0714570156250005,44.54359006881714,0.0
0.011549692054706122,0.011575763594332997,3.666371659375,45.36559057235718,0.0
0.019653914392786687,0.019653914392786687,15.373316093749999,46.77157735824585,0.0
0.013340772716324119,0.013340772716324119,3.162634096875,48.72632932662964,0.0
