True SPO,Unamb SPO,MSE,Elapsed,Epochs
0.04167316510171348,0.04167316510171348,48.37676358032227,32.455949544906616,4.0
0.023024404415953572,0.023024404415953572,46.78329251098633,32.249428510665894,4.0
0.01292358098470126,0.01292358098470126,50.46832653808594,32.16252827644348,4.0
0.043322070069203904,0.043322070069203904,46.778498046875,31.91494584083557,4.0
0.050732807215153844,0.050732807215153844,48.27568267822266,31.7007896900177,4.0
0.06041644571690028,0.06041644571690028,51.192375396728515,31.91514492034912,4.0
0.03966215027260369,0.039662150288941274,48.061764709472655,32.41587948799133,4.0
0.05406459389494074,0.05406459389494074,48.90005712890625,31.73344588279724,4.0
0.0495922835293664,0.0495922835293664,49.18015606689453,31.718755960464478,4.0
0.027965494104027353,0.027965494104027353,46.81962515258789,32.20191740989685,4.0
