True SPO,Unamb SPO,MSE,Elapsed,Epochs
0.1711821846290518,0.1711821846290518,34.11832565307617,61.140952348709106,4.0
0.1438918396904361,0.1438918396904361,37.23504782104492,61.10474681854248,4.0
0.138896975577749,0.138896975577749,37.56668688964844,61.38855862617493,4.0
0.1682311477120137,0.1682311477120137,35.37692333984375,62.28727912902832,4.0
0.17609846661563605,0.17609846661563605,33.81512875366211,61.02990484237671,4.0
0.18658389377414525,0.18658389377414525,34.69182470703125,61.1560845375061,4.0
0.16436358586152225,0.16436358586152225,35.32695202636719,62.455217599868774,4.0
0.1629274439110884,0.1629274439110884,37.90179815673828,62.29484248161316,4.0
0.15992207259498284,0.15992207259498284,38.189660263061526,62.013731241226196,4.0
0.13642148129245382,0.13642148129245382,36.59691069030762,61.259613275527954,4.0
