True SPO,Unamb SPO,MSE,Elapsed,Epochs
0.0104573703992763,0.0104573703992763,0.2972340018749237,1809.0801348686216,4.0
0.0132317226362397,0.0132317226362397,0.2753270421028137,1446.5868363380432,4.0
0.0073013600572394,0.0073013600572394,0.2161797089576721,1671.855571269989,4.0
0.006513500710538,0.006513500710538,0.2240569331645965,1741.1816647052765,4.0
0.0142033193392152,0.0142033193392152,0.2825449247360229,3001.0328228473663,4.0
0.0101976780671077,0.0101976780671077,0.2752225663661957,2053.8151285648346,4.0
0.01701575824255505,0.01701575824255505,0.30648853397369386,2560.0496983528137,4.0
0.010402191606739976,0.010402191606739976,0.26395620131492614,2592.1041321754456,4.0
0.013254061423057318,0.013254061423057318,0.35278742814064024,2348.8961997032166,4.0
0.01024682118703135,0.010246822052656876,0.26360201346874235,2062.047036409378,4.0
