True SPO,Unamb SPO,MSE,Elapsed,Epochs
0.1154831901097075,0.1154831901097075,5.70153133392334,2550.910830259323,4.0
0.1220782829155625,0.1220782829155625,5.349773849487304,1374.8657410144806,4.0
0.0982092309523011,0.0982092309523011,4.30697365474701,1428.3169205188751,4.0
0.1048909840892264,0.1048909841009471,4.727574119567871,1318.398442983627,4.0
0.0988034748398662,0.0988034748398662,3.820858871459961,1674.355413198471,4.0
0.102727966424702,0.102727966424702,5.593628814697266,1414.6384391784668,4.0
0.0973402530000086,0.0973402530000086,4.331452867507935,1499.899204969406,4.0
0.1041046011251105,0.1041708028962103,5.00786155128479,1384.1106207370758,4.0
0.09532084294304975,0.09532084294304975,5.593072301864624,1530.8653254508972,4.0
0.11376876156495865,0.11376876156495865,4.94224418258667,1190.979433298111,4.0
