True SPO,Unamb SPO,MSE,Elapsed,Epochs
0.0049123590487703,0.0049123590487703,0.2045510770082473,2128.874643564224,4.0
0.0034754208190123,0.0034754208190123,0.1992641171216964,1677.237951517105,4.0
0.00443808160342,0.00443808160342,0.1800825199484825,1763.2865517139437,4.0
0.0021711669035126,0.0021711669285096,0.1822198114395141,1922.0910649299624,4.0
0.0030996194138066,0.0030996194138066,0.1660449495315551,3302.793488740921,4.0
0.002941637903973401,0.002941637903973401,0.21463495326042176,2787.2245404720306,4.0
0.004008331040971398,0.004008331040971398,0.18777420580387116,2727.2872092723846,4.0
0.0029380235835830466,0.0029380235835830466,0.189172849714756,2701.349262714386,4.0
0.0033703184761488605,0.0033703184761488605,0.21341324067115783,2168.210870742798,4.0
0.0025617057331558247,0.002561706893914502,0.19294883561134338,2050.2597184181213,4.0
