True SPO,Unamb SPO,MSE,Elapsed,Epochs
0.005917159763291589,0.005917159763291589,7.397312889099121,384.102441072464,4.0
0.005778410518357849,0.005778410518357849,5.522202430725097,348.49767446517944,4.0
0.006370794559748136,0.006370794559748136,6.715508514404297,373.37187004089355,4.0
0.0043818095689073825,0.0043818095689073825,5.8934345626831055,363.119398355484,4.0
0.005924589006136758,0.005924589006136758,6.083009368896485,406.9840672016144,4.0
0.00454973329147886,0.00454973329147886,6.499046340942383,356.40876507759094,4.0
0.006169686014044211,0.006169686014044211,6.070299320220947,387.83919525146484,4.0
0.005201095803369988,0.005201095803369988,5.69646688079834,360.96929359436035,4.0
0.005112280834607822,0.005112280834607822,5.865969169616699,425.580992937088,4.0
0.004188183277864881,0.00418818749690506,4.770768840789795,344.28984355926514,4.0
