True SPO,Unamb SPO,MSE,Elapsed,Epochs
0.1802698879089665,0.1802698879089665,64.87066806030273,363.40292382240295,4.0
0.09472942197132976,0.09472942197132976,60.670287048339844,352.39189529418945,4.0
0.13410393299668388,0.13410393299668388,74.48497448730468,363.4691677093506,4.0
0.06591511594969265,0.06591511594969265,51.436603942871095,369.87218022346497,4.0
0.1329201101924713,0.1329201101924713,67.39602249145508,369.9952051639557,4.0
0.059600684540651226,0.059600684540651226,68.64454327392578,364.4018385410309,4.0
0.11539570608405537,0.11539570608405537,57.74143463134766,358.0093095302582,4.0
0.08510323392267914,0.08510323392267914,80.95744262695312,357.9341971874237,4.0
0.125984625604712,0.125984625604712,79.57108764648437,362.1543662548065,4.0
0.09972759466058369,0.09972759466058369,54.66670617675781,361.49641013145447,4.0
