True SPO,Unamb SPO,MSE,Elapsed,Epochs
0.1512136288251132,0.1512136288251132,41.188222412109376,145.23807740211487,4.0
0.16139339422720317,0.16139339422720317,37.95217337036133,143.92753171920776,4.0
0.1314323172726336,0.1314323172726336,40.097752716064456,152.90310382843018,4.0
0.15714005107000215,0.15714005107000215,39.38100933837891,127.87827944755554,4.0
0.1464350106535111,0.1464350106535111,37.2009841003418,183.44478702545166,4.0
0.12933994658486156,0.12933994658486156,46.09487646484375,159.4415922164917,4.0
0.15854686993137027,0.15854686993137027,37.26239611816406,136.88305735588074,4.0
0.1441906653421245,0.1441906653421245,42.45495452880859,132.36529970169067,4.0
0.11576253514860269,0.11576253514860269,45.8262640991211,136.9787459373474,4.0
0.1345007196212237,0.1345007196212237,36.647592849731446,154.21571278572083,4.0
