True SPO,Unamb SPO,MSE,Elapsed,Epochs
0.003844114528089064,0.003844114528089064,13.413564331054687,36.8326051235199,4.0
0.005728565936156368,0.005728565936156368,12.893704483032227,36.37355923652649,4.0
0.0042609085666551515,0.0042609085666551515,12.07275090789795,36.94185256958008,4.0
0.0027654072690606038,0.0027654072690606038,12.36459066772461,36.517173051834106,4.0
0.0038262594770643154,0.0038262594770643154,11.090503341674804,36.59590005874634,4.0
0.005506302812004757,0.005506302812004757,14.632186660766601,36.4396812915802,4.0
0.0035052052297539164,0.0035052052297539164,11.102152519226074,35.91366672515869,4.0
0.0024234970700917906,0.0024234970700917906,11.877788223266602,35.30504298210144,4.0
0.003641110195096039,0.003641110195096039,12.534639907836914,35.39973068237305,4.0
0.004035756835530924,0.00403575685062938,11.80788526916504,35.9631233215332,4.0
