True SPO,Unamb SPO,MSE,Elapsed,Epochs
0.014249734888606012,0.014316011221552441,3.6552340536117556,660.5728425979614,4.0
0.016955017300972874,0.016955017300972874,3.2721118354797363,615.7665350437164,4.0
0.014769013903970112,0.014769013903970112,2.6683611640930174,680.6393625736237,4.0
0.010163769573300662,0.010163769573300662,2.7239223098754883,663.7872695922852,4.0
0.008927938779816737,0.008927938779816737,2.1484741039276125,652.5644216537476,4.0
0.0147873666712329,0.0147873666712329,3.664696472167969,640.4648599624634,4.0
0.009358897963442957,0.009358897963442957,2.4013675289154053,666.3212695121765,4.0
0.008500325544351803,0.008500325544351803,2.847471724510193,584.6959719657898,4.0
0.012125583951593412,0.012125583951593412,3.2834298005104063,708.6068775653839,4.0
0.015124655514193862,0.015124655894092617,2.8920190777778627,552.601176738739,4.0
