True SPO,Unamb SPO,MSE,Elapsed,Epochs
0.15072362685213347,0.15072362685213347,38.5369951171875,370.3663351535797,4.0
0.1224009686901145,0.1224009686901145,33.07115808105469,388.205792427063,4.0
0.12559124135836472,0.12559124135836472,31.55402374267578,381.31400442123413,4.0
0.1402611604266684,0.1402611604266684,30.847855438232422,369.95959544181824,4.0
0.16868125884725876,0.16868125884725876,34.78127505493164,363.8893368244171,4.0
0.14617893095085005,0.14617893095085005,39.71243392944336,386.782103061676,4.0
0.16111186074699396,0.16111186074699396,41.72600555419922,385.30275797843933,4.0
0.17247173311802963,0.17247173311802963,37.54589971923828,358.2557723522186,4.0
0.11482147444093622,0.11482147444093622,32.3242417755127,375.6965708732605,4.0
0.16714300124351184,0.16714300124351184,41.13903689575195,378.96293091773987,4.0
