True SPO,Unamb SPO,MSE,Elapsed,Epochs
0.11725134819559334,0.11725134819559334,40.54686257934571,147.9834427833557,4.0
0.16397534668670577,0.16397534668670577,40.227369689941405,135.8361461162567,4.0
0.11490354613746397,0.11490354613746397,41.24126370239258,103.35842871665955,4.0
0.17731892145868142,0.17731892145868142,40.1605048828125,147.79735207557678,4.0
0.1841793545772277,0.1841793545772277,40.30142959594727,136.41808891296387,4.0
0.1784189908198023,0.1784189908198023,40.528543151855466,127.65223050117493,4.0
0.1803456356175151,0.1803456356175151,40.58073309326172,142.61299753189087,4.0
0.17772699305564524,0.17772699305564524,40.71070114135742,140.18092346191406,4.0
0.10282902121016828,0.10282902121016828,39.384595703125,156.1335151195526,4.0
0.1693794341613366,0.1693794353007115,40.93698559570313,133.7031888961792,4.0
