True SPO,Unamb SPO,MSE,Elapsed,Epochs
0.003462366262193261,0.003462366262193261,47.366859313964845,70.61987328529358,4.0
0.011040092969163858,0.011040092969163858,41.35434234619141,87.77653980255127,4.0
0.007038194339086132,0.007038194339086132,47.87406988525391,67.10486102104187,4.0
0.009816823759524038,0.009816823759524038,41.087810943603515,114.4268889427185,4.0
0.010886414881585095,0.010886414881585095,41.137550231933595,110.0837070941925,4.0
0.011277265174775418,0.011277265174775418,41.51378182983398,103.05784440040588,4.0
0.010381840577123413,0.010381840577123413,41.417378631591795,115.47974061965942,4.0
0.009501187648422373,0.009501187648422373,41.771423889160154,154.5347194671631,4.0
0.0025383126566534304,0.0025383126566534304,48.960291961669924,95.92511057853699,4.0
0.007117183581905309,0.007117183581905309,41.332259887695315,76.82589769363403,4.0
