True SPO,Unamb SPO,MSE,Elapsed,Epochs
0.19017237847115756,0.19017237847115756,55.169181213378906,375.1314263343811,4.0
0.08960428855494826,0.08960428855494826,41.58746994018555,373.54923152923584,4.0
0.11210257536622892,0.11210257536622892,41.38299057006836,360.3969943523407,4.0
0.12981295194351253,0.12981295194351253,43.682583984375,360.66334986686707,4.0
0.19322196275614267,0.19322196275614267,48.903121826171876,383.8632950782776,4.0
0.19346599346541887,0.19346599346541887,52.14373684692383,392.12076926231384,4.0
0.20219363730273862,0.20219363730273862,56.834005615234375,377.30017709732056,4.0
0.19455503512823608,0.19455503512823608,56.25694192504883,370.7847340106964,4.0
0.10064721567763227,0.10064721567763227,40.238048889160154,364.2024600505829,4.0
0.1969592656333994,0.1969592656333994,58.706592681884764,389.90950417518616,4.0
