True SPO,Unamb SPO,MSE,Elapsed,Epochs
0.04302035651801935,0.04302035651801935,23.65472560119629,61.0740487575531,4.0
0.028557072271884445,0.028557072271884445,24.20086599731445,61.277135610580444,4.0
0.021331424480954434,0.021331424480954434,22.005328247070313,61.04672169685364,4.0
0.03268593083833615,0.03268593083833615,22.997486267089844,60.239152908325195,4.0
0.044846392278240485,0.044846392278240485,20.246810852050782,63.613075971603394,4.0
0.05291026043280157,0.05291026043280157,23.16466271972656,62.5363085269928,4.0
0.04747121468130832,0.04747121468130832,22.566396896362306,60.52672266960144,4.0
0.054710763488884304,0.054710763488884304,26.249081954956054,59.647599935531616,4.0
0.05642443291530115,0.05642443291530115,22.717876724243165,60.456080198287964,4.0
0.02447851396214101,0.02447851396214101,23.179261413574217,61.34038019180298,4.0
