True SPO,Unamb SPO,MSE,Elapsed,Epochs
0.014974745678256475,0.014974745678256475,25.214393585205077,421.40608048439026,4.0
0.11513595740598613,0.11513595740598613,28.4717091217041,418.6044647693634,4.0
0.012950433211851482,0.012950433211851482,24.47665835571289,396.0000219345093,4.0
0.01381165919278382,0.01381165919278382,21.749389633178712,385.96107959747314,4.0
0.017560273479605756,0.017560273479605756,24.668076507568358,417.6877791881561,4.0
0.017192181480891737,0.017192181480891737,27.148115783691406,416.20985221862793,4.0
0.01894788456143546,0.01894788456143546,27.11645378112793,423.64484786987305,4.0
0.018117480537798592,0.018117480537798592,26.975650238037108,423.3759620189667,4.0
0.012469207140864118,0.012469207140864118,24.798027328491212,403.30586099624634,4.0
0.014501383586064306,0.014501383586064306,27.66156167602539,430.7905879020691,4.0
