True SPO,Unamb SPO,MSE,Elapsed,Epochs
0.006992055718775187,0.006992055718775187,32.8474333190918,189.49171209335327,4.0
0.007608958674999035,0.007608958674999035,30.799935623168945,184.22522401809692,4.0
0.0056439064271813595,0.005643906429585173,22.371042282104494,189.56867718696594,4.0
0.0056183892322211725,0.0056183892322211725,36.905827781677246,184.18058729171753,4.0
0.005510228933251613,0.005510228933251613,24.781368286132814,184.1753282546997,4.0
0.008353741496575908,0.008353741496575908,34.84391040802002,189.6178560256958,4.0
0.006182883176033986,0.006182883176033986,38.17317263793945,183.19578552246094,4.0
0.008184042523249476,0.008184042523249476,24.597362991333007,181.1828076839447,4.0
0.007773882368295247,0.00777388237137433,48.060178985595705,188.79024600982666,4.0
0.006198450387387657,0.006198450387387657,29.557569122314455,183.2712423801422,4.0
