True SPO,Unamb SPO,MSE,Elapsed,Epochs
0.08969082348263248,0.08969082348263248,14.694551177978516,182.81594610214233,4.0
0.09023022239584481,0.09023022239584481,15.238821006774902,180.21365475654602,4.0
0.09457466503469021,0.09457466503469021,13.04389754486084,181.23195910453796,4.0
0.08297942833022204,0.08297942833022204,15.759463630676269,181.0527422428131,4.0
0.10771131109896696,0.10771131109896696,12.798134140014648,176.42747569084167,4.0
0.09263333333302455,0.09263333333302455,15.16205194091797,177.57040762901306,4.0
0.0880440531372677,0.0880440531372677,15.553118591308595,181.08455991744995,4.0
0.08754512635349798,0.08754512635349798,13.246411193847656,174.16571283340454,4.0
0.08603434550185933,0.08603434550185933,17.855452987670898,181.03142666816711,4.0
0.08978758927715491,0.08978758927715491,14.85043798828125,178.77728247642517,4.0
