True SPO,Unamb SPO,MSE,Elapsed,Epochs
0.06720572640486742,0.06720572640486742,30.222591796875,60.62715411186218,4.0
0.108842752786971,0.108842752786971,29.148613739013673,60.42368817329407,4.0
0.06087012238078788,0.06087012238078788,25.856235137939453,61.9851930141449,4.0
0.042558540439439164,0.042558540439439164,26.006542953491213,60.513352394104004,4.0
0.0601927301067803,0.0601927301067803,25.05014337158203,60.4431836605072,4.0
0.06884610056770728,0.06884610057247673,28.992258392333984,60.69361090660095,4.0
0.07970836692460405,0.07970836692460405,25.954768920898438,61.778109073638916,4.0
0.06720682919747085,0.06720682919747085,27.67618508911133,61.58106064796448,4.0
0.024594668864988338,0.024594668864988338,27.517707725524904,60.51113438606262,4.0
0.05955569045279219,0.05955569045279219,28.137578552246094,60.66119074821472,4.0
