True SPO,Unamb SPO,MSE,Elapsed,Epochs
0.1563333443082008,0.1563333443082008,39.48159588623047,359.024777173996,4.0
0.15538446155332672,0.15538446155332672,34.7934736328125,350.9898798465729,4.0
0.1854062614198276,0.1854062614198276,45.767260620117185,358.32605934143066,4.0
0.12048005954189518,0.12048005960208219,34.47433142089844,377.1954309940338,4.0
0.14906087651475602,0.14906087651475602,43.2479313659668,370.43706941604614,4.0
0.14051453548024137,0.14051453548024137,52.34936685180664,354.01234459877014,4.0
0.15944217730741478,0.15944217730741478,38.659900207519534,351.12955379486084,4.0
0.1493911118135398,0.1493911118135398,46.06673086547852,359.5020809173584,4.0
0.16126527076626762,0.16126527076626762,45.909856475830075,369.18986916542053,4.0
0.14607441403000795,0.14607441403000795,39.33818823242188,369.4773099422455,4.0
