True SPO,Unamb SPO,MSE,Elapsed,Epochs
0.153757628595802,0.153757628595802,42.22057336425781,369.5401504039765,4.0
0.13857051327636302,0.13857051327636302,37.186743743896486,355.0536012649536,4.0
0.1770011649186986,0.1770011649186986,43.3531096496582,364.007865190506,4.0
0.11674135723394129,0.11674135723394129,31.76074722290039,350.91365909576416,4.0
0.16237686685675112,0.16237686685675112,37.6556549987793,374.61857748031616,4.0
0.17241038155798433,0.17241038155798433,44.4486435546875,366.1701235771179,4.0
0.17268842932772965,0.17268842932772965,39.381609130859374,363.0501973628998,4.0
0.15076684958438594,0.15076684958438594,40.049455352783205,360.3325581550598,4.0
0.14660773772173682,0.14660773772173682,34.37661126708984,372.2494103908539,4.0
0.1521350477887914,0.1521350477887914,41.12840832519531,356.5978512763977,4.0
