True SPO,Unamb SPO,MSE,Elapsed,Epochs
0.11372102073688296,0.11372102073688296,5.664070537567139,201.3355576992035,4.0
0.15500770415976886,0.15500770417872115,5.732938034057617,198.85028195381165,4.0
0.10828336543910713,0.10836475901898972,5.86537809753418,214.85819816589355,4.0
0.1681548493210123,0.1681548493210123,5.640127086639405,199.9846007823944,4.0
0.1858550255678911,0.1858550255678911,5.719042896270752,198.35193705558777,4.0
0.17479389580724203,0.17479389581570548,5.782896240234375,192.64297127723694,4.0
0.17050380784952987,0.17050380784952987,5.715615753173828,200.71382331848145,4.0
0.1783129700756025,0.17831297011347488,5.621736911773682,212.16627526283264,4.0
0.09690045183728983,0.09690045183728983,5.559816837310791,215.8668394088745,4.0
0.15938396383069364,0.15938396497007584,5.7119821968078615,202.340190410614,4.0
