True SPO,Unamb SPO,MSE,Elapsed,Epochs
0.1429921610047729,0.1429921610047729,45.11351440429687,59.81658673286438,4.0
0.17232665639392195,0.17232665639392195,44.830497894287106,59.692055463790894,4.0
0.1197330222206915,0.1197330222206915,46.59541864013672,60.37849235534668,4.0
0.20845326910589068,0.20845326910589068,46.74182089233398,59.50390672683716,4.0
0.21705717504920966,0.21705717504920966,43.970030517578124,59.66808533668518,4.0
0.2272700695777721,0.2272700695777721,42.558362884521486,60.14942693710327,4.0
0.21227299355532434,0.21227299355532434,43.97167742919922,60.574326515197754,4.0
0.22428290996389122,0.22428290996389122,45.65885330200195,60.130287408828735,4.0
0.21207586266379233,0.21207586266379233,42.89401892089844,60.10233783721924,4.0
0.18668277215706874,0.18668277215706874,48.75751779174805,60.24861192703247,4.0
