True SPO,Unamb SPO,MSE,Elapsed,Epochs
0.010699023675065663,0.010699023675065663,33.25654138183594,321.9728813171387,4.0
0.020046484601902795,0.020046484601902795,33.08403695678711,329.2341208457947,4.0
0.012953918029266286,0.012953918029266286,33.26875677490234,211.75829887390137,4.0
0.012804552729813961,0.012804552729813961,35.272348114013674,453.550883769989,4.0
0.01994081172484519,0.01994081172484519,36.24051937866211,443.03083086013794,4.0
0.023049457347816844,0.023049457347816844,36.789189849853514,307.18669414520264,4.0
0.021643498152308135,0.021643498152308135,35.699794219970705,493.26893281936646,4.0
0.014641755592531492,0.014641755592531492,36.21743133544922,375.4963946342468,4.0
0.10610146904811339,0.10610146904811339,38.12909649658203,350.6795790195465,4.0
0.01779295638375056,0.01779295638375056,35.37249937438965,294.96881079673767,4.0
