True SPO,Unamb SPO,MSE,Elapsed,Epochs
0.08946034045606183,0.08946034045606183,14.723019760131836,177.56167006492615,4.0
0.09009978477763614,0.09009978544514995,15.290705879211426,178.46506071090698,4.0
0.0942295020236147,0.0942295020236147,13.074913398742677,177.16986536979675,4.0
0.08313002620377961,0.08313002620377961,15.795195465087891,179.99724411964417,4.0
0.10633492147483206,0.10633492147483206,12.839761093139648,177.96680569648743,4.0
0.09319999999968934,0.09319999999968934,15.205028442382812,178.0084686279297,4.0
0.08844849578418801,0.08844849578418801,15.593216033935548,180.40005350112915,4.0
0.08747827249603063,0.08747827249603063,13.292938110351562,175.5697820186615,4.0
0.0870863186623249,0.0870863186623249,17.905892196655273,177.26385188102722,4.0
0.08901462449343285,0.08901462449343285,14.900272216796875,176.7473201751709,4.0
