True SPO,Unamb SPO,MSE,Elapsed,Epochs
0.08382267698257562,0.08382267698257562,39.04462126159668,187.06847310066223,4.0
0.08481069711517225,0.08481069711517235,36.76016230773926,180.4013648033142,4.0
0.08148457868050203,0.08148457868871788,27.69231977081299,181.7526593208313,4.0
0.07434419140517307,0.0743441914493551,45.988472427368166,187.33707904815674,4.0
0.0950766385515872,0.0950766385515872,30.291342987060546,181.98881459236145,4.0
0.08437253955735054,0.08437253955735054,44.3344273223877,181.04611992835999,4.0
0.07397628421208897,0.0739762842123412,44.96636822509765,182.19919681549072,4.0
0.07604262597006699,0.07604262597006699,30.023347854614258,174.5344636440277,4.0
0.07598537179992688,0.07598537179992688,59.768488250732425,182.01188564300537,4.0
0.07186063959469226,0.07186063959469652,35.92417282104492,178.1603877544403,4.0
