True SPO,Unamb SPO,MSE,Elapsed,Epochs
0.0020664440444109027,0.0020664436859012653,0.18714144089409895,0.4945487976074219,0.0
0.0026584135754309578,0.0026584135754309578,0.16512149218152436,0.04188704490661621,0.0
0.002785404369686667,0.002785404369686667,0.16902974658194095,0.0626683235168457,0.0
0.002812280180756184,0.002812280180756184,0.24084437982899728,0.04042959213256836,0.0
0.0019194539537392401,0.0019194539537392401,0.17954425970180551,0.05067896842956543,0.0
0.003101272480616245,0.003101272480616245,0.170859621879126,0.04541635513305664,0.0
0.0028689328799790578,0.0028689328799790578,0.18075952423886105,0.04527688026428223,0.0
0.002723182464157295,0.002723182464157295,0.19432683901387665,0.039029836654663086,0.0
0.002825856404789571,0.0028258564768689322,0.19781044383708063,0.04128384590148926,0.0
0.0029617856331075046,0.0029979032017193063,0.18895992776681572,0.04726672172546387,0.0
