True SPO,Unamb SPO,MSE,Elapsed,Epochs
0.12755589213352356,0.12755589213352356,35.59092367553711,386.76987051963806,4.0
0.13735081197372545,0.13735081197372545,36.87316314697266,391.95711874961853,4.0
0.13423703285282174,0.13423703285282174,36.922667007446286,387.3225121498108,4.0
0.16288666003986962,0.16288666003986962,34.020197341918944,387.9457745552063,4.0
0.13156873125063853,0.13156873125063853,33.565130981445314,386.9473206996918,4.0
0.12126666666626244,0.12126666666626244,36.91786114501953,400.0230281352997,4.0
0.14261269949866964,0.14261269949866964,38.223430114746094,386.57276821136475,4.0
0.12815884476491457,0.12815884476491457,29.711460708618166,385.53413367271423,4.0
0.10866598430538875,0.10866598430538875,38.52089666748047,402.79144978523254,4.0
0.12562223665050978,0.12562223665050978,39.15184866333008,382.1568365097046,4.0
