True SPO,Unamb SPO,MSE,Elapsed,Epochs
0.11560827330960283,0.11560827330960283,2.712012603759766,326.8873858451843,4.0
0.11622033205765991,0.11622033205765991,2.554633491516113,278.68570137023926,4.0
0.09846352903089613,0.09846352903089613,2.6361283283233643,326.38723039627075,4.0
0.125728443311841,0.125728443311841,2.5469641208648683,306.6713128089905,4.0
0.12875610259078063,0.1287561025918698,2.489779386520386,312.11545753479004,4.0
0.12643559234307145,0.12653905718114103,2.648368402481079,285.6797866821289,4.0
0.11877647385556983,0.11877647385556983,2.5601706733703615,336.82192850112915,4.0
0.12264183962716516,0.12264183962716516,2.467976251602173,418.5208013057709,4.0
0.10137398318373991,0.10137398268951886,2.608690655708313,424.98501777648926,4.0
0.1134785268214536,0.11347852747784824,2.5801215438842773,411.7033865451813,4.0
