True SPO,Unamb SPO,MSE,Elapsed,Epochs
0.009013785790001942,0.009013785790001942,3.735826921463013,562.0201795101166,4.0
0.009457900807345413,0.009457900814424592,3.3489555473327637,628.9858860969543,4.0
0.009290702889699203,0.009290702889699203,2.754069730758667,426.8289318084717,4.0
0.006787817842239664,0.006787817842239664,2.7841531143188476,346.04548597335815,4.0
0.006377099128440526,0.006377099128440526,2.2052821350097656,413.6802787780762,4.0
0.010562404765166358,0.010562404765166358,3.74964928817749,340.60284066200256,4.0
0.007185670720995528,0.007185670720995528,2.4658864126205446,333.40044808387756,4.0
0.005932142082015727,0.005932142082015727,2.912285617828369,379.85517477989197,4.0
0.008037922474046793,0.008037922506155407,3.3617286422252657,380.35309076309204,4.0
0.011805529601097703,0.01180553015425091,2.9485192794799806,342.895179271698,4.0
