True SPO,Unamb SPO,MSE,Elapsed,Epochs
0.11625062545139198,0.11625062545139198,4.290104862213135,385.1306130886078,4.0
0.16511556240318917,0.16511556240318917,5.760923500061035,727.0278971195221,4.0
0.11110508180234119,0.11110508180234119,4.8791569480896,639.1268303394318,4.0
0.18334018680554737,0.18334018680554737,7.077371452331543,787.1705770492554,4.0
0.19902926646000338,0.19902926646000338,8.07661865234375,1063.6648228168488,4.0
0.19063906916859427,0.19063906916859427,6.839611339569092,1200.2273638248444,4.0
0.1896602226122154,0.1896602226122154,7.393747200012207,794.5308377742767,4.0
0.18921215317397905,0.18921215317397905,7.445993282318115,751.9186301231384,4.0
0.09905891156042519,0.09905891156042519,3.6335155334472655,706.7163469791412,4.0
0.17209723690118647,0.17209723690118647,6.493392242431641,794.396612405777,4.0
