True SPO,Unamb SPO,MSE,Elapsed,Epochs
0.0013100845316406935,0.0013100845316406935,26.815163970947264,40.127289056777954,4.0
0.006064787913981461,0.00613741932214909,22.13481182861328,45.79659104347229,4.0
0.0035797712586731188,0.0035797712586731188,28.077720764160155,39.16526961326599,4.0
0.005548639516252717,0.005548639516252717,20.58952000427246,45.862990856170654,4.0
0.006447294250259134,0.006447294262837999,19.88933386230469,47.517624378204346,4.0
0.00689362604727651,0.00689362604727651,19.380509704589844,44.3980929851532,4.0
0.006017948266739335,0.006017948266739335,19.630839447021483,46.56092119216919,4.0
0.006204133725648937,0.006204133725648937,20.507750305175783,44.24518299102783,4.0
0.0005711203477470219,0.0005711203477470219,28.60227798461914,39.27048420906067,4.0
0.0048166752660558495,0.004816676999349666,23.449202163696288,43.091058015823364,4.0
