True SPO,Unamb SPO,MSE,Elapsed,Epochs
0.003616277221413065,0.003616277221413065,13.72041675567627,176.38582253456116,4.0
0.0033264998259260954,0.0033264998259260954,13.937724433898925,171.29238605499268,4.0
0.0038257798704979923,0.0038257798773488594,12.565579948425293,172.81761813163757,4.0
0.004259397295267598,0.004259397295267598,13.530555610656739,171.50403594970703,4.0
0.004936646371544608,0.004936646371544608,11.591200859069824,171.70550847053528,4.0
0.00402123210550096,0.00402123210550096,11.938802879333496,171.30839490890503,4.0
0.00375867012824521,0.00375867012824521,11.512970932006835,175.1119782924652,4.0
0.00500794912557628,0.00500794912557628,12.002705322265625,171.70258283615112,4.0
0.0030934433224182427,0.0030934433224182427,13.607155265808105,170.94356083869934,4.0
0.003741850866011874,0.003741850866011874,12.433007034301758,173.80523824691772,4.0
