True SPO,Unamb SPO,MSE,Elapsed,Epochs
0.09142167948110531,0.09142167948110531,28.7097978515625,41.2013213634491,4.0
0.1084985934077432,0.1084985934077432,27.627052307128906,34.312506437301636,4.0
0.08915109800038988,0.08915109800038988,26.12078723907471,34.75381135940552,4.0
0.09019184181205332,0.09019184181205332,26.478432525634766,36.577800273895264,4.0
0.08546139977024926,0.08546139977024926,23.039773010253906,39.3965744972229,4.0
0.09159989825737123,0.09159989825737123,29.107020233154298,35.81068158149719,4.0
0.0856308790136697,0.0856308790136697,24.798019302368164,37.92730093002319,4.0
0.08593181065843783,0.08593181065843783,26.46290129852295,38.48673224449158,4.0
0.08340968689746482,0.08340968689746482,28.551974990844727,35.349621057510376,4.0
0.0996162009389989,0.09961620176787192,26.337048370361327,34.68643283843994,4.0
