True SPO,Unamb SPO,MSE,Elapsed,Epochs
0.09050313909255792,0.09050313934264705,42.953946956634525,299.36352491378784,4.0
0.09679937548764819,0.09679937548764819,34.63831185913086,256.49461102485657,4.0
0.07068872746823,0.07068872746823,22.80374137878418,262.53947734832764,4.0
0.08350798403172777,0.08350798403172777,24.61333984375,268.2941312789917,4.0
0.0771994210687553,0.0771994210687553,17.833706649780275,258.19885301589966,4.0
0.09211897319292384,0.09211897319292384,38.0741936340332,266.43738865852356,4.0
0.07675471322669065,0.07675471322669065,22.23106775665283,249.94176292419434,4.0
0.0975597343441371,0.0975597343441371,28.836949584960937,365.3613250255585,4.0
0.08079992399752803,0.08079992399752803,32.62687725830078,325.03475618362427,4.0
0.0998021133919787,0.09980211425272144,27.852421279907226,251.64641213417053,4.0
