True SPO,Unamb SPO,MSE,Elapsed,Epochs
0.13213600697425584,0.13213600697425584,12.675057319641112,174.86919045448303,4.0
0.1104999135093911,0.1104999135093911,13.344625930786133,181.10906791687012,4.0
0.11044223199778241,0.11044223199778241,12.57269985961914,175.06606936454773,4.0
0.0990608516657048,0.0990608516657048,13.016881408691406,173.10832262039185,4.0
0.13129333188089842,0.13129333188089842,12.322244117736817,172.04138088226318,4.0
0.1272508152554684,0.1272508152554684,12.664003074645995,173.9316885471344,4.0
0.1384428552147536,0.1384428552147536,12.66973169708252,171.5391285419464,4.0
0.13043021668312937,0.13043021668312937,12.67674169921875,174.11873149871826,4.0
0.0990238890312772,0.0990238890312772,13.743200233459472,173.556782245636,4.0
0.13298140613922538,0.13298140617339377,13.088186981201172,172.33106970787048,4.0
