True SPO,Unamb SPO,MSE,Elapsed,Epochs
0.1470551136103452,0.1470551136103452,23.487479445284002,0.15171217918395996,0.0
0.13909868733386993,0.13909868733386993,21.8808461629375,0.04161691665649414,0.0
0.13307917701890656,0.13307917701890656,18.979391017063488,0.04123115539550781,0.0
0.1503692067494024,0.1503692067494024,49.88624973798648,0.04093503952026367,0.0
0.1322443521393112,0.13224435213970365,28.17969447977392,0.04078221321105957,0.0
0.12203277783457099,0.12203277783457099,18.851974389932177,0.0407865047454834,0.0
0.1192651410311534,0.1192651410311534,20.823739112804077,0.039362430572509766,0.0
0.1385502071836694,0.1385502071836694,23.87895422706475,0.06385159492492676,0.0
0.1641434769016304,0.1641434769016304,39.55459907185998,0.04454660415649414,0.0
0.13492831688131324,0.13492831688131324,24.318909539394074,0.04201817512512207,0.0
