True SPO,Unamb SPO,MSE,Elapsed,Epochs
0.05739424865263629,0.05739424865263629,37.56140414810181,1984.8844947814941,4.0
0.06239831016452374,0.06239831016452374,28.307384262084963,1557.1256258487701,4.0
0.04436229205165221,0.04436229205165221,20.70771836090088,1924.6210916042328,4.0
0.05393185854983064,0.05393185854983064,20.10186817932129,1637.8949875831604,4.0
0.03674748023781573,0.03674748025051281,16.15786462402344,2039.2600030899048,4.0
0.055531716182306755,0.055531716182306755,34.05826466369629,1941.9779262542725,4.0
0.04156260679817671,0.04156260679817671,18.126069984436036,2163.056976556778,4.0
0.050912795660294316,0.050912795660294316,21.660950244903564,2034.136218547821,4.0
0.034374761286292424,0.034374761286292424,26.4499236869812,1652.0356044769287,4.0
0.06913096502648128,0.06913096556207839,22.613796752929687,1461.421574831009,4.0
