True SPO,Unamb SPO,MSE,Elapsed,Epochs
0.1011820453333098,0.1011820453333098,3.203114504467248,600.7126038074493,0.0
0.0990095924528835,0.0990095924528835,5.04144556546139,599.9668893814087,0.0
0.093936064466751,0.093936064466751,3.1860975715978164,600.0326747894287,0.0
0.0940511426413613,0.0940511426413613,2.670267083555105,608.1098783016205,0.0
0.0967965164855145,0.096895388958644,2.6953563290530074,601.5616879463196,0.0
0.0948394281885467,0.0948394281885467,4.044125710455509,599.8022468090057,0.0
0.1020469385192129,0.1020469385303158,3.623689470331812,600.8480503559113,0.0
0.09947185628513572,0.0996338625657304,3.173201202385025,601.1369457244873,0.0
0.10563966850813764,0.10563966850813764,3.7993536979344644,600.943178653717,0.0
0.09571096267209073,0.09571096267209073,4.122889682026215,600.765876531601,0.0
