True SPO,Unamb SPO,MSE,Elapsed,Epochs
0.11183476556577164,0.11183476556577164,41.13926669311523,418.77459597587585,4.0
0.13388670857453586,0.13388670857453586,30.44559001159668,407.61808586120605,4.0
0.10059295015017254,0.10059295015017254,35.66871209716797,419.76071763038635,4.0
0.11048909840859526,0.11048909841124163,33.37490676879883,408.9441771507263,4.0
