True SPO,Unamb SPO,MSE,Elapsed,Epochs
0.02344027886453923,0.02344027886453923,34.68937908935547,343.41414308547974,4.0
0.11646700893669117,0.11646700893669117,37.2852041015625,349.3750810623169,4.0
0.014879221137020851,0.014879221137020851,32.72092068481445,330.4914071559906,4.0
0.013004484304893859,0.013004484304893859,32.808183547973634,324.84250235557556,4.0
0.02349766102906262,0.02349766102906262,34.601546752929686,327.89886713027954,4.0
0.01961763446989721,0.01961763446989721,34.470120574951174,348.8709533214569,4.0
0.019368170355774136,0.019368170355774136,36.107218994140624,346.35780024528503,4.0
0.02200990799709126,0.02200990799709126,36.3761533203125,394.1630003452301,4.0
0.019859493324351878,0.019859493324351878,35.71950897216797,345.2033088207245,4.0
0.016568005884561393,0.016568005884561393,36.46674542236328,366.04656505584717,4.0
