True SPO,Unamb SPO,MSE,Elapsed,Epochs
0.02775525776139121,0.02775525776139189,40.96158397293091,805.5079228878021,4.0
0.02429138241080041,0.02429138241080041,30.53108819580078,738.0107481479645,4.0
0.019677577856244466,0.019677577856244466,23.63942195701599,781.6141693592072,4.0
0.015393724097057446,0.015393724097057446,22.003048278808595,753.9182734489441,4.0
0.015527104331202595,0.015527104331202595,17.317334533691405,791.4539983272552,4.0
0.028649317212235532,0.028649317212235532,36.8445203704834,706.8753929138184,4.0
0.017114014563955116,0.017114014563955116,20.144823799133302,760.6648449897766,4.0
0.02486438857828327,0.02486438857828327,23.733468379974365,730.3786981105804,4.0
0.01838413159163195,0.01838413159163195,28.34648069000244,595.30335688591,4.0
0.030349487550661927,0.030349487550661927,25.12950372314453,508.8111186027527,4.0
