True SPO,Unamb SPO,MSE,Elapsed,Epochs
0.0012449313066468198,0.0012449313066468198,0.06226216562500001,36.730849504470825,0.0
0.0013897797238336639,0.0013897797238336639,0.0490312625,36.68351864814758,0.0
0.0022326965222136826,0.0022681361495504077,0.055009121875,36.62323498725891,0.0
0.0026448495029499064,0.0026448495029499064,0.084871740625,42.61456608772278,0.0
0.0003929035454134994,0.0003929035454134994,0.05135991249999999,34.87168574333191,0.0
0.0008073196744611987,0.0008073196744611987,0.049282871874999995,39.33874154090881,0.0
0.002328535057559446,0.002434377560175785,0.06572392187500001,38.45822215080261,0.0
0.0020579051214197727,0.0020933862442028724,0.059800390625000005,38.95947790145874,0.0
0.001801419879148745,0.0018367418375634264,0.067205771875,39.83507585525513,0.0
0.000574434618018061,0.000574434618018061,0.06213230312500001,41.884427547454834,0.0
