True SPO,Unamb SPO,MSE,Elapsed,Epochs
0.003457319980911392,0.003457319980911392,12.12534529876709,178.00758743286133,4.0
0.0034038602869941445,0.0034038602869941445,13.018309188842773,176.414448261261,4.0
0.0039361389052238955,0.0039361389052238955,12.32940170288086,182.71567797660828,4.0
0.004223902317807036,0.004223902317807036,12.655531372070312,176.52948689460754,4.0
0.005018923811070351,0.005018923811070351,10.408141578674316,178.76018452644348,4.0
0.003940807463390941,0.003940807463390941,11.658926635742187,185.58474206924438,4.0
0.0037199209516653622,0.0037199209516653622,11.458647491455078,181.13481211662292,4.0
0.004848966613653223,0.004848966613653223,11.720101974487305,178.56244039535522,4.0
0.0030934433224182427,0.0030934433224182427,13.355426902770995,183.63912057876587,4.0
0.003741850866011874,0.003741850866011874,12.23355281829834,177.579847574234,4.0
