True SPO,Unamb SPO,MSE,Elapsed,Epochs
0.19485683016707062,0.19485729505117041,1.911199182510376,190.38550305366516,200.0
0.19165947841466757,0.19185079020714552,1.5763161334991456,190.4498209953308,200.0
0.1808148785767385,0.18081525237543847,1.7425431985855102,186.71166849136353,200.0
0.17889210286667537,0.17889239170667745,1.89891814994812,186.76590585708618,200.0
0.18470921157470457,0.18470954370213763,1.7203098249435425,185.77005219459534,200.0
0.18029844553241106,0.1802987085098978,1.6503878078460694,187.64717364311218,200.0
0.18664155836485619,0.18664197474647562,1.6309757652282715,185.88772869110107,200.0
0.1978305287920592,0.19783089514094984,1.8574628887176514,184.61892867088318,200.0
0.18546977602848277,0.18547041663648958,1.7029311571121215,185.5881311893463,200.0
0.173375482966802,0.17337577908034651,1.7502047271728516,184.95596265792847,200.0
