True SPO,Unamb SPO,MSE,Elapsed,Epochs
0.0814699773268916,0.08147002633598227,2.5962532711029054,39.62092924118042,200.0
0.07572065143902708,0.07572075212080354,2.652890325546265,39.25232172012329,200.0
0.11436098561418634,0.11436102640474297,2.552640179634094,39.0927631855011,200.0
0.12698116651063115,0.1269812200233169,2.4843976707458495,38.962310791015625,200.0
0.09924371196181712,0.09924386571582447,2.5696253871917722,39.00406575202942,200.0
0.10931928615341331,0.10931934458625146,2.648656795501709,39.222086906433105,200.0
0.10072892050181884,0.10072895179799403,2.659487796783447,38.96567630767822,200.0
0.09379302214089015,0.09379308403095371,2.2069315643310548,39.21488928794861,200.0
0.0972618572944951,0.09726188526095504,2.8340222625732423,38.98305344581604,200.0
0.10154758744256567,0.10154764064704287,2.994101807594299,39.34891891479492,200.0
