True SPO,Unamb SPO,MSE,Elapsed,Epochs
0.18727795056589677,0.18727799351500196,15.792578674316406,362.6636793613434,200.0
0.18780544677258718,0.18780545748920083,15.351360656738281,363.69100689888,200.0
0.19736227243067556,0.19736242183480943,12.922343338012695,365.90642857551575,200.0
0.1856196552871686,0.18561966478696892,13.395914176940918,367.2942488193512,200.0
0.20347440015913712,0.20347440748023782,13.107230361938477,385.3849358558655,200.0
0.189064180929795,0.1890642282907863,14.427428916931152,338.5628800392151,200.0
0.18390775073854246,0.1839078717043314,14.972851638793946,272.9498429298401,200.0
0.18413390592813386,0.18413391389744033,10.126013607025147,264.14914178848267,200.0
0.19951315178953496,0.19951315994296526,17.81200584411621,298.543372631073,200.0
0.18469333330600674,0.184693354456282,16.506903060913086,303.84719133377075,200.0
