True SPO,Unamb SPO,Elapsed,Epochs
0.0017971222891279477,0.001797122289127945,150.82154083251953,0.0
