True SPO,Unamb SPO,MSE,Elapsed,Epochs
0.13880046330210097,0.13880088254918738,1.39944363117218,159.85943150520325,200.0
0.13658555168350173,0.13658579284188302,1.1413226761817932,159.55937457084656,200.0
0.13042362266225166,0.13042391245553014,1.249560375213623,162.34427881240845,200.0
0.13044449713272535,0.13044486929175392,1.3883967094421388,154.91356468200684,200.0
0.1380995279514158,0.13809974813457235,1.2348099155426024,155.4682080745697,200.0
0.12313935914614998,0.12313955001156016,1.1359784107208253,152.0462167263031,200.0
0.1366521603049712,0.13665239987074596,1.1748412227630616,150.97699761390686,200.0
0.12706600148399758,0.12706636488687445,1.3509114055633544,153.78429055213928,200.0
0.12725383878113078,0.1272563433937909,1.2176317634582519,154.63262844085693,200.0
0.1299099372525585,0.12991016867103347,1.2372192430496216,150.63451170921326,200.0
