True SPO,Unamb SPO,MSE,Elapsed,Epochs
0.0370558446899484,0.03705584680376237,15.52734507751465,371.03746151924133,200.0
0.018623955300756122,0.018623959373944378,18.183260917663574,384.5814208984375,200.0
0.02173652337894824,0.02173653335784658,14.607868957519532,386.4128167629242,200.0
0.02346315897582393,0.02346316217207463,15.329164154052734,388.49333930015564,200.0
0.018118952400069218,0.01811895432280335,19.415042114257812,380.61388778686523,200.0
0.01689602394475714,0.016896028653087748,16.958793731689454,379.84058570861816,200.0
0.018223993677463374,0.01822399591104198,12.134554512023925,411.9646918773651,200.0
0.031917797148630404,0.031917803255182495,14.511176689147948,383.6093924045563,200.0
0.024603251400238065,0.024603253604454766,15.617763542175293,353.2373924255371,200.0
0.027373257312506682,0.02737325943415202,19.87179214477539,335.9556248188019,200.0
