True SPO,Unamb SPO,MSE,Elapsed,Epochs
0.15278431340171125,0.15278433588602686,13.498958877563476,350.44405698776245,200.0
0.15724877657948028,0.1572487930277376,11.608222690582275,354.22327971458435,200.0
0.11249833557273263,0.11249835090416911,12.51368309020996,357.8519661426544,200.0
0.14312197799013826,0.14312200255695223,14.133785804748536,355.01534366607666,200.0
0.13723296005591668,0.13723299716058457,13.577071235656739,354.2291114330292,200.0
0.15845641471089042,0.15845643647555563,10.201429824829102,353.1760537624359,200.0
0.1545230947454507,0.15452311635697402,11.208437355041504,353.36267375946045,200.0
0.15523561008490305,0.1552356272830577,11.444234535217285,350.1036877632141,200.0
0.15678850894355875,0.15678852246976216,12.67757992553711,347.04346442222595,200.0
0.13647002862624893,0.13647003955127868,11.25544538116455,351.47234439849854,200.0
