True SPO,Unamb SPO,MSE,Elapsed,Epochs
0.1579184134642381,0.15791843262769414,5.4601393432617185,289.51381516456604,200.0
0.12970489311578642,0.12970491977987625,5.485242347717286,288.610121011734,200.0
0.12101921484218345,0.12101924860015592,5.320005014419555,286.74640369415283,200.0
0.18975222782501178,0.189752280433153,4.001915649414062,286.78197598457336,200.0
0.17359218253078934,0.17359221620353604,5.1788416061401366,288.35131764411926,200.0
0.1535182373301451,0.15351829322911573,3.761047035217285,287.8836135864258,200.0
0.26834506887839604,0.26834515553912397,4.7421081304550174,288.4664490222931,200.0
0.15983517252636628,0.15983521969411135,6.8581892700195315,288.4152879714966,200.0
0.2251297430172682,0.22512978734204261,4.464707971572876,287.18086886405945,200.0
0.3679220768541752,0.3679221853680043,6.841125431060791,288.06224942207336,200.0
