True SPO,Unamb SPO,MSE,Elapsed,Epochs
0.014270392569109855,0.014270445358950733,1.4675347108840942,164.179536819458,200.0
0.011259988933945536,0.011260038257186432,1.1500668511390686,167.6596872806549,200.0
0.016717847177065183,0.01671789257516951,1.3514950408935547,163.10977506637573,200.0
0.018456379302226454,0.018456524995479406,1.3979952564239502,164.73653602600098,200.0
0.024541195050001168,0.024541245571381452,1.2664839658737184,163.8002815246582,200.0
0.015646324812903973,0.015646380585332426,1.0518678421974181,165.13945651054382,200.0
0.014911698778248413,0.014911741851717645,1.2911161966323852,164.24358224868774,200.0
0.014321281112891347,0.014321490281718318,1.3737053413391114,167.08974194526672,200.0
0.00945633329386865,0.009456370190194699,1.1984835634231568,164.56301403045654,200.0
0.0195110124777944,0.019511065374241493,1.2947970581054689,163.54689502716064,200.0
