True SPO,Unamb SPO,MSE,Elapsed,Epochs
0.0017659074623738345,0.0017659167836756378,1.9327401838302611,147.1779546737671,200.0
0.0022743883538234072,0.002274587613321404,1.5831648445129394,139.9897265434265,200.0
0.0030171363763262784,0.0030171526126677784,1.6588382968902589,148.0826714038849,200.0
0.002388136557727793,0.002388154519556146,1.8395672035217285,138.07101583480835,200.0
0.0020417570685753415,0.002041765925458905,1.7036240024566651,147.1308310031891,200.0
0.002551063172202475,0.002551087084327071,1.5523667907714844,139.5258071422577,200.0
0.0016415968969711414,0.0016416074821130175,1.6214357814788818,148.9346673488617,200.0
0.0014210021823657603,0.001421012973342913,1.8000539913177491,149.89246034622192,200.0
0.0016498217144977597,0.0016498550219153072,1.6583803462982178,143.30763053894043,200.0
0.0021103450458534014,0.002110357004122636,1.6896856670379639,144.42289113998413,200.0
