True SPO,Unamb SPO,MSE,Elapsed,Epochs
0.1775711488341323,0.1775711628421843,17.048801208496094,260.31351017951965,200.0
0.3376796608171077,0.3376796997562328,8.02259938812256,259.90945959091187,200.0
0.2781692159383198,0.2781692673459572,11.301273338317872,265.69578790664673,200.0
0.16510187266343285,0.1651019119107888,14.96769435119629,263.18222975730896,200.0
0.182657673775197,0.18265768742274313,17.356344787597656,265.65618658065796,200.0
0.16873850151630937,0.16873852376162338,11.57185221862793,261.11644411087036,200.0
0.17020239239753657,0.17020240842376047,14.97650619506836,265.12274289131165,200.0
0.20665190728871058,0.20665192193154897,15.446807098388671,267.60233759880066,200.0
0.1684974313262723,0.16849746695420587,15.640378547668456,265.89977383613586,200.0
0.228598655441678,0.22859870087866058,11.171965660095214,262.42763686180115,200.0
