True SPO,Unamb SPO,Elapsed,Epochs
0.013554710256516318,0.013554710256516304,3.6853091716766357,0.0
0.0164223149973571,0.016422314997357107,3.5828566551208496,0.0
0.018775807701082007,0.018775807701082024,3.7597382068634033,0.0
0.018643737501508263,0.018643737501508252,3.6089770793914795,0.0
0.020966413040215116,0.02096641304021513,3.698789358139038,0.0
0.018775807701082007,0.018775807701082024,3.5628507137298584,0.0
0.018643737501508263,0.018643737501508252,3.5802597999572754,0.0
0.020966413040215116,0.02096641304021513,3.565186023712158,0.0
0.018775807701082007,0.018775807701082024,3.536243200302124,0.0
0.018643737501508263,0.018643737501508252,3.5922024250030518,0.0
