True SPO,Unamb SPO,MSE,Elapsed,Epochs
0.15318245600160071,0.1531824660120959,18.667904479980468,324.3926227092743,200.0
0.17603592569027554,0.1760359373849589,18.324002853393555,334.6240587234497,200.0
0.15075972688386297,0.15075974339738868,15.23348006439209,335.0744013786316,200.0
0.156859037285161,0.15685905079688825,16.79926747894287,332.5202941894531,200.0
0.15020301178474985,0.15020301921481893,18.682736083984373,331.0663068294525,200.0
0.1305575089885454,0.13055753168785889,14.615772438049316,331.5762677192688,200.0
0.16395113395575034,0.16395114523820173,11.679621208190918,347.33744382858276,200.0
0.14525622540528918,0.14525623256859213,16.687993423461915,329.80455470085144,200.0
0.14549020395341922,0.14549021329904874,17.204298156738282,329.20969462394714,200.0
0.156439161729827,0.15643916881796593,14.174488426208496,334.68570137023926,200.0
