True SPO,Unamb SPO,MSE,Elapsed,Epochs
0.014456263415388764,0.014456430278931034,1.4217064924240113,169.31645011901855,200.0
0.011420111878981044,0.011420154325234867,1.1242245149612426,171.94496870040894,200.0
0.0179821497617032,0.017982221360215822,1.2924683084487916,171.31077599525452,200.0
0.020171936243541664,0.020171977882606534,1.3481247577667237,170.3673233985901,200.0
0.022203090254089175,0.02220313468834634,1.223614598751068,171.57095289230347,200.0
0.017535338710083993,0.017535382015460836,1.0108573837280272,170.87298274040222,200.0
0.01513900988105003,0.015139051173694957,1.2410938348770142,171.6620855331421,200.0
0.01210889279153926,0.012108937326694534,1.3126031589508056,170.5962619781494,200.0
0.01127489151508002,0.011274937195602889,1.1486860227584839,171.0640320777893,200.0
0.020544002481722178,0.02054422308043023,1.248347840309143,170.93578577041626,200.0
