True SPO,Unamb SPO,MSE,Elapsed,Epochs
0.08823721129709566,0.08823740159412638,1.5374130258560181,169.2502634525299,20.0
0.07668078051332648,0.07668096979625078,1.4516500935554504,165.91802763938904,20.0
0.07667349912592065,0.07667376160520328,1.1720940532684325,164.5856568813324,20.0
0.07762342048388224,0.07762362614408179,1.1709247646331786,161.3451075553894,20.0
0.08369357613280588,0.08369371107521469,1.4033890438079835,163.04779314994812,20.0
0.07281135035257542,0.07281175745751099,1.212178976535797,174.89950156211853,20.0
0.07873457691577626,0.07873480942016883,1.417758508682251,188.47646141052246,20.0
0.06871389407758213,0.06871401016568267,1.2563788518905639,196.71335101127625,20.0
0.07986479568090896,0.07986503027520647,1.5681304216384888,191.04279088974,20.0
0.08008243154130479,0.08008259815830472,1.4686216206550597,180.94314789772034,20.0
