True SPO,Unamb SPO,MSE,Elapsed,Epochs
0.07101376078907753,0.07101379506931071,2.0136864490509034,32.339120626449585,20.0
0.05934669130149898,0.059346932721738826,2.1925626344680786,32.19639849662781,20.0
0.09625318183818768,0.09625321946246208,2.0910294818878175,29.977259874343872,20.0
0.08413613490218498,0.08413619341292182,1.9699544525146484,31.37503981590271,20.0
0.08814862184386812,0.08814871291864648,1.8418855743408202,30.923019409179688,20.0
0.08664644089973353,0.08664657131717211,2.0728637237548826,31.18217945098877,20.0
0.0767636778248067,0.07676372732063065,2.0698597393035887,31.30688238143921,20.0
0.06776027954761527,0.06776031034863955,2.146919385910034,31.019060134887695,20.0
0.06723316913423383,0.0672332213135627,2.185496362686157,29.91010355949402,20.0
0.06901010757957397,0.06901014109491038,2.069375730514526,30.693864583969116,20.0
