True SPO,Unamb SPO,MSE,Elapsed,Epochs
0.0123453414177946,0.0123454666198618,0.5124380913956474,3364.692258834839,0.0
0.0163944146143799,0.0163945534800974,0.667567837801723,3000.5689539909363,0.0
0.024107948651165,0.024108116515473,0.6827073554468907,2999.303806781769,0.0
0.0146731772537801,0.0146737481742339,0.3617933123103281,2999.8261184692383,0.0
0.0191484485250421,0.0191485862532858,0.9419956052283762,3000.1742100715637,0.0
0.0170951411855125,0.0170953839907455,0.7589177513068984,2995.7428641319275,0.0
0.07656312838457849,0.07656339501867901,0.6758235741785511,3005.545926809311,0.0
0.020933808427729635,0.020933928106433426,0.42918341835091023,3001.281692504883,0.0
0.03454740905065583,0.034547608396563755,0.7215933103616391,3000.524866580963,0.0
0.019586202943526608,0.019586361477370126,0.6582082734202511,3002.7072718143463,0.0
