True SPO,Unamb SPO,Elapsed,Epochs
0.19948733806059488,0.19948733806059515,115.81446623802185,0.0
