True SPO,Unamb SPO,Elapsed,Epochs
0.21854855824117128,0.22417580182551478,361.7004466056824,300.0
0.20886765355874562,0.21337456013408623,376.4727442264557,300.0
0.23116379429655415,0.23709594486481797,364.343213558197,300.0
0.22054578591615628,0.22542408890219032,361.73283433914185,300.0
0.23869489115513107,0.2449646253422445,363.47107553482056,300.0
0.21284769700398595,0.21861019032545753,364.7606348991394,300.0
0.21915362118102658,0.22261854408360507,359.9003674983978,300.0
