True SPO,Unamb SPO,MSE,Elapsed,Epochs
0.024929227391837526,0.024929230114361933,13.504133087158204,350.69814586639404,200.0
0.031898587227413844,0.031898590048590705,11.178743713378907,346.97130393981934,200.0
0.017783613247720896,0.017783616958045187,13.797295555114745,348.9444878101349,200.0
0.02101594992382176,0.021015962907275004,14.91017694091797,347.3723077774048,200.0
0.026315014841099417,0.026315018486965783,10.965315994262696,348.7055459022522,200.0
0.01843778368827128,0.01843779199199578,10.128841751098633,354.7387731075287,200.0
0.02712839326461725,0.027128395802173674,9.91469303894043,350.42297291755676,200.0
0.02615988663574211,0.026159889000239415,11.140759735107421,350.09472036361694,200.0
0.020390408047867674,0.020390410267158824,13.117472221374511,351.1104612350464,200.0
0.03287747942139508,0.03287748255836648,13.454411796569824,347.2700982093811,200.0
