True SPO,Unamb SPO,MSE,Elapsed,Epochs
0.1461968716369573,0.14619720695305113,0.22306919009528248,5.628227472305298,0.0
0.15213618410774934,0.15213651553549093,0.2473160067883258,5.635028839111328,0.0
0.17925788686704375,0.17925862859466107,0.36426539234099875,5.70084023475647,0.0
0.12636332933101496,0.12636358380628593,0.21775882328959514,5.7648327350616455,0.0
0.14888732558193388,0.1488876894476879,0.2726572004684215,5.942895174026489,0.0
0.17925788686704375,0.17925862859466107,0.36426539234099875,5.757735252380371,0.0
0.12636332933101496,0.12636358380628593,0.21775882328959514,5.753125190734863,0.0
0.14888732558193388,0.1488876894476879,0.2726572004684215,5.920910835266113,0.0
0.17925788686704375,0.17925862859466107,0.36426539234099875,5.817196846008301,0.0
0.12636332933101496,0.12636358380628593,0.21775882328959514,5.8973002433776855,0.0
