True SPO,Unamb SPO,Elapsed,Epochs
0.018298943955791527,0.018308504208520426,220.30023765563965,300.0
0.014521276837228201,0.014536371672728537,229.42086458206177,300.0
0.018987763030696183,0.018992900928455753,222.653475522995,300.0
0.024785262687461326,0.024789683816148142,232.7555809020996,300.0
0.01784585810934038,0.01785138314551546,230.82355189323425,300.0
0.012181452953766495,0.01222218005887016,208.1986846923828,300.0
0.022287667947627692,0.02229301104340162,206.09748315811157,300.0
0.024430310177686612,0.02443748805764433,220.71603178977966,300.0
0.013741999324845324,0.013797647193986115,212.94366550445557,300.0
0.02610035450649465,0.026106343868801223,197.45980644226074,300.0
