True SPO,Unamb SPO,MSE,Elapsed,Epochs
0.13975446741341643,0.1397547037595452,1.364502239227295,154.5966260433197,200.0
0.1391541050937675,0.13915441977054127,1.1113114290237427,150.1466121673584,200.0
0.1279259344138836,0.12792614278454714,1.2098991756439208,143.45230960845947,200.0
0.12889476490733953,0.12889495843164783,1.3407071571350098,148.20757150650024,200.0
0.1394750733504004,0.13947548528294273,1.198884428024292,147.53433418273926,200.0
0.12262623435385114,0.1226264193819283,1.1004855060577392,154.76823210716248,200.0
0.1381318809548342,0.1381320785025659,1.1398269329071045,155.74189686775208,200.0
0.12812001969891662,0.12812022786813246,1.30859117603302,155.25784468650818,200.0
0.13352566812844027,0.13352620019709233,1.1815457620620728,155.3710699081421,200.0
0.1357898435355378,0.1357906858193865,1.2036533212661744,154.92736625671387,200.0
