True SPO,Unamb SPO,MSE,Elapsed,Epochs
0.17032582774744068,0.17032584146530785,17.0878800201416,346.03104639053345,200.0
0.18563571419862382,0.18563573603261868,14.087362106323242,330.2694284915924,200.0
0.11290456993709351,0.11290462075398655,17.71227456665039,324.3703866004944,200.0
0.17951232251881163,0.1795123714979179,11.89551131439209,336.34856939315796,200.0
0.16571424868503906,0.1657142687818732,15.272961059570312,336.8368811607361,200.0
0.1257521479763258,0.1257521617700919,13.708606391906738,323.57082653045654,200.0
0.2443899992725286,0.24439005519698198,9.763580936431884,341.5137548446655,200.0
0.17003259366341036,0.17003261475094045,13.698457916259766,330.35513734817505,200.0
0.20851814939577346,0.2085181719206067,14.708429985046386,339.97809767723083,200.0
0.3871238800121683,0.387123914369447,12.892184516906738,333.363272190094,200.0
