True SPO,Unamb SPO,Elapsed,Epochs
0.00551561163136294,0.0057486599089779135,119.22909235954285,0.0
