True SPO,Unamb SPO,MSE,Elapsed,Epochs
0.1396066576670401,0.13960689360747225,1.3954393692016602,214.684161901474,200.0
0.13934926893291247,0.1393494609650067,1.0803923482894897,209.51933598518372,200.0
0.12251628902791366,0.12251659757436494,1.2106471939086914,210.54351544380188,200.0
0.12639779762021672,0.1263980068619474,1.3754364643096924,191.13936352729797,200.0
0.13830157931977882,0.13830171857167622,1.1723397173881531,194.1125328540802,200.0
0.12564346147569797,0.1256436548803665,1.1297277402877808,191.06759119033813,200.0
0.1279723157736204,0.1279724675654729,1.1722923583984375,186.65326762199402,200.0
0.14808227897405613,0.1480825226390651,1.3024478406906128,202.00065684318542,200.0
0.12044917307100225,0.12044932843972349,1.200632532596588,177.10367393493652,200.0
0.12488010759046549,0.1248803580298888,1.2606024532318114,172.4282660484314,200.0
