True SPO,Unamb SPO,MSE,Elapsed,Epochs
0.061791688559093116,0.06179169970702666,18.04705598449707,314.9022388458252,20.0
0.11537328594836259,0.11537329702756793,15.486436004638671,315.9901077747345,20.0
0.04489663658693367,0.04489664818200452,16.732669204711915,319.1974763870239,20.0
0.057785465097991186,0.05778550758722021,10.85107012939453,318.2313048839569,20.0
0.06369145613485569,0.06369146484862276,15.708261169433595,349.35775232315063,20.0
0.05243066283191988,0.05243067196577777,18.129499603271483,344.35981798171997,20.0
0.070366509018823,0.07036653684205324,14.58560830307007,256.38838386535645,20.0
0.3171706666952884,0.3171711591323355,12.2472283782959,257.5433986186981,20.0
0.03822430140340242,0.03822431243089635,16.13314225769043,259.2283561229706,20.0
0.0510885640698516,0.0510885752337475,13.645525695800782,258.27692222595215,20.0
