True SPO,Unamb SPO,MSE,Elapsed,Epochs
0.09000821324080902,0.09000842611397719,1.5546775913238526,161.42152881622314,20.0
0.07657759564005802,0.07657792231635753,1.4335365743637085,159.2876377105713,20.0
0.07731404986773188,0.07731415353427423,1.3385234775543213,160.27541756629944,20.0
0.08496443902418654,0.08496496134209797,1.3078160285949707,159.86862921714783,20.0
0.07605526130317725,0.07605541636839039,1.2938071570396423,159.116712808609,20.0
0.11311983655550688,0.1131204572611202,1.5321186170578003,158.67181825637817,20.0
0.07876913646608191,0.07876954281453995,1.2156173825263976,159.08162093162537,20.0
0.07740564003742567,0.07740610707624963,1.4523986053466797,158.79864740371704,20.0
0.08965344048983899,0.08965356410973817,1.3434147644042969,158.50171780586243,20.0
0.07118928746020659,0.07118944142794945,1.3067292194366456,159.11668944358826,20.0
