True SPO,Unamb SPO,MSE,Elapsed,Epochs
0.1805285726579663,0.18052871337767928,17.305833450317383,280.6093316078186,20.0
0.1320486483614385,0.13204865586562464,18.362781341552733,277.37654733657837,20.0
0.12116052869506949,0.1211605398963799,19.21695221710205,277.14799523353577,20.0
0.13171474034291386,0.13171476027866835,15.42531869506836,283.425968170166,20.0
0.1426543796081898,0.1426543911150684,14.862705780029296,284.5630371570587,20.0
0.1474267606380461,0.1474268711327192,20.003983520507813,284.11160230636597,20.0
0.13217024322764714,0.1321702477368824,18.757615280151366,281.5755560398102,20.0
0.11132273242633392,0.1113227388450617,17.510509048461913,278.424777507782,20.0
0.1295054596387363,0.12950546673749172,16.96944677734375,273.21112084388733,20.0
0.12671757753479868,0.1267175845312164,17.59366358947754,268.1290397644043,20.0
