True SPO,Unamb SPO,MSE,Elapsed,Epochs
0.03277374358247937,0.03277381634184618,3.078199737548828,143.51377964019775,200.0
0.029812936431590498,0.029813069403038468,2.444771339416504,135.41783809661865,200.0
0.05806920296706435,0.058069252294838614,3.2065943126678467,137.16872668266296,200.0
0.04741829242663665,0.047418343393302365,3.1065345821380617,136.73510360717773,200.0
0.031554132710794616,0.03155417884178662,2.708582805633545,135.89133858680725,200.0
0.044759360447897176,0.04475948691055874,2.29473028755188,136.67405104637146,200.0
0.034117729712363556,0.034117780127136475,2.9181443042755126,136.60128235816956,200.0
0.03543000095386755,0.03543003695790091,2.9496557998657225,136.346421957016,200.0
0.04226873135600619,0.04226877642983963,2.697463104248047,135.4137282371521,200.0
0.05041188650627877,0.05041193813818435,2.835363805770874,135.02656245231628,200.0
