True SPO,Unamb SPO,MSE,Elapsed,Epochs
0.1209198963832732,0.12092003960643086,1.657633378982544,139.2767231464386,200.0
0.09857938209958761,0.09857952703452759,1.1624936428070067,139.41978240013123,200.0
0.08774660264399077,0.08774675145175727,1.183256296157837,139.25027561187744,200.0
0.10469280175108815,0.1046929517762733,1.6839847106933594,139.72322964668274,200.0
0.10598378227380736,0.1059839027287527,1.177686858177185,141.1200771331787,200.0
0.08870232877144478,0.0887024487217301,1.287127227783203,141.8449809551239,200.0
0.10438960559512352,0.10438974750899174,1.498735429763794,138.60098528862,200.0
0.1271573906424794,0.12715752664813282,1.4384501342773437,138.4057993888855,200.0
0.11631698955761408,0.1163171637974982,1.42763650226593,138.77153754234314,200.0
0.10925458131959685,0.10925480853336555,1.5938529090881348,138.02846121788025,200.0
