True SPO,Unamb SPO,Elapsed,Epochs
0.1506975669763401,0.1506975669763403,145.11226081848145,0.0
