True SPO,Unamb SPO,MSE,Elapsed,Epochs
0.21957196718930322,0.21957199169110295,10.990565048217773,79.25034165382385,200.0
0.22812328183716743,0.22812331654684512,11.291328544616698,79.04716992378235,200.0
0.178831465365501,0.17883148666246962,11.21675224685669,78.6000542640686,200.0
0.18434646612347527,0.18434657144881736,14.957070098876953,79.57676243782043,200.0
0.175061255596336,0.1750612843118485,12.797330795288087,79.25082492828369,200.0
0.16072149013486584,0.16072151127432077,13.98942781829834,79.34461069107056,200.0
0.13545709827875044,0.13545712383332636,10.722622886657716,78.88009548187256,200.0
0.13949297666812163,0.13949300555986516,10.958656768798829,79.48092007637024,200.0
0.14373458423521637,0.14373462403908127,14.488051696777344,79.31222534179688,200.0
0.2048094156684741,0.20480944190907724,10.45813228225708,79.21749925613403,200.0
