True SPO,Unamb SPO,MSE,Elapsed,Epochs
0.09650638421593374,0.09650659137015749,2.9650336923599245,175.54556226730347,20.0
0.07643429582891809,0.07643449863263635,3.6462407636642458,175.12604403495789,20.0
0.07082966366393734,0.07082974632888395,2.3498633155822755,168.09835577011108,20.0
0.07572513931335269,0.0757252589469805,2.3265810890197756,168.77854776382446,20.0
0.08908125286781984,0.08908131593208583,3.4359139070510865,175.12346076965332,20.0
0.07291051436549875,0.07291060071094062,2.8754128561019896,177.87313318252563,20.0
0.07794661122283528,0.07794669399024391,3.364046913146973,175.40634441375732,20.0
0.06872776426286466,0.06872784276764733,2.3054058303833007,175.122211933136,20.0
0.07883728374029153,0.07883761812983558,3.605927381515503,176.69749665260315,20.0
0.08830981403075083,0.08831004119565146,3.4823900156021117,169.4785327911377,20.0
