True SPO,Unamb SPO,Elapsed,Epochs
0.014170347453741652,0.014170347453741641,120.4995424747467,0.0
