True SPO,Unamb SPO,MSE,Elapsed,Epochs
0.09989761686643774,0.09989762552753884,14.803442443847656,51.89652895927429,20.0
0.0878493408092822,0.08784937706351541,15.753574829101563,51.81848883628845,20.0
0.1143748923866306,0.11437490107666606,14.22323371887207,53.0181097984314,20.0
0.12939826825031603,0.1293982768700317,17.333230194091797,52.85157895088196,20.0
0.10993692862307998,0.10993693869311247,15.026317153930664,52.220837116241455,20.0
0.1202726413548967,0.12027265081413029,17.134519927978516,51.68405032157898,20.0
0.10929906738132246,0.10929907923013886,14.957357528686524,51.47217011451721,20.0
0.07333212304819785,0.0733321441897993,14.155849990844727,51.133549451828,20.0
0.09142964973858866,0.091429661572001,18.548271911621093,50.9637405872345,20.0
0.1104392662834088,0.11043927460642781,18.30331915283203,51.499844551086426,20.0
