True SPO,Unamb SPO,MSE,Elapsed,Epochs
0.19656513848295193,0.1965651465159282,13.512518981933594,342.3831377029419,200.0
0.20384188321771485,0.20384189392758237,12.687689292907715,334.8231735229492,200.0
0.1751182109122416,0.175118221289273,13.05946061706543,331.6883509159088,200.0
0.1842438157612266,0.1842438368043487,10.705330772399902,330.8106460571289,200.0
0.1921316567225954,0.1921316651299312,13.134099243164062,328.4072105884552,200.0
0.17668373124086972,0.1766837408210203,11.565315338134766,335.1064143180847,200.0
0.19886218600924876,0.19886219671610825,12.167768417358399,333.2914717197418,200.0
0.18737584852718045,0.18737586535958636,13.600433090209961,337.7958333492279,200.0
0.19434883165259975,0.1943488426361896,12.934191268920898,332.33800864219666,200.0
0.18587740129915417,0.1858774141466227,13.5513285446167,341.0255501270294,200.0
