True SPO,Unamb SPO,MSE,Elapsed,Epochs
0.0001703348572517179,0.0001703418460564699,1.884924430847168,132.16005396842957,20.0
0.00026108897546592974,0.000261093311880785,1.6722453746795654,134.30160856246948,20.0
0.0003044850973118766,0.0003044905206016049,1.5960700912475585,137.23041605949402,20.0
0.00027714511219064,0.0002771702460557205,1.4833004732131958,137.82163262367249,20.0
0.00035374608827856046,0.0003537525873283916,1.6685108280181884,137.3720359802246,20.0
0.0001618247990152376,0.00016182907088248963,1.715705083847046,136.72060656547546,20.0
0.0003056050696357825,0.0003056180358193573,1.6896589603424073,135.6217381954193,20.0
0.0002144241069526474,0.0002144291124627146,1.7022065448760986,137.2671298980713,20.0
0.0001788047810354192,0.00017880955546374533,1.8146695222854614,137.34530067443848,20.0
0.00046741294319072637,0.0004674184082421672,1.687314947128296,136.56294512748718,20.0
