True SPO,Unamb SPO,MSE,Elapsed,Epochs
0.20117839790530623,0.20117840847031676,17.736611358642577,334.87177777290344,200.0
0.19546499490932756,0.19546500740805275,15.650957168579101,331.7332270145416,200.0
0.19932939611949166,0.19932940896931614,14.539193481445313,327.65577363967896,200.0
0.1907129092241254,0.19071291568778714,15.72773854827881,332.24864196777344,200.0
0.2037298207914116,0.20372983304342868,17.575916427612306,330.0403051376343,200.0
0.19070623080546106,0.1907062413069382,18.330475219726562,320.9704780578613,200.0
0.17885920669492864,0.17885921495922436,17.011427139282226,325.90583968162537,200.0
0.2149998996740406,0.2149999091170863,18.37151860046387,318.7771780490875,200.0
0.18263464749395525,0.18263467306295347,19.324190895080566,319.6167027950287,200.0
0.18689110407499857,0.18689112063423102,17.09270556640625,339.1289849281311,200.0
