True SPO,Unamb SPO,MSE,Elapsed,Epochs
0.18102052022020654,0.18102052792074655,20.070317886352537,339.4278244972229,20.0
0.17653895914861628,0.17653896588295925,14.132687126159668,341.73864793777466,20.0
0.1783121480258215,0.17831215413890286,16.880199668884277,350.8591949939728,20.0
0.1731940944716676,0.17319409993655127,17.079266983032227,344.3903021812439,20.0
0.17475898389230551,0.17475899124351088,17.494262992858886,353.92559027671814,20.0
0.19772364357895808,0.1977236477612286,17.879583023071287,343.56970047950745,20.0
0.17142829310640623,0.171428298668917,19.668657012939452,347.05712604522705,20.0
0.16376814332983633,0.16376815091632224,20.124895431518556,359.17060351371765,20.0
0.18093445848415252,0.18093446422830708,20.41918162536621,347.4008448123932,20.0
0.17992772293303733,0.1799277320306143,16.94177084350586,351.47691345214844,20.0
