True SPO,Unamb SPO,MSE,Elapsed,Epochs
0.0077300829804562874,0.007730155513494286,1.4258539876937866,200.56029343605042,20.0
0.006714816152013402,0.006714892728370222,1.355575898170471,203.66261410713196,20.0
0.006474956486385797,0.006475059317301621,1.1005032825469971,201.6643409729004,20.0
0.0053199098141587945,0.005319953525365827,1.0077212104797364,198.49297976493835,20.0
0.0070837188515739235,0.007083762207300241,1.3081432547569274,197.8271975517273,20.0
0.00498563477077228,0.004985668010109293,1.126632119178772,199.56069660186768,20.0
0.004657168486621327,0.004657234838731742,1.237321286201477,198.55325365066528,20.0
0.006075507070156842,0.0060755681607372524,1.1041776723861694,201.0587923526764,20.0
0.0076069993482909895,0.007607043958873803,1.4759558782577515,220.6264681816101,20.0
0.006588891703758858,0.006588921636208726,1.3329451265335084,219.15663194656372,20.0
