True SPO,Unamb SPO,Elapsed,Epochs
0.017817851880098618,0.017817851880098618,636.5988705158234,300.0
0.015709760090538025,0.01570976009053803,625.1250021457672,300.0
0.007699631896694359,0.007699631896694357,634.6695992946625,300.0
0.005198478294362495,0.0051984782943624965,635.806964635849,300.0
0.015924866379175125,0.015924866379175125,637.4216179847717,300.0
0.015974736225110777,0.015974736225110777,629.8456475734711,300.0
0.008440594837543402,0.008440594837543402,619.2309203147888,300.0
0.005766660200818093,0.005766660200818092,638.6581676006317,300.0
0.007997665311135506,0.0079976653111355,654.9117712974548,300.0
