True SPO,Unamb SPO,MSE,Elapsed,Epochs
0.19192981336499912,0.19193019626057967,1.9549444131851197,206.50170874595642,200.0
0.17910683284555426,0.17910719131632627,1.6267400856018066,194.2002854347229,200.0
0.1702985335773023,0.17029879938462097,1.7966953449249268,202.65285897254944,200.0
0.17860174041639418,0.17860204041815841,1.9834192113876343,204.02282166481018,200.0
0.18822511359875557,0.18822535152666325,1.7488987684249877,190.5904459953308,200.0
0.1730836521311987,0.1730838767126316,1.6681429109573365,198.90448546409607,200.0
0.1883383365688862,0.1883385224689514,1.6950826091766358,214.06554627418518,200.0
0.18241448841239552,0.18241478095244176,1.9219590187072755,192.7654149532318,200.0
0.17261766027276607,0.17261788442623824,1.7103792200088501,188.6986277103424,200.0
0.17860943452525077,0.1786097759318179,1.8389307203292846,190.46984577178955,200.0
