True SPO,Unamb SPO,MSE,Elapsed,Epochs
0.002023526252709028,0.0020235443787691098,1.7716013078689574,172.1917324066162,200.0
0.0009786332919635911,0.0009786428649943607,1.419844567298889,175.09601378440857,200.0
0.001763237457955985,0.0017632483959279465,1.5667427864074708,174.41251468658447,200.0
0.001289529530164091,0.0012895439703703767,1.7759134950637818,173.56988525390625,200.0
0.0027031200010683757,0.0027031297165008524,1.5932138271331786,176.41604614257812,200.0
0.0012549674289913362,0.001254979728479084,1.3444920587539673,173.3484697341919,200.0
0.0015918420274559808,0.0015918549649720462,1.4570670156478882,169.7714502811432,200.0
0.0033695581648811564,0.003369569338172576,1.6508392114639283,173.93691849708557,200.0
0.0014725146337775672,0.0014725228708055798,1.571574791908264,174.7104091644287,200.0
0.001374577716246761,0.0013745961358198877,1.6061531734466552,171.7900812625885,200.0
