True SPO,Unamb SPO,MSE,Elapsed,Epochs
0.1463729834645011,0.14637301273051198,16.131627769470214,299.0113754272461,20.0
0.1495050741693787,0.14950510485478755,17.47271662902832,289.2930006980896,20.0
0.09730907076754176,0.09730909930084411,15.642859527587891,294.14260172843933,20.0
0.13805610172132599,0.13805613717784027,13.127473876953125,294.53013134002686,20.0
0.13816500383913335,0.13816502900092353,15.737505599975586,293.77783131599426,20.0
0.14575623052636336,0.14575629201679274,17.208977966308595,291.86754393577576,20.0
0.15023289390251357,0.1502329121767235,18.52592869567871,326.2202389240265,20.0
0.1577363618236083,0.1577364128263124,12.377888275146484,326.2625868320465,20.0
0.14447719601785267,0.14447721062060628,16.864138000488282,325.0563941001892,20.0
0.11008796970476331,0.1100879886768159,15.091666763305664,328.560546875,20.0
