True SPO,Unamb SPO,MSE,Elapsed,Epochs
0.0012640473840435,0.0012641514922204,0.0343500836664344,2999.8961057662964,0.0
0.0011344003743836,0.0011345237839371,0.0346738194695163,3000.1794650554657,0.0
0.0019891517301763,0.0019892541278539,0.0326443868987611,2999.815205812454,0.0
0.0022875187847847,0.0022876412597263,0.0673086135134926,3001.185444355011,0.0
0.0016495831758341,0.0016497259419638,0.0653142803587034,3001.277176856994,0.0
0.002070495501111,0.0020705425137339,0.0191911524478083,3502.304668188095,0.0
0.0026754461935419,0.002675520711585,0.0312333072948873,3001.446990251541,0.0
0.001384351017092,0.0013844292296023,0.0259145830899822,2998.964331150055,0.0
0.004515492168290667,0.0045158008955676785,0.07975591014973246,2999.9708070755005,0.0
0.002863147126096318,0.00286322870595215,0.029920911529706336,2999.6285486221313,0.0
