True SPO,Unamb SPO,MSE,Elapsed,Epochs
0.0002975710079905147,0.0002975789574306919,1.9149520301818848,155.46383666992188,20.0
0.000314279165440237,0.00031428430638061924,1.7142876892089844,154.1513261795044,20.0
0.000266374838348831,0.00026637996407347477,1.653569694519043,154.79878425598145,20.0
0.00023594367695928226,0.0002359510094899062,1.6094132232666016,154.57739925384521,20.0
0.0005130229260856216,0.0005130294445263541,1.7100291080474854,155.00079441070557,20.0
0.00018402075612739075,0.00018402502285749805,1.7515447454452515,155.19639682769775,20.0
0.00041624225861933275,0.00041624788732869074,1.7666003398895265,154.49549436569214,20.0
0.00019845530376453777,0.0001984605490969479,1.7643312587738038,154.69074320793152,20.0
0.00024319541119263976,0.00024320083078799824,1.8661717128753663,155.02064871788025,20.0
0.00025821711834820785,0.0002582240394353589,1.72327712059021,154.36260437965393,20.0
