True SPO,Unamb SPO,Elapsed,Epochs
0.0998967556187513,0.09989675561875126,11.813833475112915,0.0
0.0968601430566362,0.09686014305663623,11.7941415309906,0.0
0.10096269632679318,0.10096269632679318,11.530208826065063,0.0
0.08810415744476616,0.08810415744476614,11.670122623443604,0.0
0.08696983263359698,0.08696983263359694,11.601925611495972,0.0
0.08749558831926034,0.08749558831926035,11.473145008087158,0.0
0.08387148248679407,0.08387148248679407,11.488446950912476,0.0
0.09361597340666662,0.09361597340666662,11.539893865585327,0.0
0.07220484909820368,0.07220484909820368,11.350605487823486,0.0
0.08783147273067347,0.08783147273067346,11.84535026550293,0.0
