True SPO,Unamb SPO,MSE,Elapsed,Epochs
0.1898433409932093,0.1898462810122667,3.0719237518310547,139.45448541641235,100.0
0.11235795655113147,0.11236161874878514,2.5960441284179687,130.19287538528442,100.0
0.139253425727578,0.1392547756958416,2.876130859375,121.42331600189209,100.0
0.32994934386497254,0.32995359846726247,2.947221466064453,131.775057554245,100.0
0.087622791070715,0.0876234939544618,2.831399673461914,145.82025337219238,100.0
0.15270204675543658,0.15270290328319489,3.0738275451660155,146.57379293441772,100.0
0.20796321308232438,0.20796327859157362,2.4054488830566405,128.92724990844727,100.0
0.25370324187166715,0.25370508078018433,2.7812565155029296,145.22447538375854,100.0
0.2640639624408006,0.2640652022886867,2.674858932495117,147.14967679977417,100.0
0.1450000154718532,0.1450007310862057,2.5194725646972658,134.34567427635193,100.0
