True SPO,Unamb SPO,Elapsed,Epochs
0.14619690986156797,0.14619690986156791,5.82177734375,0.0
0.15213622432154697,0.15213622432154691,5.840425968170166,0.0
0.17925793528946807,0.1792579352894681,5.680872440338135,0.0
0.12636336513843544,0.12636336513843538,5.716189384460449,0.0
0.14888736799431784,0.14888736799431784,5.681194543838501,0.0
0.17925793528946807,0.1792579352894681,5.647223711013794,0.0
0.12636336513843544,0.12636336513843538,5.682415008544922,0.0
0.14888736799431784,0.14888736799431784,5.665410757064819,0.0
0.17925793528946807,0.1792579352894681,5.65050745010376,0.0
0.12636336513843544,0.12636336513843538,5.748203277587891,0.0
