True SPO,Unamb SPO,MSE,Elapsed,Epochs
0.0147014058950167,0.014701463798642796,1.488480004310608,177.09791159629822,200.0
0.015519663773277733,0.015519734199286535,1.122272289276123,176.56425261497498,200.0
0.017556849428352273,0.017556895570554495,1.1019037714004516,167.4328830242157,200.0
0.01623586704436501,0.016235910812142144,1.653870192527771,157.55917716026306,200.0
0.013193611191698198,0.013193711097914965,1.0778505821228028,163.93955945968628,200.0
0.012990350357052385,0.012990392293922398,1.1876068077087403,150.01922750473022,200.0
0.01519353574435752,0.015193569380048615,1.3100436973571776,142.31750059127808,200.0
0.02285240229648368,0.022852612282821035,1.44177032661438,146.91615629196167,200.0
0.010550210886867443,0.010550248276369016,1.293174575805664,145.4216012954712,200.0
0.01232176245796784,0.012321797522826613,1.364046995162964,143.6834840774536,200.0
