True SPO,Unamb SPO,MSE,Elapsed,Epochs
0.09777303963987594,0.09777339840847066,2.9750000438690187,159.98171615600586,20.0
0.08906389887407963,0.0890639950388044,3.218833525657654,157.8110420703888,20.0
0.07657908175293295,0.07657917607304048,3.047909152984619,157.01547694206238,20.0
0.08692915553372046,0.08692926312845542,2.8219638214111327,159.51754593849182,20.0
0.07520457157196264,0.07520464767508105,3.003198714256287,158.66954588890076,20.0
0.12788362408100135,0.1278837500418133,3.2743748722076416,157.03534531593323,20.0
0.0816607892313893,0.08166087194180617,2.049705749988556,156.61473941802979,20.0
0.06988750254075957,0.06988756104769936,3.0458212661743165,157.36104106903076,20.0
0.09324768649645064,0.09324791018908068,2.549460186958313,158.42731761932373,20.0
0.06945567881548184,0.06945578204200213,2.4466534214019777,158.3655354976654,20.0
