True SPO,Unamb SPO,MSE,Elapsed,Epochs
0.07943593544928948,0.07943603641310762,1.2980187644958496,35.95367980003357,20.0
0.06415201639387814,0.06415275432849797,1.323356043815613,35.340980052948,20.0
0.09433295838386307,0.09433317203158562,1.2831172800064088,35.166715145111084,20.0
0.07998399564492778,0.07998417196051154,1.2988203268051148,35.28882956504822,20.0
0.0897496373406524,0.0897497763241836,1.2989080410003662,35.043134927749634,20.0
0.0847976815401689,0.08479843224176627,1.3651685762405394,34.38608145713806,20.0
0.07641084440369145,0.0764112491884253,1.3347017612457275,33.12533760070801,20.0
0.07179220832404679,0.07179239298558393,1.2303008155822754,32.56967091560364,20.0
0.07209376324456945,0.07209396690550891,1.3018577079772948,32.85635828971863,20.0
0.07062887516385498,0.0706289872409217,1.3443866782188416,32.60371923446655,20.0
