True SPO,Unamb SPO,MSE,Elapsed,Epochs
0.015414749234525906,0.015414750194246376,16.90020979309082,376.93005108833313,200.0
0.01029894507412458,0.010298946500198223,14.55035578918457,375.12291073799133,200.0
0.022581592532799406,0.022581593728838098,10.741969074249267,365.7208399772644,200.0
0.013457549688591863,0.013457551486743215,9.838757846832275,378.3535010814667,200.0
0.013873019613907862,0.013873020580475478,15.033350715637207,370.1976521015167,200.0
0.010042522800165817,0.010042524148446485,11.853611846923828,373.35126304626465,200.0
0.014128623295211291,0.014128624613626148,10.37801552581787,370.16061782836914,200.0
0.015763985379899956,0.01576399241799682,12.587953514099121,368.50985074043274,200.0
0.02458036979698175,0.024580370692299264,11.994109161376953,372.04273867607117,200.0
0.00877765359305825,0.00877765480654811,14.049027770996094,366.732225894928,200.0
