True SPO,Unamb SPO,Elapsed,Epochs
0.041023309399452264,0.04102330939945226,119.69605827331543,0.0
