True SPO,Unamb SPO,MSE,Elapsed,Epochs
0.13908350011577797,0.1391046771678515,1.6868810119628905,143.96554017066956,100.0
0.0906154822936947,0.09061563351076261,1.4090716094970703,145.93155717849731,100.0
0.11705496185431964,0.11705587714078775,1.3366237182617187,125.01535630226135,100.0
0.09815203293968607,0.09815212439834427,1.424453125,142.53556656837463,100.0
0.07634612359009416,0.07634625998016488,1.4814314117431642,136.82775235176086,100.0
0.0873173368803108,0.08731744144511101,1.5306612091064453,145.36594319343567,100.0
0.12688459607142968,0.12688467818564847,1.448145965576172,144.2926697731018,100.0
0.1245232346188424,0.1245233369737713,1.4157804107666017,136.83988308906555,100.0
0.08135569140027576,0.08135580303282461,1.354746597290039,144.96892738342285,100.0
0.08975672290476243,0.08975682513335043,1.4331568603515625,144.82625317573547,100.0
