True SPO,Unamb SPO,MSE,Elapsed,Epochs
0.03451907749336324,0.03451912339416681,3.0481418418884276,178.44258093833923,200.0
0.03145781836816345,0.031457868486547524,2.3948051652908324,177.84411764144897,200.0
0.05503809855922812,0.055038230866600986,3.175983751296997,179.26169300079346,200.0
0.04888992531008847,0.048889969330144896,3.003009204864502,182.68001770973206,200.0
0.03412052892211767,0.03412060249817744,2.6881497983932494,174.63735151290894,200.0
0.04626506148259981,0.04626528063341572,2.2067392511367796,177.86157965660095,200.0
0.03232500433726229,0.032325065144863024,2.8685791959762574,177.3605797290802,200.0
0.03551512786045499,0.035515233809269985,2.8319789047241213,174.7646086215973,200.0
0.04418063978007551,0.04418082091211503,2.663635236740112,177.598046541214,200.0
0.051283748258086626,0.05128379072466334,2.807458067893982,171.7711238861084,200.0
