True SPO,Unamb SPO,MSE,Elapsed,Epochs
0.12094896836243114,0.12094931997237943,1.3913181400299073,189.4635090827942,20.0
0.1024408387298295,0.1024410468085045,1.1867329225540162,189.0919942855835,20.0
0.10988578136552347,0.10988609517644858,1.1647112102508546,199.33392000198364,20.0
0.10572228700399576,0.10572271548040517,1.1620017528533935,199.8088607788086,20.0
0.11386301338487013,0.11386318653826442,1.1496960859298706,200.50509810447693,20.0
0.1244399509173558,0.12444029088126157,1.2959082570075988,193.365238904953,20.0
0.11718914129526072,0.11718931698832323,1.1960494499206542,199.53719997406006,20.0
0.102877547855087,0.10287780038284325,1.3096094665527345,197.69974327087402,20.0
0.11803285568003626,0.11803307366044873,1.272619668006897,198.2362334728241,20.0
0.10787951319578512,0.10766243021535452,1.2280842027664185,195.60676431655884,20.0
