True SPO,Unamb SPO,MSE,Elapsed,Epochs
0.1224333465164947,0.12243394156592725,1.375038041114807,171.93283367156982,20.0
0.10813915080230913,0.10813930654925986,1.1530548820495605,169.80801844596863,20.0
0.10925342343753061,0.10925363053637815,1.1030382289886476,162.0896737575531,20.0
0.10990207990378843,0.10990240643482739,1.0878849334716796,164.27983283996582,20.0
0.11523019280961533,0.11523039176945009,1.1735681018829345,164.92960476875305,20.0
0.10818204829605785,0.1081822303518407,1.1773592596054077,165.49551272392273,20.0
0.10999224361586377,0.10999247677504159,1.2452507133483888,160.7811644077301,20.0
0.09926092338894449,0.09926132846150497,1.2188603916168212,171.1552815437317,20.0
0.11571517289773899,0.11571560008719772,1.2974500246047973,164.17369484901428,20.0
0.10955209421103673,0.10955235690354329,1.2354601912498475,166.32538604736328,20.0
