True SPO,Unamb SPO,Elapsed,Epochs
0.22826112661293482,0.22826112661293435,673.3589968681335,300.0
0.21160921769452717,0.21169841241239915,659.9198911190033,300.0
0.20122869750142588,0.20148922289579704,667.8538472652435,300.0
0.22480473219384955,0.2250099841166863,672.9978771209717,300.0
0.20770827139105563,0.20770827139105721,662.608969449997,300.0
0.20753873921941696,0.2077565252961164,682.7849366664886,300.0
0.22501168067981936,0.2250116806798156,656.2075138092041,300.0
0.2179927400415116,0.21799274004151167,678.375408411026,300.0
