True SPO,Unamb SPO,MSE,Elapsed,Epochs
0.11827800285453557,0.11827826096496488,1.3511106481552124,178.1593029499054,20.0
0.10658446414658455,0.10658469031022108,1.1336798200607299,175.82826709747314,20.0
0.11137456759309496,0.11137480119226408,1.0855253887176515,189.82705783843994,20.0
0.11095445974170814,0.11095489939865058,1.0648967475891113,186.90154910087585,20.0
0.11797906374322206,0.11797920682032001,1.1530709738731384,180.86080360412598,20.0
0.108152793309156,0.10815305389812231,1.1553852767944337,177.04399871826172,20.0
0.11117579264406485,0.11117598501165737,1.2208291416168213,186.25415873527527,20.0
0.10112670034411157,0.10112694572177593,1.196614248275757,181.76425862312317,20.0
0.11483284248823007,0.11483317111128613,1.2751538486480714,181.15977263450623,20.0
0.110411443730248,0.1104116227288081,1.211120246887207,181.0934934616089,20.0
