True SPO,Unamb SPO,Elapsed,Epochs
0.010105896370821349,0.010105896370821335,10.79281497001648,0.0
0.012182740774217824,0.012182740774217833,10.55508279800415,0.0
0.014702747024968432,0.014702747024968432,10.699944972991943,0.0
0.008097624871210074,0.008097624871210069,10.58543086051941,0.0
0.011540876351699654,0.011540876351699645,10.347749948501587,0.0
0.01010004642872066,0.010100046428720656,10.552850723266602,0.0
0.007245972464528276,0.007245972464528276,10.66795039176941,0.0
0.008326913094570157,0.008326913094570149,10.49917721748352,0.0
0.010950816346995657,0.010950816346995651,10.685219049453735,0.0
0.007310624915119327,0.007310624915119308,10.041227340698242,0.0
