True SPO,Unamb SPO,MSE,Elapsed,Epochs
0.08944162134955654,0.08927526391422402,1.5478723039627076,175.167884349823,20.0
0.07924799584511906,0.079248138908971,1.4276650428771973,195.0428032875061,20.0
0.07496344904282876,0.07496359005710648,1.3299320278167726,164.05016207695007,20.0
0.0858837660686235,0.08588396011182488,1.2529655532836914,194.61480855941772,20.0
0.07817562946842282,0.07817582772851753,1.2920559387207031,160.23900842666626,20.0
0.11124943057407383,0.11124957841055243,1.5236926364898682,150.125648021698,20.0
0.0791354815656391,0.07913563903453899,1.208330659866333,147.6935248374939,20.0
0.07867923880667765,0.07867934056833972,1.4434671897888183,146.82133960723877,20.0
0.09274236390168689,0.0927424977294115,1.3391623606681824,146.04909539222717,20.0
0.07064723544674562,0.07064748618265372,1.2974757480621337,148.13560962677002,20.0
