True SPO,Unamb SPO,MSE,Elapsed,Epochs
0.058567034929461824,0.05856704721537833,5.643017219543457,368.89684796333313,200.0
0.03790163428874235,0.03790164999825299,5.373638034820557,354.5136706829071,200.0
0.06352838516472703,0.06352839742434438,5.952453945159912,343.34275913238525,200.0
0.05951932253522045,0.05951933860002858,4.6768401355743405,340.44395184516907,200.0
0.05164099925571008,0.05164100791656299,4.968275379180908,341.3953821659088,200.0
0.044219598152044966,0.04421961556946508,4.38758784866333,342.57215762138367,200.0
0.07077553970470532,0.07077555080671348,4.139020032882691,337.3936550617218,200.0
0.05146763567788082,0.051467700111106185,4.590732124328613,330.56055331230164,200.0
0.05533797726714684,0.05533798645880455,4.795433944702149,332.2519075870514,200.0
0.04251099854673927,0.0425110072504651,4.818680278778076,337.83621644973755,200.0
