True SPO,Unamb SPO,MSE,Elapsed,Epochs
0.13880046330210097,0.13880088254918738,1.39944363117218,177.13638710975647,200.0
0.13985290004628168,0.1398531226041351,1.0889543170928955,175.6918466091156,200.0
0.12432849326547726,0.12432876538883643,1.2137371320724488,178.32970118522644,200.0
0.12496448119882636,0.12496498123600254,1.3844188232421875,175.80210542678833,200.0
0.13700879449216968,0.13700892055851277,1.1716980137825013,175.52671909332275,200.0
0.12682070677917084,0.12682104364302155,1.1344277410507202,180.2911937236786,200.0
0.12840792280759045,0.12840813367826265,1.1769071254730226,179.83570170402527,200.0
0.14645005159588598,0.146450269532874,1.305033748626709,173.5045199394226,200.0
0.12077147807508465,0.12081867566060679,1.2032353587150573,172.579833984375,200.0
0.1273673466827501,0.12736761382653763,1.2654814500808715,173.71178340911865,200.0
