True SPO,Unamb SPO,MSE,Elapsed,Epochs
0.12162088801747094,0.12162162141065597,1.3201795663825913,3000.455605983734,0.0
0.24688799827087737,0.24688905101941744,1.2510692157034187,3000.5701920986176,0.0
0.22072011250812065,0.22072078754766236,1.3625861875415064,2999.6301670074463,0.0
0.20700481725173409,0.20700611248397352,2.1764813941851955,3000.317445039749,0.0
0.16183063187973484,0.16183165737433608,2.882412706779151,3002.4331929683685,0.0
0.13373295454183673,0.13373365202135296,1.8360290529662375,3001.498807668686,0.0
0.2518830740573805,0.2518850772005468,1.793427583626092,3013.1681616306305,0.0
0.11239489071646093,0.11239537718686887,0.9061628822207278,3000.6065204143524,0.0
0.11824232098536878,0.11824278960431914,1.1191023145748953,3001.0872864723206,0.0
0.18704755207155102,0.18704837004547908,1.2591271949277465,3000.412225484848,0.0
