True SPO,Unamb SPO,MSE,Elapsed,Epochs
0.10111243857486883,0.10111246415212477,5.966441940307617,298.00695610046387,200.0
0.05788748087299266,0.05788749661403837,4.914601364135742,284.6677978038788,200.0
0.07502613207495684,0.07502615101841438,5.350541645050049,317.43355417251587,200.0
0.13387461342601176,0.13387464237746444,4.104759529113769,318.2588200569153,200.0
0.06667409406287508,0.06667410909287717,4.829519908905029,316.0376410484314,200.0
0.2041169183685322,0.2041169682850536,3.6979106998443605,316.4287898540497,200.0
0.10579385391761748,0.10579388114472696,3.6244797039031984,330.7978026866913,200.0
0.08784325992079652,0.08784330225085127,4.298418716430664,334.87101578712463,200.0
0.08726672719048362,0.08726675371950521,5.114670890808106,329.8362250328064,200.0
0.10737532854585452,0.1073753567361882,6.309953750610352,327.23302721977234,200.0
