True SPO,Unamb SPO,MSE,Elapsed,Epochs
0.19211138116673007,0.19211139437749908,7.312139144897461,341.9817385673523,200.0
0.12880718252882442,0.12880750550307588,4.438782608032226,340.4033863544464,200.0
0.12582520208294776,0.12582522390950165,5.736763038635254,342.6787643432617,200.0
0.1333730292832185,0.13337304804961245,4.7613973083496095,343.70497155189514,200.0
0.14311215891943374,0.14311219129246988,4.679816612243652,338.0536105632782,200.0
0.13372681710853637,0.13372683822849474,4.659766429901123,323.47775650024414,200.0
0.15920856612691722,0.159208591217253,3.9654178161621094,306.0148732662201,200.0
0.17058346943264063,0.17058349322538982,4.836766792297364,314.69239592552185,200.0
0.142538163429718,0.14253818950122976,5.521106441497802,310.6926233768463,200.0
0.14833042771774102,0.14833048010971048,4.806723392486572,338.09036898612976,200.0
