True SPO,Unamb SPO,MSE,Elapsed,Epochs
0.11838515594779929,0.11838548038740997,1.6562458648681642,192.00465369224548,200.0
0.09940507744448451,0.0994051601518339,1.1407280044555663,179.75041007995605,200.0
0.08513956871001088,0.08513972671118893,1.1726453037261964,179.95120668411255,200.0
0.10483171153492372,0.10483182551322189,1.6817691621780395,182.57715916633606,200.0
0.10911570277986503,0.10911602412653686,1.1772119159698486,186.01382064819336,200.0
0.0885874032090673,0.08858756811000733,1.2766739845275878,190.44328451156616,200.0
0.10563169806339195,0.10563181963981812,1.4937646036148071,185.62617778778076,200.0
0.12722145260872722,0.12722164709796888,1.435356346130371,184.2015678882599,200.0
0.11234267404633834,0.1123428585630217,1.4226293773651124,190.32897877693176,200.0
0.10764519620800968,0.10764543058028359,1.5851154699325563,191.83901524543762,200.0
