True SPO,Unamb SPO,MSE,Elapsed,Epochs
0.0009254485005818366,0.0009254737016211556,1.3755578098297119,155.35606718063354,20.0
0.0013516775644605028,0.001351691648308338,1.1703114500045777,154.04179883003235,20.0
0.0014111853574721605,0.0014111979417292847,1.1647275047302246,151.94467115402222,20.0
0.0009293466161240493,0.000929362957567926,1.1225808362960816,153.84684824943542,20.0
0.0008517682461952888,0.0008517809109553758,1.1486090679168701,149.85467910766602,20.0
0.000995778262284372,0.0009958310478954341,1.2998285608291626,155.93713092803955,20.0
0.0009225448211339629,0.0009225573802342341,1.2019276390075684,148.43608593940735,20.0
0.0015983346473554668,0.0015983524315636092,1.2910338802337646,158.58187079429626,20.0
0.0014218808099858392,0.001421897329399098,1.24241361618042,149.86333441734314,20.0
0.0008044901916768633,0.0008045032961937528,1.2165044164657592,157.7123475074768,20.0
