True SPO,Unamb SPO,MSE,Elapsed,Epochs
0.01858056315348493,0.0185806118416,2.7862982597351076,163.38361263275146,20.0
0.01746663742061119,0.017466678617384174,3.4194379348754884,161.41611862182617,20.0
0.01861352795844341,0.01861362856546495,2.2673145408630373,162.55990648269653,20.0
0.015827621590104004,0.015827664968731083,2.221750545501709,162.24285912513733,20.0
0.020069824348182816,0.020069868170852233,3.153264698982239,161.9471995830536,20.0
0.018527188527142864,0.018527220275803682,2.7583344669342043,162.17142963409424,20.0
0.014906444300658923,0.014906486171867654,3.0496019630432127,160.01116251945496,20.0
0.020417115978882593,0.02041715822189051,2.125863557815552,164.88259053230286,20.0
0.023978125845785563,0.02397823772698026,3.4147997817993163,162.4481644630432,20.0
0.018774612875243478,0.01877464343006157,3.1509415435791017,162.29847359657288,20.0
