True SPO,Unamb SPO,MSE,Elapsed,Epochs
0.00387593535632301,0.0038759579990408914,1.366538787841797,219.2528419494629,200.0
0.004695970163927256,0.0046959863217842885,1.100630931854248,210.12347054481506,200.0
0.006540068569515463,0.006540101126545179,1.0863452892303467,204.86963939666748,200.0
0.0045947980981366435,0.004594822393052666,1.3321534156799317,219.28942155838013,200.0
0.003523124646735334,0.0035231419081944507,1.1075898513793945,215.88530325889587,200.0
0.004166298889169868,0.0041663287046753966,1.065014503479004,216.94360303878784,200.0
0.0038954379587126074,0.0038954627741665795,1.120206395149231,216.23803758621216,200.0
0.005834769584330083,0.005834803635139606,1.1660707035064697,218.3831295967102,200.0
0.00489217895787291,0.00489222349275369,1.1086390256881713,223.51009893417358,200.0
0.0035052861600407097,0.003505309306272871,1.1463742504119874,221.69710731506348,200.0
