True SPO,Unamb SPO,Elapsed,Epochs
0.24566619235974607,0.2456664884265577,1197.0862107276917,0.0
0.24298879063044643,0.2429893936067293,1196.7225897312164,0.0
0.24613301358665615,0.24613333206265456,1197.2884285449982,0.0
0.2463736153958483,0.24637480605821208,1196.6050815582275,0.0
0.22616801158301367,0.22617068279569752,1196.8189098834991,0.0
0.21581444299622213,0.2158155316176891,1197.8947360515594,0.0
0.25031945290622104,0.2503199522523655,1195.3265149593353,0.0
0.2426141981098758,0.2426145638607055,9377.029464006424,0.0
