True SPO,Unamb SPO,MSE,Elapsed,Epochs
0.10925009953999534,0.10925031666476592,0.08071385074756282,0.07766032218933105,0.0
0.10081503014056065,0.10081526646515841,0.0825947944327457,0.06925749778747559,0.0
0.12842191785787174,0.12842257057033685,0.07814925426315944,0.06747889518737793,0.0
0.12037212482813064,0.12037255212234925,0.07493049261500641,0.06901216506958008,0.0
0.1250888063375831,0.1250890558835584,0.08351838849119064,0.06950688362121582,0.0
0.1077083503390459,0.10770876970105303,0.07996623206570573,0.0676734447479248,0.0
0.1123098875830091,0.11231013378370391,0.080239780867533,0.06761002540588379,0.0
0.1089814918722251,0.10898170392951764,0.07624196501311935,0.06879520416259766,0.0
0.10579884075788006,0.10579901613419487,0.07966366417477061,0.06758618354797363,0.0
0.112921080107538,0.11292138241918137,0.0825494120469609,0.0677495002746582,0.0
