True SPO,Unamb SPO,MSE,Elapsed,Epochs
0.16244867611213584,0.16244901199934583,1.940596697807312,168.10622668266296,20.0
0.16919223801036956,0.16919293557128526,1.6778718090057374,171.33510899543762,20.0
0.158329134057628,0.15832965735945675,1.6693450517654418,168.75322818756104,20.0
0.16234907760261333,0.16234935394979705,1.6277607460021972,169.41542434692383,20.0
0.1614947199343279,0.16149490161330154,1.7055788774490357,170.52891445159912,20.0
0.1609802740025715,0.16098074442462632,1.7728441705703735,172.34956169128418,20.0
0.16217729862398392,0.16217778858087023,1.7764792289733886,165.89363074302673,20.0
0.15183476377571925,0.15183527108512776,1.8194538726806642,171.64085245132446,20.0
0.1694998908061856,0.16959611125941282,1.8344347114562989,170.00469589233398,20.0
0.1558909499528266,0.15589174321715507,1.7424930086135864,173.41931891441345,20.0
