True SPO,Unamb SPO,MSE,Elapsed,Epochs
0.1924643942894994,0.19246484546517223,1.9592418870925903,146.1201720237732,200.0
0.19071121992334875,0.19071146115613724,1.612555917739868,138.1188793182373,200.0
0.17942362260767047,0.17942386928644014,1.795614517211914,138.80396914482117,200.0
0.18019676914298896,0.18019697391485953,1.957899214744568,139.27632546424866,200.0
0.18415109008227357,0.18415135436570734,1.7701876640319825,137.53880071640015,200.0
0.18219559117773879,0.18219597971798093,1.6888796501159669,135.64728665351868,200.0
0.1856776064713256,0.18567798267691366,1.67801708984375,139.26641535758972,200.0
0.19655575693548516,0.19655609071055302,1.9059517650604247,138.4026882648468,200.0
0.18765003768071017,0.18765034525473887,1.7500423202514648,135.76617169380188,200.0
0.17401581930938131,0.17401610903929984,1.7983195896148683,136.03637385368347,200.0
