True SPO,Unamb SPO,MSE,Elapsed,Epochs
0.09428305992931128,0.09428335048231506,1.5200363664627075,165.13597798347473,4.0
0.06727706982421368,0.06727717363123044,1.3652795991897584,166.74104738235474,4.0
0.08104762202580346,0.08104775655389126,1.2064994678497314,166.88651990890503,4.0
0.07643587160394819,0.07643599424725785,1.4130081634521485,166.555517911911,4.0
0.08572990745549054,0.0857307109005469,1.221138635635376,166.18875789642334,4.0
0.08030310276031155,0.08030334369915765,1.1927090401649476,168.49861097335815,4.0
0.09230952496461137,0.09230974138250783,1.3649748611450194,168.93675136566162,4.0
0.09404623190680274,0.09404639035155503,1.201796781539917,168.4550974369049,4.0
0.06705610922201968,0.06705621545811201,1.3605872039794922,167.8257987499237,4.0
0.08848778551377866,0.08864927765983437,1.4243761005401612,172.15408062934875,4.0
