True SPO,Unamb SPO,MSE,Elapsed,Epochs
0.0169927002202608,0.01699280324743726,0.1071247478478445,0.07689881324768066,0.0
0.018972667241569006,0.01897279152058691,0.09084618671189025,0.05172443389892578,0.0
0.022409383431316682,0.022409526008702503,0.10237165253686988,0.05183553695678711,0.0
0.024984567211780807,0.024984713227976227,0.14234189558287594,0.05158591270446777,0.0
0.018904412152915023,0.01890451324438037,0.0844717594700507,0.04942750930786133,0.0
0.02541927957452779,0.02541940356247134,0.09930739653896115,0.05056905746459961,0.0
0.018972667241569006,0.01897279152058691,0.09084618671189025,0.05086946487426758,0.0
0.022409383431316682,0.022409526008702503,0.10237165253686988,0.05013775825500488,0.0
0.024984567211780807,0.024984713227976227,0.14234189558287594,0.05093717575073242,0.0
0.018904412152915023,0.01890451324438037,0.0844717594700507,0.051638126373291016,0.0
