True SPO,Unamb SPO,MSE,Elapsed,Epochs
0.12466588599517568,0.12466615121297646,1.3479630355834962,167.90816736221313,4.0
0.09741707309879223,0.09741727958103905,1.2650469398498536,167.31955528259277,4.0
0.10735969658889358,0.10736000721895403,1.153951331138611,166.83544087409973,4.0
0.12004467371288675,0.12004488694398374,1.2388876218795777,166.77759265899658,4.0
0.11669087687257652,0.11669125624820112,1.114911656856537,166.57386326789856,4.0
0.1131167278173148,0.11311699336336814,1.1386519541740419,165.2815396785736,4.0
0.1257536897600487,0.12575395831974456,1.3080867929458617,166.29196166992188,4.0
0.11845850145914745,0.11845881654831697,1.215715458393097,165.08638739585876,4.0
0.10856078885027326,0.10856177368432633,1.2387210030555724,167.12403178215027,4.0
0.11557871335806036,0.1155792667019038,1.2913449592590331,166.0337598323822,4.0
