True SPO,Unamb SPO,MSE,Elapsed,Epochs
0.18606733127975023,0.18606734193271862,6.553751079559326,303.4602873325348,4.0
0.16015157515210454,0.16015158155314874,8.586381412506103,299.15903782844543,4.0
0.1814814946152146,0.18148150032266602,7.894275863647461,302.6064884662628,4.0
0.1833198666159958,0.18331988649537073,7.427397537231445,300.4791672229767,4.0
0.18266852950059198,0.18266853697501315,6.3136759338378905,298.4441156387329,4.0
0.18282638961469128,0.18282639972814083,9.083382789611816,300.8730409145355,4.0
0.18043711168073112,0.18043711988104805,6.284357032775879,297.83002853393555,4.0
0.16947950273181958,0.1694795094647656,7.644213340759277,301.1920552253723,4.0
0.1732869078227204,0.1732869143770127,8.993978393554688,300.3731701374054,4.0
0.18347887033934673,0.18347887833509466,8.593346828460694,298.17784667015076,4.0
