True SPO,Unamb SPO,MSE,Elapsed,Epochs
0.0014551384456550514,0.0014551526671130071,1.3474379272460937,195.6731140613556,4.0
0.001405964582084092,0.001405980914828717,1.3162828245162963,202.35448360443115,4.0
0.0006715604193758092,0.0006715755934341847,1.2184835262298583,206.25658106803894,4.0
0.001177154228238907,0.001177170736638741,1.2355760383605956,200.3101818561554,4.0
0.0009744119343946355,0.0009744286961993204,1.1191107215881348,196.05098867416382,4.0
0.0013488413902776918,0.001348861239833649,1.171238344192505,193.03426885604858,4.0
0.0009115385652658233,0.0009115526861680937,1.2414029960632325,197.35856890678406,4.0
0.0016689143078976521,0.0016689355120168862,1.2578446264266967,194.2562644481659,4.0
0.0010241868419611846,0.0010242006143111571,1.2322823276519776,193.0241940021515,4.0
0.0008318250426419835,0.0008318427536227426,1.2689806270599364,195.86200594902039,4.0
