True SPO,Unamb SPO,MSE,Elapsed,Epochs
0.08965421186898632,0.08965438720700532,3.095238959312439,175.35735368728638,4.0
0.06254614815796619,0.06254622040752673,2.5015540618896486,180.98916745185852,4.0
0.0754190327726679,0.07541912627342492,2.4320498390197756,173.09860372543335,4.0
0.08119095734289755,0.08119105386148517,3.0707585821151735,178.7504427433014,4.0
0.08967339098678467,0.0896736485568082,2.501561393737793,178.65328741073608,4.0
0.08071418637961791,0.08071428838981147,2.6109391164779665,178.21706342697144,4.0
0.08944609833644476,0.08944619428342884,2.462442383766174,175.45158648490906,4.0
0.10200752948050278,0.10200764754581698,2.213035502433777,177.80074405670166,4.0
0.06464412504085472,0.06464420015435914,2.736440252304077,180.49366521835327,4.0
0.08995329721754056,0.08995351935427948,2.7730589599609377,176.95318245887756,4.0
