True SPO,Unamb SPO,MSE,Elapsed,Epochs
0.02496092135566595,0.02496096946338964,3.0900523738861083,174.17722463607788,4.0
0.021919761950173727,0.021919838818083993,2.9969111881256105,171.80735850334167,4.0
0.014367396514463858,0.014367425611063057,2.3796146659851076,172.13644576072693,4.0
0.02800646716802125,0.028006520164970173,2.853274076461792,173.6801323890686,4.0
0.018258671666951748,0.01825870539547031,2.4302969551086426,172.29206943511963,4.0
0.034339500380765275,0.034339564794214995,2.6071896810531614,173.01723647117615,4.0
0.01780809521619755,0.01780820986511852,2.6405326652526857,171.67438983917236,4.0
0.029049646794956918,0.029049734934488272,2.7470090312957764,172.23639488220215,4.0
0.015601010237112717,0.015601066619012309,2.4685926456451415,174.13270092010498,4.0
0.013537377801368464,0.013537404342328632,2.56376566696167,175.6582009792328,4.0
