True SPO,Unamb SPO,MSE,Elapsed,Epochs
0.000571805725904789,0.0005718336902857747,0.0006259130385870189,69.24824929237366,0.0
0.0004940180102026321,0.0004940398868496455,0.0005778664599770777,70.56582283973694,0.0
0.0009666130934728328,0.0009666405498980034,0.0009494805409419008,70.21889567375183,0.0
0.0009542858325107976,0.0009543187080479881,0.0009367059870776788,69.00472116470337,0.0
0.0005576687565244507,0.000557695612181415,0.0006433277800854388,68.74058842658997,0.0
0.000835952725451091,0.0008359846253268941,0.0006542767833716477,69.79693055152893,0.0
0.0004940180102026321,0.0004940398868496455,0.0005778664599770777,70.24028873443604,0.0
0.0009666130934728328,0.0009666405498980034,0.0009494805409419008,70.0468533039093,0.0
0.0009542858325107976,0.0009543187080479881,0.0009367059870776788,68.64950752258301,0.0
0.0005576687565244507,0.000557695612181415,0.0006433277800854388,68.77929043769836,0.0
