True SPO,Unamb SPO,MSE,Elapsed,Epochs
0.16055869895623634,0.160558706812594,18.235598419189454,326.0719645023346,4.0
0.10795015455546561,0.10795016458690833,19.787717483520506,338.7939291000366,4.0
0.1176040275306234,0.11760403303913745,15.090619323730468,341.000914812088,4.0
0.13783282910960257,0.13783284248276834,21.027655563354493,340.19581055641174,4.0
0.15501311642862267,0.15501312520580066,15.340395637512207,354.0244138240814,4.0
0.14077820789450216,0.1407782139976172,21.8268074798584,336.1124668121338,4.0
0.13296154918890238,0.1329615586712366,19.95516291809082,351.5020432472229,4.0
0.1521253996983219,0.15212540535742364,21.38880728149414,347.7113981246948,4.0
0.11424668124740024,0.11424669245917553,18.704102722167967,353.7093937397003,4.0
0.1294302078026403,0.1294302120490213,21.9628579788208,358.53225541114807,4.0
