True SPO,Unamb SPO,MSE,Elapsed,Epochs
0.0013591530476068016,0.0013592014686385294,0.005806411859514387,605.166200876236,0.0
0.0009979166258631948,0.0009979573873137824,0.006342923298987284,600.8467833995819,0.0
0.0012630318215736526,0.0012630802597189846,0.0051800226906296475,608.0812366008759,0.0
0.0028795484171370736,0.002879663677983022,0.006674487659278074,601.3920407295227,0.0
0.0007576027380647336,0.0007576482335113775,0.006218442176399877,601.4336431026459,0.0
0.001562854318784329,0.0015629002968760434,0.0054427123801671145,597.5825729370117,0.0
0.0014296852880689216,0.001429742890048686,0.006249115319617224,597.01149725914,0.0
0.001288974231359272,0.0012890157162217919,0.005667258310532934,602.9518399238586,0.0
0.0014460774168672595,0.0014461256406621368,0.004785124546314683,598.6921598911285,0.0
0.0011624740648099924,0.0011625606059712018,0.00555731904907208,601.1797299385071,0.0
