True SPO,Unamb SPO,MSE,Elapsed,Epochs
0.13546565327863888,0.13546566607006075,17.250738845825197,361.1598091125488,4.0
0.08864591381040071,0.08864592975462667,15.514037940979003,371.9549355506897,4.0
0.10808214126375221,0.10808215790407885,14.337650512695312,359.7854194641113,4.0
0.1251950958451495,0.1251951074454293,17.443901458740235,353.3491199016571,4.0
0.1271585876176089,0.12715859553841374,16.274459144592285,359.0410621166229,4.0
0.098476563810673,0.09847657290193544,21.187399353027345,357.59700059890747,4.0
0.11774931364750768,0.11774932334521371,17.304634170532225,352.4029960632324,4.0
0.11491490103285464,0.11491490712106359,19.34318473815918,357.9111135005951,4.0
0.10306824378689704,0.10306827068189466,17.687664505004882,349.2636754512787,4.0
0.09556985854287485,0.09556987339407534,20.39866473388672,343.5751762390137,4.0
