True SPO,Unamb SPO,MSE,Elapsed,Epochs
0.18561837370862144,0.18561837948934312,19.614605895996092,357.71673488616943,4.0
0.1520819756971251,0.1520819816797634,17.511769073486327,330.4348759651184,4.0
0.17692433317019332,0.17692433742932814,17.687575134277346,350.6922605037689,4.0
0.1835070005519766,0.18350700709840276,15.428062232971191,344.46601128578186,4.0
0.17522470433676177,0.17522472543447162,16.65882007598877,338.33884596824646,4.0
0.1716286414571806,0.17162864851449822,21.048621307373047,336.465656042099,4.0
0.17430979370550306,0.1743098040995223,17.481494705200195,380.3200168609619,4.0
0.17166295781778265,0.17166296509870468,18.78814309692383,397.1790418624878,4.0
0.16018257095051944,0.16018258561706777,16.872494705200197,386.8997447490692,4.0
0.17457183184815,0.17457183739292456,18.3094931640625,387.01207876205444,4.0
