True SPO,Unamb SPO,MSE,Elapsed,Epochs
0.00033385377465753474,0.00033386263219370167,1.908588108062744,133.19628405570984,4.0
0.00022046754145609295,0.00022047333102685065,1.9142331066131593,133.13336539268494,4.0
0.0002607580653521029,0.0002607658241586255,1.7624521980285643,131.44402885437012,4.0
0.00027596239731026687,0.000275973599046334,1.7700755920410156,138.0323874950409,4.0
0.00029264402874143214,0.00029264844764985355,1.6428185558319093,138.21089458465576,4.0
0.0002384780861982817,0.00023848266195040054,1.7309315853118896,138.9590299129486,4.0
0.00023690193488252263,0.00023690777814937118,1.8492597541809082,138.8657946586609,4.0
0.00016895943458978304,0.0001689637396480888,1.8416159019470215,138.85718774795532,4.0
0.0004459784975177129,0.0004459834624162966,1.807566393852234,134.69069623947144,4.0
0.00015951678907883876,0.00015952044397367452,1.8376333627700805,132.8487091064453,4.0
