True SPO,Unamb SPO,MSE,Elapsed,Epochs
0.0013022411932364839,0.001302243691141869,3.967023141860962,27.429425954818726,4.0
0.000986741281616395,0.00098674442685638,4.00819242477417,27.46407961845398,4.0
0.0016480002429723067,0.0016480043177726073,4.481288600921631,27.304750442504883,4.0
0.0014528288532653269,0.0014528314431991372,4.1209727478027345,27.471818447113037,4.0
0.0013602295621352896,0.0013602321354461743,3.748420322418213,27.124154090881348,4.0
0.0011227488433814222,0.0011227515130959912,4.422969718933105,27.776782274246216,4.0
0.0008109943951232242,0.0008109973888229579,4.177925140380859,26.49799871444702,4.0
0.0010074352210875923,0.0010074378742954665,4.027410205841065,27.444814682006836,4.0
0.001101518395373484,0.0011015213412800468,4.277822729110718,27.178287506103516,4.0
0.0008747734683925476,0.000874776699354822,3.9667031383514404,27.36942410469055,4.0
