True SPO,Unamb SPO,MSE,Elapsed,Epochs
0.12635104218636278,0.12635104973960498,18.541164810180664,54.22567939758301,4.0
0.12986945048012216,0.12986946107400477,17.888753967285155,53.98018765449524,4.0
0.13225192188296692,0.13225192793403803,16.685785736083986,54.00438141822815,4.0
0.13507544369931215,0.13507544989199835,16.938435089111326,54.47268199920654,4.0
0.13788398966603554,0.13788400356410319,16.718038940429686,54.178314447402954,4.0
0.1328871273989239,0.13288713309623834,19.143179931640624,54.010472774505615,4.0
0.13706630650475404,0.137066432440619,17.768045318603516,54.131492376327515,4.0
0.11375368953567026,0.11375371384119824,15.186444641113281,53.86849880218506,4.0
0.12036085002239791,0.12036182925963877,19.533737983703613,54.12153434753418,4.0
0.12323860880813985,0.12323862235164058,15.211587738037109,54.28395223617554,4.0
