True SPO,Unamb SPO,MSE,Elapsed,Epochs
0.17860519093298713,0.17860519721663953,19.877879196166994,324.6924183368683,4.0
0.16675009541256824,0.16675010042312693,16.879769912719727,322.64940190315247,4.0
0.16829523540145436,0.1682952503547169,17.13850437927246,325.5019738674164,4.0
0.18931955720647248,0.18931956332578864,13.793140785217286,325.70964455604553,4.0
0.17302102908019934,0.17302113967813204,15.828747550964355,323.593772649765,4.0
0.17916074283622435,0.17916074855309919,18.097963356018067,325.54592061042786,4.0
0.17944535361806924,0.1794453585373595,13.762113830566406,323.5552463531494,4.0
0.17280167102199712,0.17280167741281086,15.906609832763673,322.03410720825195,4.0
0.1634783741509526,0.16347837940747323,17.01757197570801,322.6062228679657,4.0
0.176494868858326,0.17649487628770133,16.280006004333497,324.11305141448975,4.0
