True SPO,Unamb SPO,MSE,Elapsed,Epochs
0.016648092810465868,0.016648107758373696,4.57467564201355,30.353265523910522,4.0
0.01650244087602793,0.016502457793434018,4.078629266738892,30.837538719177246,4.0
0.036518849516265946,0.03651887400594799,4.437128623962402,30.52792763710022,4.0
0.030294142782158494,0.030294170479260373,3.843029624938965,29.95826745033264,4.0
0.024007025686561653,0.024007047605638165,3.788403247833252,30.730893850326538,4.0
0.04390142555952539,0.04390144736705856,4.036405078887939,29.984986305236816,4.0
0.012548124533882802,0.012548152553626245,4.552751396179199,28.188212871551514,4.0
0.020931785193269072,0.020931813143554575,3.6689182510375975,29.558085918426514,4.0
0.017182964109007375,0.017182988838488542,5.272814874649048,28.76145052909851,4.0
0.020850075258043953,0.02085010495780335,4.6628136005401615,30.336324214935303,4.0
