True SPO,Unamb SPO,MSE,Elapsed,Epochs
0.06960236193878204,0.06960239602678182,2.083831027030945,44.24449133872986,4.0
0.059953088488001224,0.059953119634319915,2.119145267486572,43.39355134963989,4.0
0.09043779410929334,0.09043786045646725,2.051696380615234,43.10055589675903,4.0
0.08779346439986774,0.0877942820716667,1.9756628589630127,44.70437574386597,4.0
0.08512670690166263,0.0851267580478227,1.747381700515747,42.55731511116028,4.0
0.0895514908281648,0.08955154685045191,2.0391058292388915,43.056735038757324,4.0
0.07415077696738802,0.0741508233354433,2.01473903465271,43.36792016029358,4.0
0.06362339906947774,0.06362343022778597,2.0583503341674803,42.93069410324097,4.0
0.07091948013920937,0.07091952413708069,2.2363495388031005,42.5589919090271,4.0
0.07108575496793425,0.07108586469625287,2.1145575580596923,44.19365906715393,4.0
