True SPO,Unamb SPO,MSE,Elapsed,Epochs
0.18060323184361915,0.18060371172141734,0.12028724859679268,84.90431666374207,0.0
0.1712460727475976,0.1712469068728038,0.12099117271437473,84.26723766326904,0.0
0.1779501538438016,0.17795056436546458,0.12147895380808918,84.75667095184326,0.0
0.17533876971343354,0.1754572512241695,0.11958178311748827,85.53896522521973,0.0
0.16678918431467296,0.16679040971222892,0.12031748364786084,85.76504731178284,0.0
0.17512503172265,0.1751255148672189,0.11936768569997708,87.20492267608643,0.0
0.1712460727475976,0.1712469068728038,0.12099117271437473,84.45212697982788,0.0
0.1779501538438016,0.17795056436546458,0.12147895380808918,85.32739329338074,0.0
0.17533876971343354,0.1754572512241695,0.11958178311748827,84.5987937450409,0.0
0.16678918431467296,0.16679040971222892,0.12031748364786084,85.63312864303589,0.0
