True SPO,Unamb SPO,MSE,Elapsed,Epochs
0.009594403421891266,0.009594471054325331,0.13397133757686489,54.588268756866455,0.0
0.008637387229940188,0.008637453955610727,0.14679856797136787,55.29725170135498,0.0
0.009984432703971542,0.009984514723205964,0.1299306467574237,55.07986545562744,0.0
0.011405586054001713,0.011405659575903128,0.3464569856547938,55.262150049209595,0.0
0.010012427710599514,0.01001251418515844,0.0853783356446054,55.46719241142273,0.0
0.008909944856362895,0.008910017654653678,0.16092168755042893,53.80694556236267,0.0
0.008637387229940188,0.008637453955610727,0.14679856797136787,54.28882169723511,0.0
0.009984432703971542,0.009984514723205964,0.1299306467574237,54.69356441497803,0.0
0.011405586054001713,0.011405659575903128,0.3464569856547938,55.22371959686279,0.0
0.010012427710599514,0.01001251418515844,0.0853783356446054,55.922077655792236,0.0
