True SPO,Unamb SPO,MSE,Elapsed,Epochs
0.004443812435548922,0.004443812435548922,13.105300834655761,189.01938819885254,20.0
0.005242815047241809,0.005242815047241809,13.838856086730956,196.46333146095276,20.0
0.004068799704072244,0.004068799704072244,11.226885452270508,185.38023114204407,20.0
0.004184674487191518,0.004184674487191518,12.990361999511718,182.64872336387634,20.0
0.005737323616042265,0.00573732362396888,9.868479721069336,187.06637740135193,20.0
0.004279757114623309,0.004279757114623309,13.908334678649902,183.14951920509338,20.0
0.003917137476444756,0.003917137476444756,12.232391716003418,195.17011165618896,20.0
0.003467738960403336,0.003467738974033277,12.543732009887695,187.22846579551697,20.0
0.004491629236406357,0.004491629236406357,10.603998401641846,192.8692343235016,20.0
0.00354867020260408,0.0035486702094607516,10.994566551208496,192.65753889083862,20.0
