True SPO,Unamb SPO,Elapsed,Epochs
0.19007501220305395,0.19055131607075151,12.774366617202759,0.0
0.18459310536909257,0.1857995962538579,12.57702374458313,0.0
0.18367408655251494,0.184345432275086,12.586699962615967,0.0
0.1573254928784504,0.15776311594626252,12.849911212921143,0.0
0.16213385400148292,0.16281146509343442,12.58479118347168,0.0
0.170864866271719,0.17129916331743505,12.548221588134766,0.0
0.17612583352689462,0.17649023180315718,12.887163639068604,0.0
0.17341532687647426,0.17396333879427212,12.911540508270264,0.0
0.18614029891547298,0.18705289566802394,12.6629958152771,0.0
0.2023981320920917,0.20334088903924555,12.865366458892822,0.0
