True SPO,Unamb SPO,MSE,Elapsed,Epochs
0.12654674014721656,0.12654674014721656,92.66597900390624,401.6154251098633,200.0
0.16830085138938666,0.16830085138938666,81.11393835449219,353.12463450431824,200.0
0.10317295727878067,0.10317295727878067,84.5195029296875,400.9879925251007,200.0
0.0783443939920421,0.0783443939920421,82.92333093261719,396.445095539093,200.0
0.08423689153978105,0.08426984789635684,90.41976300048829,399.52894258499146,200.0
0.13523158985327438,0.13523158985327438,82.80697814941406,367.2175817489624,200.0
0.13061120046742722,0.13061120046742722,73.22239868164063,385.11396765708923,200.0
0.1275096598222308,0.1275096598222308,87.3456953125,368.86798214912415,200.0
0.12125071215482673,0.12125071215482673,86.34540838623047,360.9530928134918,200.0
0.09851391113226372,0.09851391113226372,85.64450225830078,381.6505448818207,200.0
