True SPO,Unamb SPO,MSE,Elapsed,Epochs
0.13200647756325548,0.13200647756325548,65.96153665161133,368.1690056324005,20.0
0.16134194117927125,0.16134194117927125,82.87452270507812,361.41582894325256,20.0
0.11903699157473906,0.11903699157473906,64.43304174804688,356.192467212677,20.0
0.05565591823589879,0.05565591823589879,68.98813720703124,372.77920413017273,20.0
0.13508705415691596,0.13508705415691596,61.46083361816406,351.9374313354492,20.0
0.10360311028336545,0.10360311028336545,84.79047619628906,374.1963937282562,20.0
0.10304659498179905,0.10304659498179905,65.73979119873047,381.10905623435974,20.0
0.09720661422353184,0.09720661422353184,70.64739706420899,368.88567566871643,20.0
0.1558784676349648,0.1558784676349648,48.64868046569824,364.3877274990082,20.0
0.11439797923066405,0.11439797923066405,70.26574255371094,358.26931619644165,20.0
