True SPO,Unamb SPO,Elapsed,Epochs
0.21357938222889086,0.21409006002576464,4.618183135986328,0.0
0.21325228672816732,0.21346008432790245,4.37662148475647,0.0
0.2319558726465811,0.23238216416534346,4.427811145782471,0.0
0.31393172404723835,0.314032861844934,4.3794732093811035,0.0
0.2509277916887771,0.25120933041874205,4.451334476470947,0.0
0.24869715670968065,0.25004824720014845,4.529052495956421,0.0
0.24655531715669843,0.2466336052548642,4.496330976486206,0.0
0.20955114325414825,0.21021540590682755,4.451621055603027,0.0
0.2076670045523309,0.2077925286121425,4.4557764530181885,0.0
0.19487974670598018,0.19503490573998178,4.430611610412598,0.0
