True SPO,Unamb SPO,MSE,Elapsed,Epochs
0.1648563134026002,0.1648563134026002,41.52711935424805,359.03772139549255,20.0
0.18124203492514984,0.18124203492514984,46.91831329345703,357.8639302253723,20.0
0.11105060749375131,0.11105060749375131,39.55090213012695,362.70574831962585,20.0
0.13187018154646893,0.13187018154646893,44.110267639160156,384.0283041000366,20.0
0.18746734473444748,0.18746734473444748,36.66796713256836,365.64300298690796,20.0
0.12063088952709806,0.12063088952709806,44.0829963684082,363.188702583313,20.0
0.14260273972553902,0.14260273972553902,39.872807312011716,365.07743668556213,20.0
0.1741826761032215,0.1741826761032215,39.632461395263675,361.2534213066101,20.0
0.17504927614974836,0.1750492761533872,36.10388093566895,365.36492824554443,20.0
0.18483676526885878,0.18483676526885878,39.938162658691404,361.0791583061218,20.0
