True SPO,Unamb SPO,MSE,Elapsed,Epochs
0.08277378568310843,0.08277378568310843,58.46293151855469,393.55292296409607,200.0
0.0706280397544063,0.0706280397544063,51.73458074951172,371.33725214004517,200.0
0.06919243049579786,0.06919243049579786,69.3620884399414,406.0108206272125,200.0
0.08665285133131226,0.08665285133131226,61.66836682128906,407.85719323158264,200.0
0.05674633770217137,0.05674633770217137,62.440197875976565,385.35207653045654,200.0
0.09495473285971456,0.09495473285971456,55.391202880859375,392.0479691028595,200.0
0.0720114645114764,0.0720114645114764,60.484940185546876,389.5406060218811,200.0
0.09275783357504562,0.09275783357504562,56.042470336914064,377.97065329551697,200.0
0.0701167315172369,0.0701167315172369,67.36337561035157,390.3163604736328,200.0
0.06543738250443808,0.06543738250443808,65.57177209472657,383.11744475364685,200.0
