True SPO,Unamb SPO,MSE,Elapsed,Epochs
0.12066647799589406,0.12066647799589406,12.764043182373047,180.73742246627808,20.0
0.11690066821789585,0.11690066821789585,12.547607444763184,178.60443472862244,20.0
0.11564873015254279,0.11564873015254279,12.540360260009766,175.63135290145874,20.0
0.13176752957266666,0.13176752957266666,13.240175445556641,177.071918964386,20.0
0.1285237728651031,0.12852377288016226,12.067091323852539,178.19110941886902,20.0
0.1254371565194296,0.1254371565194296,12.42759156036377,175.61990022659302,20.0
0.10931616207218965,0.10931616207218965,13.663148956298828,184.2482714653015,20.0
0.11614029981037644,0.11614029981037644,13.212631576538087,180.46275568008423,20.0
0.13078253350579772,0.13078253350579772,12.120321365356446,176.36110997200012,20.0
0.11886198365650025,0.11886198365650025,12.914585182189942,180.9867446422577,20.0
