True SPO,Unamb SPO,MSE,Elapsed,Epochs
0.17383613980411122,0.17383613980411122,38.61580206298828,303.0346186161041,20.0
0.15474134694738817,0.15474134694738817,35.570827392578124,291.0755195617676,20.0
0.1427533335750363,0.1427533335750363,37.220469177246095,311.68456053733826,20.0
0.14688839362198908,0.14688839362198908,41.139262817382814,327.20078229904175,20.0
0.14806261226530273,0.14806261226530273,36.95468148803711,301.8266749382019,20.0
0.15163086146544988,0.15163086146544988,37.060523681640625,302.54488253593445,20.0
0.12829492393384434,0.12829492393384434,32.11874920654297,300.5193634033203,20.0
0.1364066365880643,0.1364066365880643,37.53087487792969,297.12917613983154,20.0
0.1825551232159441,0.1825551232159441,38.3867244720459,296.81943440437317,20.0
0.15649598920400143,0.15649598920400143,35.682799072265624,295.0960102081299,20.0
