True SPO,Unamb SPO,MSE,Elapsed,Epochs
0.1023909006497159,0.10239090058788791,51.312154022216795,197.59170961380005,200.0
0.11019406796215543,0.11019406796215543,33.284688674926755,196.50823855400085,200.0
0.10199663218642772,0.10199663218642772,47.16178134155273,199.71321177482605,200.0
0.09657919066899799,0.09657919066899799,50.219451721191405,196.26272082328796,200.0
0.09580439750594438,0.09580439750594438,59.617899093627926,190.69753003120422,200.0
0.12492107190633465,0.12492107190633465,61.62249542236328,210.95993208885193,200.0
0.11569955519582567,0.11569955526391831,42.50123623657227,198.62584614753723,200.0
0.11876283367525985,0.11876283367525985,44.61512046813965,200.09506344795227,200.0
0.10677928428515941,0.10677928428515941,61.545982421875,195.04802250862122,200.0
0.10390745501258636,0.10390745501258636,41.837520927429196,198.8971450328827,200.0
