True SPO,Unamb SPO,Elapsed,Epochs
0.008283941631110589,0.008283941631110589,299.7740149497986,1000.0
0.011436983354050363,0.011436983368847431,652.9043002128601,1000.0
0.02074704563582191,0.02074704563582191,1251.2055616378784,1000.0
0.021325384086137256,0.0213253840861562,499.5952663421631,1000.0
0.017418844022103763,0.017418844022103763,674.0328385829926,1000.0
0.013186969848124645,0.013186969848124645,465.33964443206787,1000.0
0.014739905963076573,0.014739905963076573,354.6312997341156,1000.0
0.010406582768599064,0.010406582768599064,376.70104932785034,1000.0
0.01067691650647492,0.01067691650647492,618.9632213115692,1000.0
0.01948640483376327,0.01948640483376327,376.59978890419006,1000.0
