True SPO,Unamb SPO,Elapsed,Epochs
0.1133022200486171,0.11332730911417259,4.4063146114349365,0.0
0.13483049495404364,0.1348875660630189,4.454692125320435,0.0
0.1493017911284756,0.15015673553272343,4.500121116638184,0.0
0.2409970705068916,0.2410246445424187,4.3406946659088135,0.0
0.17016437889960606,0.1703013651972229,4.357200622558594,0.0
0.1734942209981299,0.17406390351484016,4.383849382400513,0.0
0.156652416082784,0.15684795226548362,4.465490341186523,0.0
0.1179670031565538,0.11799265931209023,4.346482038497925,0.0
0.13730105290086794,0.13762203724429486,4.3090620040893555,0.0
0.13574698147200254,0.13588655270526595,4.455644369125366,0.0
