True SPO,Unamb SPO,Elapsed,Epochs
0.005408290147365588,0.005515032716063593,9.12655258178711,0.0
0.003773177958416776,0.0038450480147675715,9.7028226852417,0.0
0.004106923982025939,0.004142949630991079,9.272434949874878,0.0
0.004033576654908367,0.0040699151833309645,9.07277512550354,0.0
0.0034818190357938533,0.0035177140773999757,8.99310564994812,0.0
0.002856096563306607,0.002892713185913102,9.052712440490723,0.0
0.005011275190203845,0.005118659658565355,9.15852427482605,0.0
0.002577688580205908,0.0026134898104865456,9.233492136001587,0.0
0.003522739157968818,0.0036284213327078827,9.175194501876831,0.0
0.004507727371646846,0.004507727371646846,9.066007137298584,0.0
