True SPO,Unamb SPO,MSE,Elapsed,Epochs
0.02384953695418225,0.02384953695418225,34.32293518066406,400.35744047164917,4.0
0.20061358874513388,0.20061358874513388,40.82532601928711,385.1728241443634,4.0
0.024615163801985664,0.024615163801985664,33.11331219482422,389.67915177345276,4.0
0.019711191335668912,0.019711191335668912,35.6571257019043,395.5348906517029,4.0
0.025379271232009854,0.025379271232009854,34.54936682128906,398.4147503376007,4.0
0.020501868659830922,0.020501868659830922,35.47249624633789,383.84035658836365,4.0
0.020740740740665797,0.020740740740665797,34.00093466186524,399.01173067092896,4.0
0.020965876228958336,0.020965876228958336,35.24965518188476,381.76385140419006,4.0
0.02672211173376705,0.02672211173376705,33.66412033081055,381.08834886550903,4.0
0.024867668478365596,0.024867668478365596,36.37427603149414,396.80269169807434,4.0
