True SPO,Unamb SPO,MSE,Elapsed,Epochs
0.0844598080691248,0.08445980807370869,34.99623614501953,189.38527584075928,4.0
0.08724361911412219,0.08724361806888943,40.15638195800781,187.88498878479004,4.0
0.07604511561528966,0.07604511561528966,27.767407409667967,188.67308378219604,4.0
0.0845911695856954,0.0845911695856954,33.50376107788086,187.62636518478394,4.0
0.07860428533956526,0.07860428533956526,39.49217887878418,190.76259446144104,4.0
0.08001770648869905,0.08001770648869905,29.952348510742187,194.79063296318054,4.0
0.08226167543061837,0.08226167543061837,39.094352478027346,183.83219408988953,4.0
0.08867683543317825,0.08867683547671348,43.83037756347656,185.83217525482178,4.0
0.07826942495384027,0.07826942495384027,45.541750442504885,189.36198830604553,4.0
0.09210110584497382,0.09210110584497382,74.51971643066406,184.44322633743286,4.0
