True SPO,Unamb SPO,MSE,Elapsed,Epochs
0.129582959021013,0.12976042130397794,2.0392740812500003,60.2849497795105,0.0
0.11580790906706619,0.11634105958562552,2.1085526343749996,59.88446497917175,0.0
0.12181492617289054,0.12226195342490115,2.1778385281249997,59.358564138412476,0.0
0.121748174288042,0.1220564950839598,2.06012768125,60.8025221824646,0.0
0.11554108584055617,0.1162772631145235,1.9926292875,60.586538314819336,0.0
0.13554451452484872,0.1358283030922915,2.09364226875,60.7332558631897,0.0
0.12717199240306534,0.12774759406599295,2.0970601125000004,60.30591678619385,0.0
0.1295973837650568,0.13079433693165263,2.0708197624999998,58.69064736366272,0.0
0.11582506664264597,0.11686265018589462,2.089692753125,64.0677924156189,0.0
0.11630341595038331,0.11680756546934129,1.9917649031250002,60.1491117477417,0.0
