True SPO,Unamb SPO,MSE,Elapsed,Epochs
0.0022392833497091296,0.0022392833497091296,0.08358518635590456,0.07707452774047852,0.0
0.002341149272372635,0.002341149272372635,0.08025715387502172,0.07745790481567383,0.0
0.002648574027698497,0.002648574027698497,0.08434001909251833,0.09223365783691406,0.0
0.0019852940446583073,0.0019852940446583073,0.08303340924241073,0.09173870086669922,0.0
0.002964750229677501,0.0029647522798031023,0.0806171361336883,0.07853507995605469,0.0
0.002041474086118904,0.0020414740901319186,0.07768367607714446,0.07082748413085938,0.0
0.003353071150992682,0.003353071150992682,0.08021867579352315,0.06675124168395996,0.0
0.0028075731478088995,0.0028075731548092195,0.08242540066413177,0.06679201126098633,0.0
0.0025535693514833146,0.0025535693514833146,0.07046669160500721,0.10746383666992188,0.0
0.0018844220409244,0.0018844220409244,0.0807074380698614,0.07024312019348145,0.0
