True SPO,Unamb SPO,MSE,Elapsed,Epochs
0.1538982567460914,0.1538982567460914,41.00593630981445,381.74761605262756,4.0
0.2538385632514157,0.2538385632514157,44.491074829101564,372.78062176704407,4.0
0.13333576137184203,0.13333576137184203,33.884762817382814,358.72531247138977,4.0
0.1463574710123738,0.1463574710123738,36.512048065185546,370.52562046051025,4.0
0.15310853529977833,0.15310853529977833,41.451985748291015,371.8023273944855,4.0
0.1577564461877881,0.1577564461877881,37.02819952392578,370.91031432151794,4.0
0.1373439273547752,0.1373439273547752,35.58819418334961,399.11382031440735,4.0
0.15331456360322748,0.15331456360322748,37.14575802612305,366.3864071369171,4.0
0.1281702565605816,0.1281702565605816,33.72695050048828,370.21124815940857,4.0
0.15320860290206956,0.15320860290206956,38.447133422851564,383.994015455246,4.0
