True SPO,Unamb SPO,Elapsed,Epochs
0.1577276326332342,0.1577276326332342,3065.890738964081,100.0
0.14533463795476653,0.14533463795476645,3210.6076624393463,100.0
0.15747187689754058,0.15763057871351183,3278.891226530075,100.0
0.17455626443757707,0.1746116732613316,3156.4324164390564,100.0
0.14443101146430318,0.14443101146430318,2626.386049747467,100.0
0.16588289392354597,0.1658443478810397,3231.542861700058,100.0
0.15705084544766823,0.15711840388419576,3161.795755147934,100.0
0.1732671258421647,0.1732671258421647,2630.2255866527557,100.0
0.16085995256459812,0.1608599525645981,3297.553411245346,100.0
