True SPO,Unamb SPO,MSE,Elapsed,Epochs
0.21467134341708277,0.21467135319778344,289.15388854980466,260.01154041290283,200.0
0.2186726503302618,0.2186726587014313,305.7925146484375,261.3759186267853,200.0
0.19150931136306962,0.19150931922859551,279.50080224609377,257.24457454681396,200.0
0.1987979750222507,0.19879798310228974,257.2252365722656,258.92038440704346,200.0
0.1971754314402536,0.19717543720172764,308.8574375,258.0141592025757,200.0
0.1967873852972794,0.19678738963143755,334.19019799804687,258.9599812030792,200.0
0.1992307289260786,0.19923073596750712,276.2163884277344,261.0687816143036,200.0
0.20583397976805728,0.2058339881344128,276.83787890625,258.590678691864,200.0
0.20947262727184263,0.2094726329130033,315.06911242675784,261.08538579940796,200.0
0.19966420006043592,0.1996642069787976,248.28131396484375,259.67530393600464,200.0
