True SPO,Unamb SPO,Elapsed,Epochs
0.20958559346799205,0.20958559554537748,1075.6342570781708,300.0
0.22025707464996727,0.22025707480129358,1101.578400850296,300.0
0.19775165540243467,0.19775165968768,1104.0479123592377,300.0
0.21986602821541912,0.2198660291254559,1101.403273820877,300.0
0.21954008938914965,0.21954009307746256,1106.472130060196,300.0
