True SPO,Unamb SPO,MSE,Elapsed,Epochs
0.00409784357457783,0.004097843521856955,24.789524810791015,252.44918584823608,200.0
0.004748094904494796,0.00474809348843083,20.355864868164062,253.6281018257141,200.0
0.004345690706541549,0.004345691968641415,22.327460800170897,234.88144826889038,200.0
0.00444765727529093,0.004447655481860167,22.83436541748047,242.5166049003601,200.0
0.004246370455065994,0.004246369220653421,25.881588012695314,248.29744672775269,200.0
0.004976095378599375,0.004976094592417844,20.681851898193358,235.16895699501038,200.0
0.00415487884298566,0.004154878373842613,21.610944580078126,252.129953622818,200.0
0.0038598132298910846,0.0038598117512134177,26.277266357421876,250.29820656776428,200.0
0.005328770148553874,0.005328768126505852,20.83162969970703,245.3233778476715,200.0
0.004554592961249568,0.0045545927440967,25.4214161529541,225.85880970954895,200.0
