True SPO,Unamb SPO,Elapsed,Epochs
0.246031750804845,0.24603175922189974,1103.2929937839508,300.0
0.24539145149152972,0.24539145887219077,1117.2237634658813,300.0
0.23665679065824827,0.2366567916854388,1128.8131048679352,300.0
0.25618768683867515,0.2561876890120223,1124.7188856601715,300.0
