True SPO,Unamb SPO,MSE,Elapsed,Epochs
0.17216282615949705,0.1721628334533941,330.22183129882814,625.4275131225586,200.0
0.2079807814094038,0.20798078692554117,254.94607421875,633.1552095413208,200.0
0.2026112828584953,0.2026112858207958,291.4835758056641,628.6355013847351,200.0
0.22240294312226902,0.222402946260694,295.6683937988281,629.8391988277435,200.0
0.21345261065570917,0.2134526190869486,395.4040168457031,617.3403778076172,200.0
0.2050205415442635,0.2050205482549182,297.00413818359374,629.1850595474243,200.0
0.2456398587820267,0.24563986143152597,352.1976215820313,630.4954044818878,200.0
0.20530346925115642,0.20530347597996496,267.0939471435547,690.3924479484558,200.0
0.22653949828505715,0.2265395023267531,366.15932147216796,625.5664253234863,200.0
0.2150746280723914,0.21507463591650997,291.80947021484377,623.9218311309814,200.0
