True SPO,Unamb SPO,MSE,Elapsed,Epochs
0.10863357118423167,0.10863357879674924,294.33619787597655,487.4423623085022,20.0
0.09789805325888752,0.0978980589307414,243.9844296875,488.18114709854126,20.0
0.08574513324489055,0.08574514353874356,303.0690313720703,491.73779225349426,20.0
0.08957032318214145,0.08957033478053515,250.50324096679688,493.1074004173279,20.0
0.10788690220264108,0.10788690937924779,290.86384814453123,493.40904235839844,20.0
0.1059286820101275,0.10592868524354306,271.719259765625,491.8042287826538,20.0
0.09754035686713063,0.09754036387111388,303.3386005859375,486.15557622909546,20.0
0.10514618011079005,0.10519608940229835,334.4941884765625,488.65475511550903,20.0
0.09914955695241119,0.09914956645575954,334.5301506347656,491.63530230522156,20.0
0.09917473146418958,0.09917474002125154,302.6644873046875,493.70379519462585,20.0
