True SPO,Unamb SPO,Elapsed,Epochs
0.2246932936852443,0.22469329656384582,1096.6090877056122,300.0
0.2318144290204853,0.2318144300307968,1103.7898938655853,300.0
0.20582011658446575,0.20582011898258745,1105.7899265289307,300.0
0.23156783163178948,0.23156783415241078,1108.2800970077515,300.0
0.23454403397882348,0.23454403568331664,1112.803671836853,300.0
