True SPO,Unamb SPO,MSE,Elapsed,Epochs
0.1555778373204761,0.1555778414712383,319.11424584960935,321.2978820800781,200.0
0.1560451538762278,0.15604516031449922,252.3605909423828,318.7604115009308,200.0
0.15648581667940917,0.15648581860138658,285.7074519042969,315.35032534599304,200.0
0.1593741401062664,0.1593741428125036,283.5088154296875,315.50307393074036,200.0
0.1612426229151296,0.16124262845499426,366.98264282226563,315.8113248348236,200.0
0.15798466697686078,0.15798466888701923,285.26553686523437,317.2755801677704,200.0
0.17610466908690278,0.1761046722752871,332.1115246582031,318.1720275878906,200.0
0.13793700377370022,0.13793700668007877,266.3290817260742,314.87890219688416,200.0
0.18538595715206013,0.18538595778104833,360.80081286621095,317.2589318752289,200.0
0.14339749095546886,0.14344870301073945,285.692123046875,317.25636410713196,200.0
