True SPO,Unamb SPO,MSE,Elapsed,Epochs
0.014170178508434024,0.014170176778254344,30.490377883911133,484.27222084999084,20.0
0.013927414796841075,0.013927414247864107,29.385592376708985,487.6799395084381,20.0
0.015391854375703081,0.015391856948169302,32.251464752197265,488.0057735443115,20.0
0.013799120253443127,0.01379912063404548,30.095395858764647,482.292688369751,20.0
0.016393049905487782,0.016393051749222346,30.607134994506836,485.66528272628784,20.0
0.01713823023690164,0.01713823121571193,29.602758361816406,492.34409976005554,20.0
0.014262594958442095,0.014262595557150672,29.51573684692383,486.45935106277466,20.0
0.014956327463525917,0.014956327516128659,30.283210266113283,491.1103570461273,20.0
0.0158195468037712,0.01581954916475115,30.35624203491211,487.05352878570557,20.0
0.0152005502947646,0.015204762288765598,30.43432272338867,487.9965076446533,20.0
