True SPO,Unamb SPO,MSE,Elapsed,Epochs
0.1419322474802161,0.14193224805244864,53.660874389648434,256.778724193573,200.0
0.13230805659431166,0.13230805959512884,58.01006790161133,260.7565884590149,200.0
0.1282981218111149,0.12836025576014423,54.87868478393555,258.0770854949951,200.0
0.12559909475276068,0.12559909554177434,54.69352725219726,257.01170086860657,200.0
0.12808863881785815,0.12808863800879233,53.10298733520508,255.49664521217346,200.0
0.1212393663881644,0.1212393635122744,57.21879544067383,256.9984188079834,200.0
0.11672791582724198,0.11672791401193482,56.272027160644534,257.23212122917175,200.0
0.12607802395583692,0.12607802620535113,51.318515502929685,256.34052085876465,200.0
0.13511294415164088,0.13511294480280098,56.871808166503904,256.82982087135315,200.0
0.13001608775130621,0.130016087253578,51.993932189941404,256.65704703330994,200.0
