True SPO,Unamb SPO,MSE,Elapsed,Epochs
0.061730894548883905,0.06173089364344644,52.10936743164063,238.04807376861572,20.0
0.06776462553125923,0.06776462722071663,45.95711965942383,230.90930724143982,20.0
0.061371139600917037,0.06137114088528374,52.18718783569336,230.05930972099304,20.0
0.07017332538353228,0.07017332638933173,50.726577545166016,245.8362786769867,20.0
0.06477897904939914,0.06477898179200914,58.806666015625,249.91312670707703,20.0
0.06840353799816634,0.06840354024536881,48.14207388305664,236.34531378746033,20.0
0.06665939581732606,0.06665939890880186,48.19552844238281,231.72462344169617,20.0
0.06555261380136794,0.0655526144297589,52.522221496582034,238.28361010551453,20.0
0.06706853168764063,0.0670685350070247,51.45259265136719,236.39441418647766,20.0
0.062413355668603274,0.062413357545332,52.601152893066406,231.42090249061584,20.0
