True SPO,Unamb SPO,MSE,Elapsed,Epochs
0.17092528895287393,0.17092528925789682,22.517776123046875,257.6954824924469,200.0
0.14532754956548838,0.14532754719319402,26.274382598876954,254.67294311523438,200.0
0.1484258527263751,0.14842585492037658,24.093739151000978,252.67606401443481,200.0
0.15133152493967317,0.15133152502497338,25.115020385742188,253.01805424690247,200.0
0.17553132679698388,0.17553132686522457,22.30337078857422,254.55377769470215,200.0
0.15004738123522965,0.1500473788111951,24.318432327270507,256.49010729789734,200.0
0.14036732264431123,0.14038905669423435,24.860357223510743,253.61043405532837,200.0
0.17028816453617027,0.1702881669547785,22.324663940429687,254.91139435768127,200.0
0.14701593888261652,0.14701593965608153,24.501741424560546,255.31967210769653,200.0
0.15741227727745163,0.15741227449214495,22.895726364135744,253.60877537727356,200.0
