True SPO,Unamb SPO,MSE,Elapsed,Epochs
0.069784852390929,0.06978485228727284,52.74123742675781,319.15857672691345,200.0
0.07217794590452349,0.07217794421210048,44.82896051025391,329.01449632644653,200.0
0.07438802689876184,0.07438802624061754,48.6327526550293,320.3082573413849,200.0
0.0694777061301786,0.069477706918297,49.43263543701172,323.0934760570526,200.0
0.06733007770279695,0.06727356083269974,56.952421081542965,327.06254720687866,200.0
0.06970687327154078,0.06970687212794063,46.913466186523436,322.23665738105774,200.0
0.07418054761351293,0.07418054831731197,48.52360607910156,322.2324254512787,200.0
0.06290963256643475,0.06290963309535512,51.479625213623045,318.6380789279938,200.0
0.07452713163156108,0.0745271331107847,50.55670132446289,323.5213952064514,200.0
0.06287049377980876,0.0628704944045734,51.80022937011719,320.19717168807983,200.0
