True SPO,Unamb SPO,MSE,Elapsed,Epochs
0.09677231258329741,0.09677231244893703,52.31087094116211,512.388338804245,200.0
0.07718279058188388,0.07718279157488256,55.69361880493164,515.9081344604492,200.0
0.09013143096801891,0.09013143299504414,52.454619537353516,513.2740287780762,200.0
0.0971529404811491,0.09715294233739279,54.04525723266602,517.1215846538544,200.0
0.08666870487379455,0.0866687069387585,51.47411474609375,516.4333786964417,200.0
0.09227377226944881,0.09227377324871333,55.393314819335934,516.4388380050659,200.0
0.08800604268691486,0.08800604214557474,54.30229727172851,514.9599471092224,200.0
0.08664079092805159,0.08664078822116426,49.734549377441404,512.8669385910034,200.0
0.083173734170486,0.08317373685308671,55.17674688720703,509.87746834754944,200.0
0.0921797526445007,0.09217975432076334,50.22916604614258,516.9690282344818,200.0
