True SPO,Unamb SPO,MSE,Elapsed,Epochs
0.07604536893217036,0.07604537140530386,238.1211545410156,265.15324544906616,20.0
0.07742292824175047,0.077422937141241,211.7190203857422,268.1693003177643,20.0
0.07677021224935185,0.07677022335456321,258.84564123535154,267.63991951942444,20.0
0.08604594977606969,0.08604595739261192,234.5763349609375,267.80709290504456,20.0
0.08257085728650873,0.08257086250117679,308.38571435546874,264.9086084365845,20.0
0.07452814594934239,0.07452815608207565,235.80292449951173,264.9551684856415,20.0
0.07489766510226664,0.07489767119657341,246.72742590332032,265.0159649848938,20.0
0.06866393952044914,0.068663944690157,219.75739807128906,265.38776659965515,20.0
0.08414850707694428,0.0841485149630639,284.852080078125,269.026291847229,20.0
0.0723557046359451,0.07235570993646617,237.5388193359375,263.9456834793091,20.0
