True SPO,Unamb SPO,MSE,Elapsed,Epochs
0.14153102208511206,0.14153102277703797,28.15316323852539,317.8896291255951,200.0
0.16082203322182467,0.16082203202995046,23.42414663696289,316.8523943424225,200.0
0.14567322142294614,0.14567322182418072,25.540777893066405,317.45164155960083,200.0
0.15848616724284262,0.15848616757727965,26.096010238647462,318.4346559047699,200.0
0.13495040544388867,0.13495040368580072,28.963903213500977,313.2796232700348,200.0
0.15984448990110034,0.15984449283920557,24.159753662109374,318.4373059272766,200.0
0.15622178035797207,0.1562320872996355,24.979013717651366,314.2956392765045,200.0
0.13193250749614563,0.1319325051541827,28.737079315185547,313.90498638153076,200.0
0.15716486236557015,0.157164861778233,24.4875926361084,319.69575214385986,200.0
0.1342090742784418,0.1342090746486908,28.59260772705078,317.14681792259216,200.0
