True SPO,Unamb SPO,MSE,Elapsed,Epochs
0.15780231335286304,0.15780231326534952,33.02567660522461,610.5344703197479,200.0
0.17540165869774946,0.1754016626992735,30.348458526611328,615.1456847190857,200.0
0.16458305049415967,0.1645830523712591,31.73652505493164,617.7422738075256,200.0
0.16760451157373255,0.16760451107242447,31.851832092285157,607.4695265293121,200.0
0.15945442366434426,0.15945442494325157,33.28558041381836,594.8029761314392,200.0
0.18395971062346034,0.18395970909733678,31.90666423034668,605.9176774024963,200.0
0.1729192305533924,0.17291922703515614,31.70929138183594,604.0957243442535,200.0
0.15194848406046682,0.15194848386603893,32.950165206909176,595.2422695159912,200.0
0.1821470724870914,0.182147074000834,31.630583892822266,679.6636483669281,200.0
0.16290489070508604,0.16290488969425737,33.677085052490234,605.2572810649872,200.0
