True SPO,Unamb SPO,MSE,Elapsed,Epochs
0.03162142180802614,0.03162142198818085,22.447901336669922,315.08618211746216,200.0
0.02893387986519189,0.02893387628584341,19.265568771362304,314.6876621246338,200.0
0.021189169286606017,0.021189169872752236,21.136994110107423,316.35498666763306,200.0
0.025765333489266098,0.02576533356083968,21.414630752563475,311.2762496471405,200.0
0.020644486762294825,0.02064448774818102,23.2600263671875,310.17903184890747,200.0
0.02450405685863864,0.02450405706356274,19.70509390258789,316.9543161392212,200.0
0.02286588791920904,0.022863125522069774,20.10945440673828,310.61130356788635,200.0
0.01884226906977753,0.01884226888677792,23.69506300354004,309.9341731071472,200.0
0.024844128526291233,0.02485039713369097,19.925514190673827,312.72099018096924,200.0
0.022647093915318137,0.02264709449634684,23.23710772705078,314.2421860694885,200.0
