True SPO,Unamb SPO,MSE,Elapsed,Epochs
0.010787837129363298,0.010787835720233188,28.025294891357422,250.80768418312073,200.0
0.011997229260392662,0.011997229776205404,23.244157318115235,247.84784865379333,200.0
0.010262139065594877,0.010262138356489795,25.20783154296875,236.1896948814392,200.0
0.011542851601742602,0.011542850827966933,25.817558197021484,234.38738870620728,200.0
0.010327718343485372,0.010327718971573557,29.408414520263673,244.67825961112976,200.0
0.011080329445339947,0.01108032829222909,23.706207778930665,256.43988275527954,200.0
0.010869198779823576,0.010869198972791674,24.567095611572267,252.30803632736206,200.0
0.008833921404438087,0.00883392080139732,29.232908966064453,229.52913737297058,200.0
0.012637110068974387,0.01263710996198753,23.94163735961914,234.86562252044678,200.0
0.009595555310263331,0.009595554980005156,28.403189575195313,237.70733070373535,200.0
