True SPO,Unamb SPO,MSE,Elapsed,Epochs
0.09144615666781589,0.09144615704465528,31.833961486816406,503.70648193359375,20.0
0.10819500823599537,0.10819500739027882,30.09794404602051,501.12654662132263,20.0
0.09653557780606507,0.09653557933212283,33.564304626464846,483.45128297805786,20.0
0.10030348824408464,0.10030349035904951,31.36141976928711,466.4434175491333,20.0
0.09394592419836077,0.09394592507098463,31.447799377441406,502.7888615131378,20.0
0.10586388198902094,0.10586388089668347,31.837801574707033,508.57356905937195,20.0
0.09901283039956978,0.09901282951225898,30.451394348144532,510.5988953113556,20.0
0.09116883788754161,0.09116883799780537,31.132284759521486,500.5105559825897,20.0
0.1002135161514483,0.10021351415441297,32.06285595703125,513.2818126678467,20.0
0.08985836515622815,0.08985836522255146,31.718626556396483,548.5217292308807,20.0
