True SPO,Unamb SPO,MSE,Elapsed,Epochs
0.030727985747984427,0.030727987428309206,52.07826538085938,624.7027702331543,4.0
0.034048686569996996,0.03404868938781208,46.29090933227539,623.4093985557556,4.0
0.0370235278451243,0.037023529787891106,48.514799194335936,624.8975300788879,4.0
0.034412162566201936,0.034412164349170604,49.58756072998047,625.8543047904968,4.0
0.03583022630960353,0.035830224545148254,53.15771917724609,611.6567764282227,4.0
0.03716668436730715,0.037166685951815645,48.14571566772461,619.2418713569641,4.0
0.03416151255859456,0.034161515061674454,47.09227978515625,627.9638392925262,4.0
0.030530299912129057,0.030530300368623323,49.7300927734375,623.6445844173431,4.0
0.0365604380036775,0.036560437535831436,49.2210400390625,630.8508722782135,4.0
0.033071050184601394,0.03307104932020968,50.23059750366211,677.5999240875244,4.0
