True SPO,Unamb SPO,Elapsed,Epochs
-1.8604848173749677e-17,-2.781695746366457e-17,0.7065856456756592,100.0
