True SPO,Unamb SPO,MSE,Elapsed,Epochs
0.10961077284754979,0.10961077810634189,56.38645953369141,1209.215280532837,200.0
0.12595295548659435,0.12595295731429473,48.05436587524414,1140.3665163516998,200.0
0.11665416036702238,0.11665416164723645,51.79323764038086,1182.4436519145966,200.0
0.11877808399742631,0.11877808652622948,52.93320980834961,1086.9239184856415,200.0
0.1098181541400287,0.10981815456273257,60.36742230224609,1223.1003189086914,200.0
0.12114071836766943,0.12114072095874502,50.28129376220703,965.9041967391968,200.0
0.12621035289770566,0.1262103553931653,52.222050994873044,981.6644721031189,200.0
0.10818727706607867,0.1081872793176637,54.51309036254883,1054.9135293960571,200.0
0.1254752248910432,0.12547522552230295,53.78047952270508,1312.6625225543976,200.0
0.1025218127844326,0.10252181375666976,54.98877673339844,1287.7255036830902,200.0
