True SPO,Unamb SPO,Elapsed,Epochs
0.23373843769128322,0.23373844308427505,1324.156198978424,300.0
0.23449834777963635,0.23449835464624755,1313.5641193389893,300.0
0.23009172386227678,0.23009172866494507,1255.0758497714996,300.0
0.2441746814907711,0.2441746873938506,1269.0485179424286,300.0
0.24412140717256894,0.24412141397369527,1502.1908082962036,300.0
0.22476680281546557,0.22476680917598002,1638.7119092941284,300.0
0.25094084582022363,0.2509408493406013,1334.7525296211243,300.0
0.23848100436092573,0.23848101260671456,1304.8065836429596,300.0
0.24137750971828859,0.24137751532391352,1240.723274230957,300.0
