True SPO,Unamb SPO,MSE,Elapsed,Epochs
0.06042511606380785,0.060461717513505465,258.78902172851565,1309.3928093910217,300.0
0.052355452923897254,0.0523554611364918,244.98144555664064,1314.4894094467163,300.0
0.050595803675433086,0.0505958105993278,243.31397119140624,1287.7873945236206,300.0
0.04657243827337271,0.04657244470098798,259.82369555664064,1331.024296283722,300.0
0.04967291154352404,0.04967291803026632,252.28758984375,1293.3067553043365,300.0
0.0609896923512575,0.06098970130754301,267.0964581298828,1308.0863244533539,300.0
0.053736441609205876,0.05373644826669297,265.5344150390625,1288.911856174469,300.0
0.05816787914040671,0.058080290408765944,291.9161860351563,1346.2968528270721,300.0
0.04817688516476427,0.048176891838802006,203.5562958984375,1314.1345031261444,300.0
0.05609858420458017,0.05609859400240962,291.9892861328125,1372.1412813663483,300.0
