True SPO,Unamb SPO,MSE,Elapsed,Epochs
0.11358240743812921,0.11359690561136282,53.67946032714844,1808.8735690116882,1000.0
0.14323971483895506,0.14323971810750177,76.89843365478515,1669.1198267936707,1000.0
0.08501040325864573,0.08501040560506481,45.01915063476562,1215.2987098693848,1000.0
0.07416106097715223,0.07416106493676501,52.425003601074216,1298.6316995620728,1000.0
0.0827557733975379,0.08275577757037328,50.87771939086914,1396.5472736358643,1000.0
0.07646977844413688,0.07646977973200823,51.26133795166016,1661.2417521476746,1000.0
0.0773704194433985,0.07743291579892367,49.07117935180664,1748.921496629715,1000.0
0.07782630783346556,0.07782630764705491,55.578355529785156,1785.9659163951874,1000.0
0.08291635885352411,0.08291635626473019,56.59606817626953,1554.9304060935974,1000.0
0.07771074233961729,0.07771074639849185,49.747753662109375,1689.696650981903,1000.0
