True SPO,Unamb SPO,MSE,Elapsed,Epochs
0.14599812786162603,0.14599812843923923,25.267355361938478,602.8524286746979,200.0
0.17749055113572348,0.17749055168391972,20.77583157348633,591.5251927375793,200.0
0.17084855020393602,0.17084854844324054,22.710491180419922,608.1696150302887,200.0
0.16066553702790332,0.1606655384015953,23.058696853637695,674.9051306247711,200.0
0.15125897297497742,0.15125897150773507,26.017241287231446,715.2814338207245,200.0
0.17536894100106304,0.17536893911296278,21.11546398925781,572.2902600765228,200.0
0.17196804232418395,0.17196804091162757,22.21054508972168,570.8319404125214,200.0
