True SPO,Unamb SPO,MSE,Elapsed,Epochs
0.01755183126995844,0.017551831816930676,35.572019683837894,748.2038245201111,20.0
0.02057127541489348,0.02057127627812177,35.47248083496094,765.4595637321472,20.0
0.018329431754807946,0.01832943334290534,37.94536053466797,722.0457255840302,20.0
0.018741943034598453,0.018741940569570844,36.26833972167969,745.2665526866913,20.0
0.017849431885195093,0.017849431694252516,35.736797760009765,760.9707803726196,20.0
0.019123223116810806,0.019123222107373532,36.020677062988284,745.0501093864441,20.0
0.017217615296013157,0.017222723730597755,35.437312316894534,765.1469879150391,20.0
0.015392991186365773,0.015392987793683456,33.7463696899414,826.587317943573,20.0
0.017745086884249736,0.017745085467572405,37.95836785888672,787.4628298282623,20.0
0.014977559910114914,0.014977558211360778,35.17653884887695,788.8461673259735,20.0
