True SPO,Unamb SPO,Elapsed,Epochs
0.09717797217328095,0.09717797259320667,2395.1530351638794,300.0
0.10984068187505382,0.10984068188549934,2377.2066457271576,300.0
0.0825728819445792,0.08350317122308612,2365.5830812454224,300.0
0.08127674942326717,0.08132479950174053,2359.875157356262,300.0
0.07013691987721637,0.07013692024613526,2344.747775554657,300.0
0.1142467567806561,0.11425115994860341,2406.6860313415527,300.0
0.07672578332124065,0.07672578563048463,2426.2483558654785,300.0
