True SPO,Unamb SPO,MSE,Elapsed,Epochs
0.17132364631062175,0.1713236457704027,24.806086700439455,467.86849212646484,200.0
0.20120448161510318,0.2012044803623822,20.499287048339845,459.825400352478,200.0
0.19485994928009734,0.1948599488888782,22.422273361206056,459.31821513175964,200.0
0.18492919186924892,0.1849291919927158,22.5576817779541,471.29609084129333,200.0
0.1721590297439735,0.17215903077305314,25.191962371826172,469.3495788574219,200.0
0.2027016356868753,0.20270163666066088,21.08037260437012,458.2355306148529,200.0
0.19406689511306793,0.19406689600410898,21.883908309936523,456.5096845626831,200.0
0.16254055948017715,0.1625405582015963,25.241828536987306,480.33315777778625,200.0
0.2018405376559709,0.2018405395562319,21.389038299560546,450.4368727207184,200.0
0.17219252247907382,0.17219252357547482,25.008957305908204,477.4623153209686,200.0
