True SPO,Unamb SPO,MSE,Elapsed,Epochs
0.18133173418151066,0.18133173642276681,347.8355439453125,423.1002893447876,200.0
0.19784903397592424,0.19784903869478151,269.44297302246093,420.16122007369995,200.0
0.19653619604960365,0.1965361988201031,305.4260078125,425.65202283859253,200.0
0.19660305394472116,0.19660305599201683,312.7606640625,431.0901861190796,200.0
0.18108495320634715,0.18108495758915044,411.2303251953125,435.87349557876587,200.0
0.20869383641537378,0.20869383975363,312.98732763671876,431.4200928211212,200.0
0.20824537822165173,0.20824537948978852,364.32494311523436,425.93198704719543,200.0
0.19630184589402028,0.1963018443723585,280.8635340576172,438.708872795105,200.0
0.21743300421972872,0.2174330054419829,384.03612969970703,432.3196358680725,200.0
0.17774829576336007,0.17774829722017638,305.28136328125,432.14923095703125,200.0
