True SPO,Unamb SPO,MSE,Elapsed,Epochs
0.06504435650048473,0.06504435613989619,29.408373168945314,499.69564723968506,1000.0
0.07478393884566163,0.074795873663449,76.84418988037109,547.8421232700348,1000.0
0.03278058494425024,0.032780586567624795,21.488019927978517,471.5027656555176,1000.0
0.03369880577314757,0.033698803730522316,22.694121414184572,455.63147711753845,1000.0
0.037122247654827314,0.03712224533025083,22.363394149780273,456.1182198524475,1000.0
0.03030089886064416,0.030313133352581505,27.418622451782227,494.83751034736633,1000.0
0.028033773561945554,0.02803377399740398,21.033814498901368,456.7619049549103,1000.0
0.03773619094689795,0.03773619075114333,27.370193572998048,484.33684730529785,1000.0
0.03123611293326911,0.031236110144132478,24.52736785888672,492.98661828041077,1000.0
0.029404374292973448,0.029404373041262432,21.136489318847655,454.6474766731262,1000.0
