True SPO,Unamb SPO,MSE,Elapsed,Epochs
0.3278651138559722,0.3282557995620033,120.07779075391569,598.6480033397675,0.0
0.2941018148811531,0.29804879241205023,85.46223155960016,599.1117994785309,0.0
0.2988285784343986,0.3003612444470954,98.12580185260926,600.1207675933838,0.0
0.41812647626602634,0.41812647751323617,134.39859164959685,596.1908962726593,0.0
0.357088678059795,0.35727540325941454,137.42822768519204,596.6568393707275,0.0
0.3098175877405816,0.3107833634679878,123.92394542559703,597.4181118011475,0.0
0.23958937772829264,0.23958937889756637,116.41699048190438,595.6370325088501,0.0
0.3580197284643171,0.36137774467095896,120.72977647862413,599.8296899795532,0.0
0.301872111314692,0.30428149554372236,85.96873558684031,596.1802258491516,0.0
0.3044651645623859,0.3101090221554482,123.51754003155706,596.4851787090302,0.0
