True SPO,Unamb SPO,Elapsed,Epochs
0.21152822689699968,0.21152822924803916,1334.601288318634,300.0
0.21590509899372784,0.21590510027599774,1283.3200225830078,300.0
0.1976715354745011,0.19767154410657772,1317.9424531459808,300.0
0.21845761495904645,0.21845761785308826,1296.7323377132416,300.0
0.21755887605506738,0.21765999638964317,1302.9982442855835,300.0
0.21123380732598357,0.21123380990193355,1378.001443862915,300.0
0.22793283625914132,0.22793284308761338,1244.1882224082947,300.0
0.20755716897690157,0.20755717260167378,1354.6158080101013,300.0
0.22746314199908413,0.2274631443445005,1275.4261763095856,300.0
