True SPO,Unamb SPO,MSE,Elapsed,Epochs
0.060333381811578005,0.0603333815570317,28.3795400390625,441.01036381721497,1000.0
0.07945078846673607,0.07945079041941414,80.12977874755859,467.0333116054535,1000.0
0.03615635047024732,0.03615634885352226,21.428447998046874,415.6165578365326,1000.0
0.033860966152992125,0.03386096765844895,22.463542892456054,374.7482132911682,1000.0
0.03266855718095371,0.03266855536461185,22.23436454772949,378.211731672287,1000.0
0.03249713647130864,0.032497136770346366,28.217953201293945,398.0674889087677,1000.0
0.027591140437189726,0.027591138476584915,20.693901123046874,368.7195339202881,1000.0
0.036884925501829084,0.03688492701525121,27.355849670410155,384.1878263950348,1000.0
0.032028652411262175,0.03202865040676748,23.985295806884764,400.04825139045715,1000.0
0.025892381594154943,0.025892380410758854,20.990727249145507,375.8378551006317,1000.0
