True SPO,Unamb SPO,MSE,Elapsed,Epochs
0.19991088350017033,0.1999108846606342,36.68423205566406,475.32398748397827,200.0
0.18166760884784172,0.18166760928226322,37.34145864868164,485.328875541687,200.0
0.18266849844812905,0.1826684968160407,36.68223153686523,477.8883123397827,200.0
0.1963843362544453,0.19638433875780914,39.40781317138672,483.5757324695587,200.0
0.20319642123095732,0.20319641899938584,36.41813104248047,478.2950472831726,200.0
0.19405040349234082,0.19405040458604658,38.904568878173826,473.91242575645447,200.0
0.17384659128708918,0.17384659145272202,37.40904345703125,475.9544095993042,200.0
0.204609814087414,0.2046098129673767,36.516656311035156,474.3325128555298,200.0
0.19558298916067185,0.19558299236482504,39.09881906127929,482.91877031326294,200.0
0.20474318045454545,0.2047432266489403,36.50748883056641,483.43680453300476,200.0
