True SPO,Unamb SPO,MSE,Elapsed,Epochs
1.6233531958155475e-05,1.6233536062248233e-05,0.00018531819468927668,601.1638650894165,0.0
0.0011744752144384769,0.001173769435909305,0.016146711588417573,596.2555153369904,0.0
1.2436148729740193e-05,1.2436153410084208e-05,0.00013391774152404957,596.3043007850647,0.0
0.0001802153091653504,0.0001802153246506659,0.007033633641125435,595.8382213115692,0.0
0.04232460257517353,0.04232460266038114,0.6511083049851816,597.5767250061035,0.0
1.5411102653317286e-05,1.5453095072849478e-05,0.00017040140212467263,597.3235740661621,0.0
3.851194463094767e-05,3.851195315483698e-05,0.00023107750127012816,597.7581136226654,0.0
0.08491563131034653,0.08491563135509389,1.0550576074245148,599.5677554607391,0.0
3.522614752352193e-05,3.5226149222523957e-05,0.00025792107424973547,596.9605643749237,0.0
0.0002721417442044157,0.00027214178942302846,0.008706058638264033,597.0950722694397,0.0
