True SPO,Unamb SPO,MSE,Elapsed,Epochs
0.21909398527441176,0.21909398418003212,27.712234954833985,600.9501507282257,1000.0
0.24517918997128305,0.24519951365706635,81.03008444213867,573.6909627914429,1000.0
0.20028518052063038,0.20028517968809653,21.949441619873046,548.1687567234039,1000.0
0.17408616201402025,0.1740861629135933,23.685410537719726,598.1131405830383,1000.0
0.1944343642680245,0.19452349657867563,22.869054733276368,554.0591633319855,1000.0
0.18766116949725925,0.1876611733680785,26.652609100341795,559.2599060535431,1000.0
0.179244498484412,0.1792445000160195,22.06677641296387,535.6478838920593,1000.0
0.17494003539243896,0.17494003375507186,28.016642791748048,579.6842448711395,1000.0
0.16259890945115832,0.16259890968113896,24.987695114135743,568.693190574646,1000.0
0.18728186498008384,0.18728186446742748,22.312417175292968,539.7749593257904,1000.0
