True SPO,Unamb SPO,MSE,Elapsed,Epochs
0.07867538944705958,0.07867539044926998,25.767647033691407,245.2310106754303,20.0
0.07205463596458746,0.07205463610241329,26.900757354736328,241.75918436050415,20.0
0.07062565955568219,0.07062565720568506,26.78811721801758,242.3891830444336,20.0
0.07993380665331352,0.07993380638471781,24.280373092651367,243.82590675354004,20.0
0.07296605718582107,0.07296605732653902,26.640504684448242,242.68576884269714,20.0
0.07778107131349214,0.07778107360633595,25.383078521728514,245.36237931251526,20.0
0.07305602630653317,0.07305602552038899,26.452699813842774,247.19595384597778,20.0
0.06887014466726653,0.06889579928673617,29.223947662353517,249.98090624809265,20.0
0.07513325639204112,0.07513325745959684,26.00320993041992,247.84044885635376,20.0
0.07559059109856492,0.07559059078330857,28.144180282592774,246.33848977088928,20.0
