True SPO,Unamb SPO,MSE,Elapsed,Epochs
0.15751002473719414,0.15751003189250362,261.54333361816407,305.2111175060272,200.0
0.15204821828511697,0.15204822352308026,266.52253149414065,297.7774541378021,200.0
0.13170917923824754,0.13170918765182393,254.64400903320313,299.8944489955902,200.0
0.12022104166642454,0.12022104524073043,235.52189086914063,294.76690125465393,200.0
0.13964048291546302,0.13964048984965644,266.41093798828126,299.2702286243439,200.0
0.1422561119596804,0.14225611737281205,297.4974365234375,299.6508927345276,200.0
0.1311305482462483,0.13113055472998375,248.01171325683595,296.4751327037811,200.0
0.1411278019671059,0.14112780893051427,245.49828271484375,307.5605683326721,200.0
0.15369175559845683,0.1536917624559105,300.0429963378906,296.4624741077423,200.0
0.12335676230862679,0.12335676727113597,225.2455302734375,302.4204225540161,200.0
