True SPO,Unamb SPO,MSE,Elapsed,Epochs
0.0781458473630913,0.07814584570666352,28.94433590698242,454.0186536312103,1000.0
0.10270336732832243,0.10270336677826003,60.942152130126956,433.59632682800293,1000.0
0.04708393732056935,0.047083937701158374,23.947592651367188,434.7147161960602,1000.0
0.044434775746089415,0.044434778318799495,26.143612548828123,434.7984449863434,1000.0
0.04533290043623935,0.045332901498627065,25.103034240722657,434.73085284233093,1000.0
0.044124265596953906,0.044124265216114456,26.535746154785155,420.7597351074219,1000.0
0.03774994491553949,0.037749944296753726,24.027185333251953,435.2799406051636,1000.0
0.04556600001768735,0.04556599938826881,28.906359252929686,431.60506939888,1000.0
0.04438372871731227,0.044383729160646805,28.56272186279297,425.9532012939453,1000.0
0.04091355781831316,0.040913558966918055,24.335384246826173,448.2251012325287,1000.0
