True SPO,Unamb SPO,MSE,Elapsed,Epochs
0.2213714025592547,0.221371402551498,28.260073837280274,1315.1596302986145,1000.0
0.2519250686257309,0.2519250689568963,84.84019039916993,1291.4876613616943,1000.0
0.2009951250669342,0.20099512271778214,22.1252530670166,1216.1548142433167,1000.0
0.17660099136879964,0.1766009905388443,23.980093627929687,1284.6282205581665,1000.0
0.19500659337331497,0.19500659424012004,22.986162872314452,1146.8488318920135,1000.0
0.18763275186620587,0.18763275397290657,27.9941104888916,1286.6713192462921,1000.0
0.18187261172553412,0.18187261128956903,22.22952815246582,1163.6770570278168,1000.0
0.17660826111304107,0.1766383436566535,27.943649856567383,1244.009927034378,1000.0
0.16522615809350966,0.1652261590762039,25.155716247558594,1286.306160211563,1000.0
0.18370792195203456,0.18370792166304956,22.37115266418457,1186.8909482955933,1000.0
