True SPO,Unamb SPO,MSE,Elapsed,Epochs
0.05639098335751172,0.05639099009564565,239.84989111328125,490.50158953666687,20.0
0.059830747698844916,0.059830756763309886,212.7409051513672,496.91465306282043,20.0
0.06298428229043958,0.06298429074673138,260.2554228515625,457.1998052597046,20.0
0.06877061648292332,0.06877062308065245,234.7546330566406,461.7917718887329,20.0
0.0669837069605065,0.06698371608340366,308.73569689941405,488.5975549221039,20.0
0.06298130652754257,0.06298131061020343,235.74402087402345,473.44476318359375,20.0
0.06065666608940502,0.06065667284923663,247.96172399902343,484.011367559433,20.0
0.054226804666718365,0.054226809226727214,219.92344567871095,482.1202414035797,20.0
0.06618501685129212,0.06624404801042132,284.6623126220703,469.66959619522095,20.0
0.056144764815410204,0.056144770406920945,237.97135595703125,477.9042327404022,20.0
