True SPO,Unamb SPO,MSE,Elapsed,Epochs
0.09357466628938592,0.09357467323411865,269.4343917236328,242.80588603019714,20.0
0.08835635425883204,0.0883563618374212,224.6201708984375,242.56784987449646,20.0
0.07712932269675736,0.07712932884635172,278.0918352050781,243.46020770072937,20.0
0.08294130888672453,0.08294131371592481,229.673666015625,246.2560167312622,20.0
0.09377847542260913,0.09377848165599344,265.7896472167969,244.8161382675171,20.0
0.0947302148190432,0.09473022170952472,245.003646484375,247.8113865852356,20.0
0.09080105477423675,0.09080106246064647,276.92376025390627,241.830007314682,20.0
0.1010555823940509,0.10105558812437912,298.43632849121093,241.0160825252533,20.0
0.09039425983134004,0.09039426649123941,302.97667700195314,242.16887259483337,20.0
0.09299795359332994,0.09299796152242379,273.468974609375,244.06262350082397,20.0
