True SPO,Unamb SPO,MSE,Elapsed,Epochs
0.09002488219382486,0.08997988234654941,4.909538714395643,595.249195098877,0.0
0.08554311378670412,0.08554311409751168,4.858378180676326,593.6696751117706,0.0
0.08514526608786527,0.08514526625632853,5.2822493952171286,596.3736646175385,0.0
0.08192149962221744,0.08192150022440436,4.668616907683788,593.7904205322266,0.0
0.0933255431042096,0.0933255434527659,5.3547424432139366,596.7741963863373,0.0
0.09772154011599592,0.09787122883380288,4.891177560987428,596.4628384113312,0.0
0.0864326125794465,0.08643261279366683,5.67682775082966,599.2357535362244,0.0
0.07738012146105185,0.07738012158637016,4.291714653908105,594.1851511001587,0.0
0.07847165356154781,0.07847165404469628,4.7681297361325035,598.0291681289673,0.0
0.08836533790940056,0.08836533796747359,4.370497890573289,593.7899312973022,0.0
