True SPO,Unamb SPO,MSE,Elapsed,Epochs
0.02109838529823958,0.02109838591516107,54.693770568847654,530.5290987491608,20.0
0.02305080658555462,0.023050805046441476,46.92530407714844,548.3371403217316,20.0
0.02315040463303238,0.02315040433943442,52.72844082641602,529.1405413150787,20.0
0.025440070559575114,0.02544007180675867,52.59033981323242,519.5842790603638,20.0
0.023795078667588815,0.023795079711315448,60.5407043762207,531.7926001548767,20.0
0.02270477235953095,0.022704773188250003,49.40345944213867,480.5655014514923,20.0
0.023105661758090337,0.023105663205149025,49.432544311523436,484.8890016078949,20.0
0.021009843325941854,0.02100984303686611,54.232085815429684,483.4406144618988,20.0
0.024616343151251576,0.024616341784692766,52.05399731445313,473.9619369506836,20.0
0.021867513202528683,0.021867513736194156,54.84083642578125,485.82829546928406,20.0
