True SPO,Unamb SPO,Elapsed,Epochs
0.03856266260008225,0.038562665078646655,3540.4009351730347,300.0
0.03994943931677367,0.03994944300587209,1635.3785178661346,300.0
0.03567477214999288,0.035674777457641055,1585.0628879070282,300.0
0.0356992581761489,0.0356992627671956,1556.0575182437897,300.0
0.037805694425978205,0.03780569899211458,1481.8023993968964,300.0
