True SPO,Unamb SPO,MSE,Elapsed,Epochs
0.15878734687013152,0.1587417392634992,1.0090446386302898,598.4847965240479,0.0
0.14285824015585882,0.14287289834383915,1.0179416227836506,596.5256686210632,0.0
0.17024653280628096,0.17026866118538145,1.0336043772683317,600.213841676712,0.0
0.10018628888059027,0.10013165801363631,0.8272479797642475,595.3403522968292,0.0
0.14948574174563609,0.14948918688683102,1.0337138018070042,600.833411693573,0.0
0.1360201258308304,0.13602012598422986,1.0153873105278715,599.5285139083862,0.0
0.14923706667703865,0.14923706690772265,1.0169746696287227,596.6913404464722,0.0
0.15339777370462745,0.1533977738277473,1.0080063701374284,598.0061054229736,0.0
0.14651404207354612,0.14655352545120454,1.0069239555571128,601.2955052852631,0.0
0.14475631130823086,0.14475631140849687,1.0204201007977003,599.8225474357605,0.0
