True SPO,Unamb SPO,MSE,Elapsed,Epochs
0.08837376195029445,0.08837376231690866,59.67560144042969,765.3743162155151,20.0
0.09943773116918866,0.0994377338063338,52.915938018798826,762.3205275535583,20.0
0.09737234244051039,0.09737234348700798,58.8780341796875,773.9447979927063,20.0
0.10558850648379695,0.10558851078910846,57.96912683105469,768.3099684715271,20.0
0.09702177461995812,0.09702177545043908,64.69866241455078,772.5096151828766,20.0
0.10347672807475902,0.10347673323790209,55.90015426635742,741.9603481292725,20.0
0.1021181697558521,0.10211817117140452,55.431323303222655,730.5016386508942,20.0
0.09272585414800966,0.09272585577155874,58.03059780883789,736.5784811973572,20.0
0.1029361922707837,0.10293619472621504,58.536268615722655,774.6273815631866,20.0
0.08835673919741406,0.088356741318309,59.246039001464844,788.9172375202179,20.0
