True SPO,Unamb SPO,Elapsed,Epochs
0.21375750005322505,0.21375750246339048,1370.7354485988617,300.0
0.2113391097069416,0.21133911445832015,1353.908826828003,300.0
0.20629574960537111,0.2062957507932397,1373.478127002716,300.0
0.22357872812516708,0.223578731930997,1363.8567736148834,300.0
0.21705151846840987,0.21705151894036093,1358.1178982257843,300.0
0.20261748707135613,0.20261748706524665,1395.0075130462646,300.0
0.2213306196988576,0.221330624158241,1336.3870861530304,300.0
0.2123215115291917,0.21232151499834517,1408.999397277832,300.0
0.22411635570726302,0.22411636111000338,1295.4963598251343,300.0
