True SPO,Unamb SPO,MSE,Elapsed,Epochs
0.06754487820392321,0.06754488537797101,248.83128515625,241.3251280784607,20.0
0.06065458797662919,0.06065459418158837,208.37422998046875,244.75550174713135,20.0
0.05777867561916528,0.05777868132932052,243.95239013671875,244.477303981781,20.0
0.05816770450474471,0.058167710884887924,209.1946875,241.50759744644165,20.0
0.07017312448315668,0.0701731316150009,243.90789916992188,241.80160903930664,20.0
0.06705405225244275,0.06705406077018077,221.93678784179687,240.96257305145264,20.0
0.06543455155689673,0.06543455807426261,255.33243920898437,243.47653102874756,20.0
0.07052909604462229,0.07052910506279964,270.067451171875,242.57586884498596,20.0
0.06449897941184654,0.06449898688217863,266.16861401367186,241.3019437789917,20.0
0.06468328515605652,0.0646832917337705,256.50156115722655,245.9650423526764,20.0
