True SPO,Unamb SPO,Elapsed,Epochs
0.4518806485191956,0.45202773522339973,4588.434880018234,300.0
0.463728738682704,0.4637287364766952,2461.7899129390717,300.0
0.4377843418838137,0.4379036424257378,2472.714994430542,300.0
0.43768830135731013,0.43791830167810386,2477.018485069275,300.0
