True SPO,Unamb SPO,Elapsed,Epochs
0.04671923139841857,0.04672146789430594,2347.9639933109283,300.0
0.06468600307407654,0.06471083048197353,2311.6940383911133,300.0
0.0727356544381308,0.07273565551534161,2410.347494125366,300.0
0.06692332602395884,0.06696750629704311,2442.0634427070618,300.0
0.07481788137079126,0.07488162365187909,2354.705647468567,300.0
0.059678098823807924,0.05969160674974486,2386.2100834846497,300.0
0.05247987201522901,0.052579761466806714,2280.2437946796417,300.0
