True SPO,Unamb SPO,MSE,Elapsed,Epochs
0.09924802432200679,0.09924802975183421,287.1047705078125,772.3287138938904,20.0
0.12756287435753386,0.12756288343022573,264.41668237304685,769.2288115024567,20.0
0.11607114750159145,0.11608924332703871,317.289412109375,771.5027546882629,20.0
0.13553875433363502,0.13553875960612866,280.30409594726564,785.0057718753815,20.0
0.13218461476451765,0.1321846221941594,398.2502600097656,798.3768699169159,20.0
0.11643022197847513,0.11643023234211583,290.6079547119141,792.8501677513123,20.0
0.13160314057052253,0.13160314122840408,304.5448328857422,756.3719501495361,20.0
0.12539521112014143,0.12539522099310438,271.768974609375,759.4542388916016,20.0
0.1324616477587255,0.13246165891681003,339.8826437988281,740.73583817482,20.0
0.11159991234168336,0.11171654907988673,286.3757431640625,746.1789770126343,20.0
