True SPO,Unamb SPO,MSE,Elapsed,Epochs
0.000157934893156872,0.00015793490797135862,0.001152274913200898,595.5502650737762,0.0
9.475094534181137e-05,9.475096991211579e-05,0.0007964699002776486,596.9662411212921,0.0
7.799568533421294e-05,7.799569096415251e-05,0.0008063254598695177,597.7156999111176,0.0
0.00010838464173051164,0.00010838464657660871,0.0010137465366913537,594.2833008766174,0.0
0.00010897920886754712,0.00010897922099871923,0.0009842661593426156,600.0458552837372,0.0
0.00010541861747452283,0.00010541862729168412,0.0009487651869892143,594.5265424251556,0.0
0.00012180195375815087,0.00012180196109630941,0.0011585723407250852,595.9307653903961,0.0
0.00011516188585858835,0.00011516190055224312,0.0010601927757184259,594.1353282928467,0.0
0.00011548462717705029,0.00011548463296811512,0.0009654189055584027,595.2597794532776,0.0
0.00012184023792350075,0.00012184024924485103,0.0010986921699594999,596.5069389343262,0.0
