True SPO,Unamb SPO,MSE,Elapsed,Epochs
0.10570514786934682,0.1057051479982776,1.5909893040859397,600.3456196784973,0.0
0.10208130853352747,0.10208130860062,1.567466140938356,594.9190168380737,0.0
0.09679496522552271,0.09679496532634212,1.5869110379875404,597.2117118835449,0.0
0.10517991451218904,0.10517991469488873,1.5889765311710096,593.9731526374817,0.0
0.09896283069586886,0.0989628308265917,1.5873772841244207,598.5752198696136,0.0
0.09976146312785722,0.09976146347047785,1.6240900329368446,596.0583226680756,0.0
0.09776845766982312,0.09776845774841186,1.5712430904945276,595.0371479988098,0.0
0.10089217236615444,0.10091999456386724,1.6213803909568714,593.3838376998901,0.0
0.09348690780268674,0.09348690809599798,1.4948724862072078,593.9009807109833,0.0
0.09622606824790753,0.0962260682860324,1.5575282949832212,596.8070259094238,0.0
