True SPO,Unamb SPO,Elapsed,Epochs
0.9492200918245723,0.9492200916486311,3909.421971321106,1000.0
0.7847961326968951,0.7847961349784377,1441.6187062263489,1000.0
1.1423096074137884,1.1426041371169435,1253.6403653621674,1000.0
0.7831468324592933,0.7831468350465866,1416.0306737422943,1000.0
0.9938082332373607,0.9938865675486845,1253.153338432312,1000.0
0.8181660902702708,0.8181660952703964,1397.059838294983,1000.0
0.970592223173053,0.9709509505959083,1317.1407516002655,1000.0
1.0083001450966644,1.0083001485309357,1370.0012226104736,1000.0
1.0469146463854406,1.0469146432929095,1467.3720996379852,1000.0
0.7274688935472643,0.7274688925412873,1390.9255590438843,1000.0
