True SPO,Unamb SPO,Elapsed,Epochs
0.48187275696105575,0.4819655101966302,4622.4142644405365,300.0
0.39924557183329795,0.39965331603086585,2408.2863981723785,300.0
0.4172352670354099,0.41748038743226573,2505.413556098938,300.0
0.4424061361422592,0.4424915699976796,2641.119053840637,300.0
