True SPO,Unamb SPO,MSE,Elapsed,Epochs
0.2847945900077901,0.2874443229080199,158.82643005462512,594.167160987854,0.0
0.22894962695644083,0.2299467216177477,143.41882432625977,595.1509766578674,0.0
0.22355590856997007,0.22569699026066756,139.8332871415229,595.7943122386932,0.0
0.21576491958207827,0.21576492028097777,131.2216944531451,597.2964730262756,0.0
0.3106371692490472,0.31366820246958044,167.07674511712878,594.9674978256226,0.0
0.3344756870888192,0.3359839972717851,127.40658832223149,593.905663728714,0.0
0.2619546713312249,0.26441231709905316,155.91701244542364,594.1579003334045,0.0
0.2771168208583774,0.27960545821899674,141.98140222192197,595.1505734920502,0.0
0.2896249368117417,0.29157343031240274,152.33416066837276,595.1963748931885,0.0
0.1722264092514643,0.17222640993202487,139.79804039845735,593.2210245132446,0.0
