True SPO,Unamb SPO,MSE,Elapsed,Epochs
0.1372565580958722,0.1372565590986868,10.202593092058065,0.38230133056640625,0.0
0.1436081770905926,0.14360817759934438,10.327114093242244,0.19617486000061035,0.0
0.13026162813683315,0.1302616287366269,9.779783434468207,0.20276331901550293,0.0
0.12051567727882137,0.1205156777288551,10.464851240792393,0.19696521759033203,0.0
0.1283879824604974,0.12838798323085132,10.232360616496996,0.2138359546661377,0.0
0.1478760265289946,0.14787602710648284,10.43435352569175,0.19785499572753906,0.0
0.12312115558532247,0.1231211564646186,10.771420991630741,0.19895553588867188,0.0
0.14387374054710256,0.1438737412117155,11.309808028820866,0.20729565620422363,0.0
0.11022057405241606,0.11022057496715426,8.582072057857678,0.20716214179992676,0.0
0.1317272326184869,0.13172723304054576,11.156759008456767,0.20212292671203613,0.0
