True SPO,Unamb SPO,MSE,Elapsed,Epochs
0.10316249847283541,0.10316250166436296,25.094569381713868,499.6366865634918,20.0
0.1254953151112189,0.12549531480673345,20.704824722290038,526.4763975143433,20.0
0.11680636429217689,0.11682367857595523,22.776045654296876,500.5939311981201,20.0
0.11839719605416432,0.11839719887158903,23.136672027587892,516.8495869636536,20.0
0.10537800515114015,0.10537800611143497,25.818332427978515,524.4322113990784,20.0
0.12849730159608896,0.12849730251035232,20.89471499633789,526.2693455219269,20.0
0.11874473165962275,0.11874473196051795,21.92888473510742,527.6632862091064,20.0
0.10669286298786736,0.10669286322997874,26.178248931884767,547.5239768028259,20.0
0.12250198981345219,0.12250198882813504,21.211685363769533,504.5520691871643,20.0
0.1033964309265205,0.10339642846962262,25.561178344726564,517.2635278701782,20.0
