True SPO,Unamb SPO,Elapsed,Epochs
0.42107044615604633,0.4212385627088883,3389.9867696762085,300.0
0.3809045134289968,0.38097426930478484,3289.4810123443604,300.0
0.3842656691152589,0.38479840606871657,3275.0838973522186,300.0
0.38749946002911234,0.3877078594129425,3172.489726781845,300.0
0.4163843760096559,0.41644319095745413,2403.637129545212,300.0
0.39536090102937127,0.39573877608020736,3052.813470363617,300.0
0.4172854296972751,0.4172854284943277,2782.26314330101,300.0
0.38820045988420315,0.3882004592817787,2511.938148021698,300.0
