True SPO,Unamb SPO,Elapsed,Epochs
0.23373843686769913,0.23373844268642147,3537.8747277259827,300.0
0.23449835099707828,0.23449835453504964,1541.8705716133118,300.0
0.2300917227407628,0.23009172835738612,1556.6570601463318,300.0
0.2441746832993452,0.24417468867941622,1463.7915279865265,300.0
0.24412140661367854,0.24412141447347416,1628.5885963439941,300.0
0.22476680624737744,0.22476681084536299,1693.7903094291687,300.0
0.250940845252599,0.25094084901444785,1745.2518689632416,300.0
