True SPO,Unamb SPO,MSE,Elapsed,Epochs
0.1334632113516263,0.13346321679560424,316.8083024902344,504.32488107681274,200.0
0.1641278092363493,0.16412781149671118,250.5845537109375,475.08437633514404,200.0
0.1548752198448632,0.1548752218426021,283.37285498046873,472.90456366539,200.0
0.17248278774071546,0.17248278970207412,282.07834130859374,494.0434317588806,200.0
0.15029537471561286,0.15029537902863907,365.55957250976564,495.5907373428345,200.0
0.15426325680051647,0.15426326156539427,283.50590966796875,476.9753758907318,200.0
0.17328000727099777,0.1732800084903059,331.2125129394531,487.39091300964355,200.0
0.1420919702086584,0.1420919732711108,265.33653845214843,502.03662037849426,200.0
0.1809652500599236,0.18096525373980027,358.9503099975586,488.5611894130707,200.0
0.15814062933584783,0.15814063318986304,285.04338427734376,490.4334352016449,200.0
