True SPO,Unamb SPO,Elapsed,Epochs
0.01650071480730533,0.016500715043491952,3467.4528126716614,300.0
0.01623563273501999,0.016235635123519956,1590.5061438083649,300.0
0.015211338116363713,0.015211340668101253,1501.0874226093292,300.0
0.015028947653457083,0.015028948801152159,1484.087679862976,300.0
0.014946529847523565,0.014946531458328853,1457.4835288524628,300.0
