True SPO,Unamb SPO,MSE,Elapsed,Epochs
0.4110996357884151,0.41109964361235224,337.01627416992187,501.3113679885864,200.0
0.3296075476965035,0.32960755312059137,258.3530301513672,505.79245710372925,200.0
0.330905986379957,0.3309059922449637,293.90831201171875,516.7166697978973,200.0
0.4139749936948349,0.4139750032771521,305.75204931640627,513.928314447403,200.0
0.3281616163312566,0.3281616259748375,398.973072265625,516.8243901729584,200.0
0.3156514878680193,0.31598301797541806,300.22725769042967,499.29756712913513,200.0
0.38988121230897943,0.38988122149797083,356.6751979980469,499.26952838897705,200.0
0.36844398132718886,0.3684439868382253,274.9618330688477,514.0012514591217,200.0
0.4843386315772581,0.48433864116881103,372.07616265869143,479.63230752944946,200.0
0.3443550731712475,0.3443550788641663,297.368669921875,498.9962463378906,200.0
