True SPO,Unamb SPO,Elapsed,Epochs
0.04861139222538796,0.048611390885818624,1989.648101091385,300.0
0.08658482303020852,0.08658482295462776,1943.8470752239227,300.0
0.07500770406641033,0.07508469661816912,1844.271996498108,300.0
0.04612354046619345,0.046123541165347164,2007.9134285449982,300.0
0.05661670590916323,0.05661670815104078,1959.189113855362,300.0
0.06609818062090535,0.06609817907050053,2023.037920475006,300.0
0.06674706614111647,0.06674706917747494,2159.610113620758,300.0
