True SPO,Unamb SPO,MSE,Elapsed,Epochs
0.16266901903986858,0.1626690207179,58.213176391601564,794.1214373111725,1000.0
0.17252849483198143,0.1725284960803253,73.31898181152344,734.8828022480011,1000.0
0.13450324017540308,0.1345032449795805,49.10513836669922,696.3450613021851,1000.0
0.12237519399410765,0.12237519703626275,57.679619689941404,742.8444271087646,1000.0
0.12677428692696482,0.1267785567226785,54.93061212158203,736.7688682079315,1000.0
0.13143092989740018,0.13143092959073857,59.83669100952149,768.623782157898,1000.0
0.12823432218617356,0.12826463285358308,53.318513916015625,803.1831123828888,1000.0
0.12500501755597038,0.12500501633888064,58.90251013183594,752.9817969799042,1000.0
0.13642523161522474,0.13642523523430877,61.67953305053711,718.199946641922,1000.0
0.1270010539448115,0.1270010561909269,54.117715270996094,742.4468584060669,1000.0
