True SPO,Unamb SPO,MSE,Elapsed,Epochs
0.0034300765004336613,0.003430075865149157,25.358136779785156,244.0078136920929,20.0
0.0025382909384130373,0.0025382894406121626,26.71802113342285,243.65553379058838,20.0
0.0030148723004563764,0.0030148718080675544,26.255906188964843,241.62934374809265,20.0
0.0025205154276373323,0.0025205175834772634,23.803333221435548,241.86238622665405,20.0
0.003410515564724447,0.003410514828859394,26.202317611694337,240.81458353996277,20.0
0.00336663883649587,0.0033666376391359946,25.025977905273436,244.40767288208008,20.0
0.003191610289639302,0.0031916113849939473,26.152421585083008,242.7335820198059,20.0
0.002911903951236993,0.002911902841806982,29.0918830871582,242.31572890281677,20.0
0.0033696795660227113,0.0033696806623837415,25.535843521118164,240.95860934257507,20.0
0.003190780956873784,0.003190781409009704,27.93675387573242,242.62915205955505,20.0
