True SPO,Unamb SPO,MSE,Elapsed,Epochs
0.0219352409895749,0.0219352416195574,47.970238220214846,3077.382322072983,50.0
0.0220502658858796,0.0220502711613998,45.43272802734375,3076.964941740036,50.0
0.0200622499855714,0.0200622514012204,46.16845324707031,3098.488293170929,50.0
0.0192610084789654,0.0192610092607706,42.68905541992188,3055.3518238067627,50.0
0.0210775731127352,0.0210775749644734,47.364985412597655,3224.2160561084747,50.0
0.017422276439285986,0.01742227855198629,47.05367736816406,954.2247316837311,50.0
0.017987956954147302,0.017987957580667877,44.83658819580078,963.0855801105499,50.0
0.019158831106863408,0.019158832616035407,42.297194030761716,946.576872587204,50.0
0.017142734790354754,0.017142735644819038,50.33611657714844,928.8570547103882,50.0
0.01828095897426355,0.018280961315586677,49.42413455200195,958.3589618206024,50.0
