True SPO,Unamb SPO,MSE,Elapsed,Epochs
0.017316033389288707,0.017316035332572085,55.38499270629883,373.3502571582794,4.0
0.01925453503057313,0.01927463555084794,47.70763586425781,367.0661725997925,4.0
0.017630866653751943,0.017630867193155448,50.807819885253906,373.3259930610657,4.0
0.01918314693822923,0.0191831473994733,52.50679718017578,401.4162356853485,4.0
0.01927788004636777,0.01927787863294548,58.33907995605469,402.74753999710083,4.0
0.019359933733493154,0.019359934792114092,49.31484292602539,404.0826528072357,4.0
0.01853810775651565,0.018538107787385058,48.96003936767578,402.84466075897217,4.0
0.01773420866049615,0.01773420714027382,54.34850057983398,404.37431287765503,4.0
0.018502830203365215,0.018502829019133377,51.22203656005859,400.9624991416931,4.0
0.01662053404553393,0.016620533457248562,53.28331951904297,405.6613268852234,4.0
