True SPO,Unamb SPO,MSE,Elapsed,Epochs
0.0032956351852442634,0.003295634996714316,22.585178161621094,466.94945645332336,4.0
0.003774811569569949,0.0037748109551202745,18.886306518554687,463.225439786911,4.0
0.002871252353800032,0.0028712545880530257,21.308115356445313,496.25250363349915,4.0
0.004065958051837659,0.004065958538849033,21.077538360595703,478.722718000412,4.0
0.0037870241145018524,0.0037870244241751945,22.800226623535156,474.9654629230499,4.0
0.003663537769597971,0.0036635372582055304,19.447070053100585,479.79505610466003,4.0
0.0033432871005615716,0.0033432877392459773,19.816229400634764,473.2970323562622,4.0
0.0037308430786113923,0.003730842812590842,23.265615859985353,483.4337935447693,4.0
0.0032589014947985943,0.003264575263163837,20.053279602050782,481.7097029685974,4.0
0.003313598859898616,0.0033135986108379016,22.721603073120118,480.16978430747986,4.0
