True SPO,Unamb SPO,MSE,Elapsed,Epochs
0.07190796741233274,0.07190796920569362,27.75695782470703,393.41578793525696,4.0
0.08418781739145655,0.08418781617716586,22.990933654785156,398.2843384742737,4.0
0.07505292321056727,0.07505292226058757,25.28667253112793,403.86049246788025,4.0
0.07886070418509264,0.07886070425104062,25.59951071166992,409.5021572113037,4.0
0.07567311180396924,0.07567311215851133,28.658183135986327,403.99982213974,4.0
0.085169804779528,0.0851698051611803,23.49975743103027,398.26771330833435,4.0
0.07931057161530577,0.07931057197218967,24.306221664428712,397.40378737449646,4.0
0.07715135782407323,0.07715135892683997,28.584888305664062,415.5480008125305,4.0
0.0782975834836589,0.07829758286309835,23.81702310180664,403.5472345352173,4.0
0.07317379038725927,0.0731737930926561,27.91407208251953,392.74191308021545,4.0
