True SPO,Unamb SPO,MSE,Elapsed,Epochs
0.023507899899996645,0.023507901537014875,40.92339614868164,901.1729538440704,4.0
0.026948932986482523,0.026948935427882438,39.19752297973633,890.4777109622955,4.0
0.025981795437164203,0.025991722634569944,40.01487905883789,883.7329702377319,4.0
0.025332828005592826,0.025332828817879616,39.04910482788086,893.7460153102875,4.0
0.02312998559825754,0.023129984692805288,39.64037701416016,914.5868752002716,4.0
0.024367850442776114,0.02436785187813042,39.76701266479492,885.3443341255188,4.0
0.026627187550673684,0.026627189017481488,38.98291827392578,895.888288974762,4.0
0.020312346965066844,0.020312348527463133,38.50857327270508,935.9882757663727,4.0
0.02983085579335952,0.029830856818585074,39.19204672241211,877.5333604812622,4.0
0.02445741674519631,0.024457415266656055,39.67365313720703,905.9048054218292,4.0
