True SPO,Unamb SPO,MSE,Elapsed,Epochs
0.1281906218461235,0.1281906214210642,21.943393112182616,7841.899376153946,50.0
0.1266388394567571,0.126638839921499,20.691469329833986,5238.106817483902,50.0
0.1317756449247835,0.13177564500967917,21.301616577148437,937.7197554111481,50.0
0.13258945855982324,0.13258945589510535,20.646080474853516,962.5285139083862,50.0
0.1315498512646438,0.1315498527675438,21.068056488037108,927.8163633346558,50.0
0.13265753362108154,0.13265753255405474,22.10914111328125,938.6997139453888,50.0
0.12760036646040723,0.1276003666203917,21.570002807617186,966.3374674320221,50.0
0.13920632860805962,0.1392063289591885,20.157287048339843,913.5470991134644,50.0
0.12887809158506175,0.12887809341749318,22.700104705810546,947.9982481002808,50.0
0.1265126776231244,0.1265126775893899,22.202776763916017,959.8262870311737,50.0
