True SPO,Unamb SPO,MSE,Elapsed,Epochs
0.09629964829213902,0.09629965237153773,56.983449462890626,479.3092448711395,4.0
0.09094171545799654,0.09094171786861602,58.20102001953125,474.8203299045563,4.0
0.08875188514837869,0.08875188868508364,58.470301025390626,472.5253801345825,4.0
0.09011503771388439,0.09011503883436912,55.57152355957031,477.20020174980164,4.0
0.09485424997205796,0.09485425139532931,54.6878291015625,481.7027599811554,4.0
0.0983800360632989,0.09838003716288841,54.11426669311523,478.0845899581909,4.0
0.0874354867874338,0.08743549039827782,57.68103698730469,482.8711202144623,4.0
0.09114217698877962,0.09114218068648512,62.56922839355469,479.0832767486572,4.0
0.09916597084712864,0.09916597400731353,60.591934997558596,479.3024990558624,4.0
0.0960502103996055,0.09605021231304393,54.583502319335935,478.6697678565979,4.0
