True SPO,Unamb SPO,MSE,Elapsed,Epochs
0.010798583239111481,0.010798583257558714,0.1441499639173999,445.65818881988525,0.0
0.011784969619386724,0.01178496964290625,0.14324734111547166,441.75243759155273,0.0
0.01071710359845644,0.010717103634386792,0.14176542359222677,444.2940616607666,0.0
0.00923079987271244,0.009233676927944159,0.10746398429907625,444.1139512062073,0.0
0.011961526040725921,0.011961526084867863,0.16588835862151616,445.929160118103,0.0
0.010410083246836468,0.010418927452360722,0.14589954409158729,443.39799880981445,0.0
0.008891018384963093,0.008891018436122416,0.12759110709587831,444.5638527870178,0.0
0.010229107151167044,0.010229107324920722,0.12949748388500337,443.77257466316223,0.0
0.00924650384240006,0.009246503864464387,0.15122443807382177,443.884822845459,0.0
0.009252506287027302,0.009252506340902751,0.1422015288647958,443.58316564559937,0.0
