True SPO,Unamb SPO,MSE,Elapsed,Epochs
0.01639088923378439,0.01639088913995815,34.850342834472656,475.3049855232239,4.0
0.015008901739959807,0.01500890420628226,37.667219573974606,472.5148980617523,4.0
0.01649376339522474,0.016493762591658676,36.246212890625,475.74596881866455,4.0
0.015585022078417419,0.015585021409506744,34.45600576782227,475.6934142112732,4.0
0.016763657533141182,0.016763654577501456,36.56921801757812,473.00682306289673,4.0
0.018157746057831943,0.018157746141695547,36.65617172241211,474.6091568470001,4.0
0.01739922277677737,0.017399220829228724,37.279748046875,477.83136224746704,4.0
0.01601766626707299,0.016017665956029707,36.002755950927735,466.8434340953827,4.0
0.018142964600450652,0.018142964317901134,36.32748306274414,473.86108350753784,4.0
0.017339062155455557,0.01733906288545646,37.65167431640625,472.5911054611206,4.0
