True SPO,Unamb SPO,MSE,Elapsed,Epochs
0.034045576922891695,0.03409328814286055,310.56187255859373,440.19664239883423,4.0
0.03816556841984596,0.03816556796859432,274.56980725097657,433.3877124786377,4.0
0.03819803750367481,0.03819804117665581,281.13430517578126,436.80230236053467,4.0
0.041818734100168335,0.041818737114580874,281.96415087890625,464.2202582359314,4.0
0.043619585448916025,0.04361958784911516,326.35610205078126,448.29900765419006,4.0
0.04003632091914326,0.04003632311632608,277.7788723144531,439.50227999687195,4.0
0.038098761517602095,0.038098763491634345,272.7353833007812,460.6120386123657,4.0
0.038732268757891736,0.03873227227974151,274.07337841796874,503.175213098526,4.0
0.039892024587077454,0.03989202672233691,334.0704499511719,516.676189661026,4.0
0.03446162206145768,0.03446162205409657,266.34566918945313,541.6816203594208,4.0
