True SPO,Unamb SPO,MSE,Elapsed,Epochs
0.06688611304853358,0.06688611416855754,28.292994689941406,520.1466975212097,4.0
0.08051097605107155,0.08051097598352756,23.65368469238281,507.2667429447174,4.0
0.07008189797650743,0.0700818965456382,25.784769638061523,527.7639780044556,4.0
0.07517994225968286,0.07520047811025958,26.168699417114258,520.4675252437592,4.0
0.07062539870837745,0.07062540016603737,29.30554116821289,501.5002865791321,4.0
0.07967480713928769,0.07967480966399884,23.931200897216797,528.0656230449677,4.0
0.07419179004679778,0.0741917913201976,24.84505029296875,488.6610417366028,4.0
0.07250055930187788,0.07250055773913305,29.245659133911133,490.6896789073944,4.0
0.0736263718613728,0.0736263733950248,24.374506912231446,529.8275685310364,4.0
0.06974865948309958,0.06974865936033055,28.450252502441405,568.4629015922546,4.0
