True SPO,Unamb SPO,MSE,Elapsed,Epochs
0.09244801459509923,0.09244801515201266,118.80203491174673,596.2382225990295,0.0
0.10150307883554138,0.1015030791306336,123.29603926004273,612.8724672794342,0.0
0.08472815008989587,0.0847281505458753,136.9756665818242,599.1857147216797,0.0
0.10561190421761589,0.10561190473456891,119.58877586924251,602.8386602401733,0.0
0.11155801715652183,0.1115580172330996,124.8046801544225,681.0331618785858,0.0
0.09378695312360175,0.09378695358901824,124.83137600161886,644.9043619632721,0.0
0.10978474059962218,0.1097847410305961,122.89874152021699,599.3836414813995,0.0
0.09797255506793365,0.09802404500709536,195.31771540411611,595.3587262630463,0.0
0.12029718940593465,0.12031296417092803,120.0376822680686,665.3312790393829,0.0
0.09422984652500513,0.09422984704767723,126.30143293753108,718.901214838028,0.0
