True SPO,Unamb SPO,MSE,Elapsed,Epochs
0.05024846221076336,0.05024846742095113,11.099786460876464,330.61817836761475,200.0
0.066618484525783,0.06661848990195164,13.42570743560791,333.96551275253296,200.0
0.06507136413648276,0.0650713711545281,14.616663406372071,326.09301590919495,200.0
0.06187616409865622,0.06187616953016612,12.704274024963379,312.0056097507477,200.0
0.07491938017042209,0.07491938645513092,11.78388510131836,287.6832377910614,200.0
0.06337383340914737,0.06337384066864117,15.11516909790039,315.51519227027893,200.0
0.05825750300859945,0.05825750991712167,11.958036949157714,294.08622646331787,200.0
0.10445848299228593,0.10445864387672153,12.98042470550537,316.0460960865021,200.0
0.04692737646245411,0.04692738196986705,12.879875015258788,321.3738307952881,200.0
0.07169411645301305,0.07169412182175737,12.198521812438965,320.95950078964233,200.0
