True SPO,Unamb SPO,MSE,Elapsed,Epochs
0.16430887645064,0.1643088867883802,12.912943435668945,374.58519864082336,200.0
0.1790265976460028,0.1790266093001861,16.14514900970459,397.5100257396698,200.0
0.1843573323761428,0.1843573427527682,15.94803923034668,406.5899641513825,200.0
0.1892202797257114,0.1892203882900677,17.00434094238281,403.1278645992279,200.0
0.1797395883220249,0.1797395963242376,15.944826705932616,398.8003158569336,200.0
0.1775847215143424,0.1775847295815302,14.728895233154295,390.59392046928406,200.0
0.1735093610875517,0.1735093691189054,14.02080281829834,388.497478723526,200.0
0.1665001553415849,0.166500162495684,12.023108024597168,389.5675311088562,200.0
0.1753713926597809,0.1753714038005655,13.856882995605469,384.0366055965424,200.0
0.17461990261487018,0.17461990986290304,11.729103813171387,461.5614836215973,200.0
