True SPO,Unamb SPO,MSE,Elapsed,Epochs
0.1035914274444469,0.1035916142883684,0.17177282425010887,0.13768362998962402,0.0
0.11496365935396562,0.11496420774238304,0.18692341289221978,0.09739398956298828,0.0
0.09906600022438186,0.09906615486636217,0.17078780440616476,0.09821128845214844,0.0
0.08856885615203955,0.08856905493998067,0.19331523249063703,0.09637880325317383,0.0
0.09628283360799099,0.09628308119702543,0.18035729302859724,0.09791231155395508,0.0
0.09558971667193591,0.09558988840362365,0.1921585696761865,0.09914565086364746,0.0
0.09163236065490951,0.091632703746216,0.18798825913618986,0.09673452377319336,0.0
0.08866079542807462,0.08866097734770938,0.21030653153497564,0.09744548797607422,0.0
0.09108614709932063,0.09108629821658945,0.16605283948088062,0.09892392158508301,0.0
0.09579673123495316,0.09579689578805971,0.15915886841182808,0.10251832008361816,0.0
