True SPO,Unamb SPO,MSE,Elapsed,Epochs
0.21789636363733988,0.2178963776779555,14.211377990722657,328.0351004600525,200.0
0.2210246178188614,0.22102462452018345,15.509943077087403,381.94272327423096,200.0
0.21554528333887243,0.215545292814937,15.752660095214845,336.72009468078613,200.0
0.2385291444994854,0.2385291502083985,16.832426933288573,376.8107645511627,200.0
0.22005003825166458,0.22005004745180942,15.501902572631836,352.0713028907776,200.0
0.22735048679463127,0.227350494151731,15.096379409790039,392.3312509059906,200.0
0.20961798489000757,0.2096179954196046,16.734870834350588,361.3739883899689,200.0
0.22913195165804756,0.22913195912813245,17.37581513977051,408.442001581192,200.0
0.22739208906779862,0.2273921004542617,13.941516860961913,365.5542950630188,200.0
0.2173787361488313,0.21737874342814326,17.48306847381592,404.87089133262634,200.0
