True SPO,Unamb SPO,MSE,Elapsed,Epochs
0.16101807421064449,0.16101841076762172,11.850791603088378,440.02503538131714,20.0
0.17456685725788132,0.17456686917199032,15.411073486328124,448.740877866745,20.0
0.15244968453306867,0.15244969205722048,14.79133349609375,449.1899890899658,20.0
0.1596774842564127,0.15967748953160266,16.60483860015869,446.6017367839813,20.0
0.16097529310992606,0.16097529912037484,11.947619384765625,444.94007325172424,20.0
0.154816277355624,0.15481628388773339,16.65316743469238,438.58149695396423,20.0
0.15659096018352606,0.15659096988874233,15.98516096496582,426.2808964252472,20.0
0.14200618610864701,0.14200619782225876,13.30464980316162,442.32505679130554,20.0
0.1516789285787519,0.15167893529869514,15.021641510009765,430.9119436740875,20.0
0.15600311731940375,0.15600312203582992,17.467074325561523,427.0217845439911,20.0
