True SPO,Unamb SPO,MSE,Elapsed,Epochs
0.04886961441712217,0.04886967962820728,2.5917825393676757,156.423663854599,200.0
0.045884915018218356,0.045884957216698705,2.862427393913269,156.95937085151672,200.0
0.0415870621450385,0.041587124137656584,2.886012628555298,155.91469526290894,200.0
0.05575910286382505,0.05575915814770573,3.2261831398010252,156.1734917163849,200.0
0.043976740828034835,0.04397678884099315,2.545603364944458,157.39419293403625,200.0
0.03476359758751889,0.03476367004113637,3.5483768730163576,156.51002168655396,200.0
0.04872153507301226,0.04872157806950706,2.7190337743759154,157.57155013084412,200.0
0.04189700244850765,0.041897066506641725,2.537324186325073,155.78775024414062,200.0
0.030748566888030935,0.03074862022688745,2.693546838760376,157.5554575920105,200.0
0.041304224041422144,0.04130426986426517,3.04956809425354,157.12657189369202,200.0
