True SPO,Unamb SPO,MSE,Elapsed,Epochs
0.0538555667974187,0.05385557081605148,11.542668968200683,405.49008202552795,20.0
0.04023381150542434,0.04023381747264323,12.472252517700195,433.248747587204,20.0
0.04963340864894702,0.049633412396093556,12.201142097473145,403.8259963989258,20.0
0.05763310991925459,0.05763311457471241,13.33506005859375,417.62203550338745,20.0
0.0519582711779466,0.05195827886783139,12.558081298828125,401.1821119785309,20.0
0.034828414003693256,0.03482841907252329,12.502987174987792,412.55032420158386,20.0
0.052814921371038305,0.052814925169061167,15.383513900756835,400.3928813934326,20.0
0.04857401071312369,0.04857401654829223,12.598865684509278,410.22897577285767,20.0
0.04649261996826343,0.04649262684062307,14.186840873718262,416.9910264015198,20.0
0.06751769692862739,0.06751770224195014,11.011815593719483,421.66742420196533,20.0
