True SPO,Unamb SPO,MSE,Elapsed,Epochs
0.12597887847741546,0.12597923384079582,1.0872004508972168,459.9645326137543,300.0
0.13502601772726266,0.13502626172832488,1.2607065715789796,375.821414232254,300.0
0.12678465098477013,0.12678484755875966,1.1073686609268187,417.36304092407227,300.0
0.11905174384702148,0.11905192262732248,1.2052577352523803,388.8553202152252,300.0
0.12441590656542714,0.12441613255812331,1.2212379837036134,416.01976776123047,300.0
0.12397510157285334,0.1239754714794329,1.145548596382141,446.5312294960022,300.0
0.12387524338590271,0.12387544631245245,1.1798794164657593,363.611070394516,300.0
0.12176750462524409,0.12176771549300959,1.177964280128479,386.44473147392273,300.0
0.12116460373584435,0.12116481393766802,1.1345998277664184,408.0868299007416,300.0
0.1238038252150687,0.12380402787676038,1.16194327545166,365.4010009765625,300.0
