True SPO,Unamb SPO,MSE,Elapsed,Epochs
0.049571836933544215,0.049572103741800995,0.11297180591676514,10.108542680740356,0.0
0.06654913814377937,0.06657034357772666,0.13135852859730723,10.0896577835083,0.0
0.049643619573643306,0.049643805224696344,0.13450160577368678,10.076274871826172,0.0
0.04270355191786361,0.04270374385729868,0.11917888073405633,10.446380853652954,0.0
0.05671452355085985,0.056710375750511875,0.14381476348407463,10.026363134384155,0.0
0.05861218569816379,0.0586126402858176,0.1342001068681336,10.078769207000732,0.0
0.06404805967893255,0.06404820976260928,0.14091451708404212,10.123037338256836,0.0
0.05833984964923696,0.05833997826521677,0.12802279216218612,10.543029308319092,0.0
0.03858090338669523,0.038581041333272954,0.09622194485353669,10.035139560699463,0.0
0.06026199465643122,0.06026216247524876,0.12979602724527062,10.037624835968018,0.0
