True SPO,Unamb SPO,MSE,Elapsed,Epochs
0.02572803902657578,0.025728274920214577,0.09004346753940061,0.14462518692016602,0.0
0.02228978748763614,0.02229572343692613,0.0951103013780482,0.09767460823059082,0.0
0.01792189725113222,0.017921975995959946,0.08809045196994753,0.09854412078857422,0.0
0.020664731971656237,0.020664871619834362,0.10965180211361136,0.09590411186218262,0.0
0.01867803854946711,0.01867812450665033,0.09701692156122113,0.09757852554321289,0.0
0.020484252480789274,0.020484329838365206,0.1077275761852944,0.09696340560913086,0.0
0.017025357413658442,0.01702547196285324,0.1098337061610275,0.09613609313964844,0.0
0.01893347383366109,0.01893358092076428,0.1154531304017889,0.09645605087280273,0.0
0.016266930853506955,0.016267002199273108,0.08187722163203552,0.09769344329833984,0.0
0.01741038176004803,0.01741046511969373,0.08175194672239751,0.0964360237121582,0.0
