True SPO,Unamb SPO,MSE,Elapsed,Epochs
1.0700491960685196e-17,6.849470837496793e-09,7.435437736295801e-32,0.1261303424835205,0.0
1.1770055510229581e-17,6.8364817576347196e-09,4.5598730062585994e-32,0.04947376251220703,0.0
4.269187505029091e-18,6.772246536792928e-09,6.305103949277949e-32,0.04921746253967285,0.0
9.671972180546333e-19,6.81164519763213e-09,7.019778033041164e-32,0.05008745193481445,0.0
4.718386378224794e-18,6.813584617250763e-09,5.653641637618015e-32,0.04917764663696289,0.0
2.299374550500395e-18,6.824941599941082e-09,7.624654850674863e-32,0.05141592025756836,0.0
-1.7087043832596595e-18,7.046277731194547e-09,6.150075681035652e-32,0.051183223724365234,0.0
-2.9041840380123486e-18,7.06183048651498e-09,4.8995606197802056e-32,0.04890275001525879,0.0
3.060913959086761e-18,6.89473523182401e-09,5.669475533089369e-32,0.05176258087158203,0.0
1.6143589483077395e-17,6.810056071039818e-09,4.734351253906115e-32,0.04949498176574707,0.0
