True SPO,Unamb SPO,MSE,Elapsed,Epochs
0.016531022025552438,0.016531022775775273,14.409801300048828,480.2443263530731,200.0
0.015019551294563078,0.015019552128991892,13.922076133728027,477.4161856174469,200.0
0.020230209522029672,0.020230210375879,18.36153495788574,494.35924243927,200.0
0.01504018763580133,0.0150401901401216,15.177764282226562,482.1799256801605,200.0
0.019082635898904472,0.019082637283791472,9.915792778015136,467.49950432777405,200.0
0.01449262148624179,0.014492623342738474,13.357813957214356,459.8758759498596,200.0
0.01946784753465703,0.019467849343819725,14.626789596557618,449.04859733581543,200.0
0.014764826474897878,0.014764827192570459,13.52893660736084,490.5284969806671,200.0
0.011907326069092844,0.011907326694590398,16.58150112915039,476.5480830669403,200.0
0.014631534913299502,0.014631536095711991,16.369490394592287,479.1209406852722,200.0
