True SPO,Unamb SPO,MSE,Elapsed,Epochs
0.1636124442408574,0.1636124601107364,12.601746643066406,393.96695256233215,200.0
0.1734277334651669,0.1734277415919397,14.75825750732422,402.3001098632813,200.0
0.1645090178072495,0.1645090292955552,14.151256950378418,417.0203568935394,200.0
0.1756287400429373,0.1756287486223949,16.08033322906494,417.9333553314209,200.0
0.1894898313207282,0.1894898442423282,13.570026679992676,419.84002232551575,200.0
0.1361220820356861,0.136122090190243,14.43192212677002,421.6576654911041,200.0
0.1368199725081257,0.1368199833496524,14.88749171447754,424.3562641143799,200.0
0.15775647875932725,0.15775650124503454,11.575357093811036,386.68597865104675,200.0
0.19101451668545083,0.19101452632765561,11.735888664245605,386.8903567790985,200.0
0.14668004420108072,0.14668007034852307,12.074457656860352,398.7195029258728,200.0
