True SPO,Unamb SPO,MSE,Elapsed,Epochs
0.0538555667974187,0.0538555708160514,11.542668968200685,366.9701275825501,20.0
0.0402338115054243,0.0402338174726432,12.472252517700197,367.6014080047608,20.0
0.049633408648947,0.0496334123960935,12.201142097473143,379.593647480011,20.0
0.0576331099192545,0.0576331145747124,13.33506005859375,372.3734276294708,20.0
0.0519582711779466,0.0519582788678313,12.558081298828125,365.4135172367096,20.0
0.0348284140036932,0.0348284190725232,12.502987174987792,357.54219818115234,20.0
0.0528149213710383,0.0528149251690611,15.383513900756835,359.91211676597595,20.0
0.05007327473185096,0.05007327982467085,14.715645942687988,357.7941265106201,20.0
0.07297032022735671,0.07297032349125471,14.904440322875976,355.25130105018616,20.0
0.03415640701598928,0.03415641168597663,13.331906211853028,356.1795058250427,20.0
