True SPO,Unamb SPO,MSE,Elapsed,Epochs
0.027829891456735763,0.0278299398959318,2.4532045316696167,234.8362078666687,20.0
0.024899322853044262,0.024900253601428196,2.695100004196167,235.11754655838013,20.0
0.02711863992224973,0.027118683347758434,2.5695361022949217,236.0769226551056,20.0
0.01825025091977396,0.018250297174892887,2.589459972381592,233.43936777114868,20.0
0.020309049336858332,0.020309095295122107,2.9032755393981935,233.7859661579132,20.0
0.01809750015503392,0.018097526440270743,3.138102104187012,233.6704502105713,20.0
0.026064150636054925,0.02606419126408122,2.731919319152832,232.96422505378723,20.0
0.017880687693615525,0.017880727101438728,2.6100619506835936,235.02271556854248,20.0
0.02280292699745812,0.022802959028992754,2.8587835807800293,232.908775806427,20.0
0.023993731783288345,0.023993785082807688,2.422372052192688,233.8251814842224,20.0
