True SPO,Unamb SPO,MSE,Elapsed,Epochs
0.153141465652862,0.15314169758909693,0.21473947379100666,10.159960269927979,0.0
0.16438210218101404,0.16438236380808993,0.24061159904552756,10.137072801589966,0.0
0.15058483836058212,0.15058539350825673,0.22340093288265872,10.139232873916626,0.0
0.1331646244782206,0.13318554011996872,0.2162625024246078,10.38538384437561,0.0
0.16454280138092264,0.16454317556796302,0.23942440119772837,10.13063359260559,0.0
0.1653417902618811,0.16534276236598489,0.2301971150079835,10.073641300201416,0.0
0.17396963250838743,0.1739698962100871,0.23140537241662518,10.098037719726562,0.0
0.15852671720667355,0.15852700616694762,0.23134183760426058,10.277272939682007,0.0
0.13191170993931575,0.13191203936578233,0.1861292197988173,10.05004358291626,0.0
0.1576743157663638,0.1576747935885346,0.24367665200105634,10.113731861114502,0.0
