True SPO,Unamb SPO,MSE,Elapsed,Epochs
0.0154696094206249,0.015469663824831,1.1824612550735474,225.8274703025818,200.0
0.021820014830500983,0.021820084501397555,1.2847664380073547,205.44654774665833,200.0
0.020018116718552862,0.02001817954585082,1.2983343601226807,222.50202798843384,200.0
0.020104234232964164,0.020104306317848323,1.2228454279899597,215.4447386264801,200.0
0.0266507562973833,0.026650789168070704,1.3517945690155029,219.23535418510437,200.0
0.017246293098726644,0.01724633468319733,1.1947189521789552,224.47978591918945,200.0
0.02730477579606323,0.027304886631671795,1.2208094568252563,218.7192018032074,200.0
0.024834771651141452,0.024834970113413863,1.2988305625915528,226.6242654323578,200.0
0.018514976281779054,0.01851503963466675,1.1925756278038024,234.41455149650574,200.0
0.021545674474477385,0.021545763873721358,1.3418365602493285,227.43168210983276,200.0
