True SPO,Unamb SPO,MSE,Elapsed,Epochs
0.0980000966599294,0.09800017917847817,2.566786605834961,146.47679138183594,20.0
0.09788539290130953,0.09788548919715884,2.7621758980751037,138.2720432281494,20.0
0.09611581324991275,0.09611595438467821,2.649207007408142,151.93523120880127,20.0
0.07912519645282358,0.07912528057654855,2.756025594711304,132.87142419815063,20.0
0.09284345645842208,0.09284360486535655,3.042877170562744,134.09239530563354,20.0
0.08170592967593944,0.0817059973165335,3.2481121082305906,139.73799681663513,20.0
0.0947248973542726,0.09472536243794268,2.895224255561829,136.7495400905609,20.0
0.08362274211619289,0.08362280850992418,2.7585908756256106,135.45992851257324,20.0
0.09404891384101256,0.09404906792074734,3.0819457359313964,139.8782410621643,20.0
0.10097986859093129,0.10098002588956918,2.5160237669944765,137.93399047851562,20.0
