True SPO,Unamb SPO,MSE,Elapsed,Epochs
0.14442731551147275,0.14442739225311396,3.0143302116394044,200.17426800727844,200.0
0.1282688316515557,0.12826892135892176,3.221091351509094,188.67137145996094,200.0
0.15241922927423526,0.15241937618440177,3.402373370170593,186.1061646938324,200.0
0.15790478368020097,0.15790487136750786,3.598133798599243,189.0033085346222,200.0
0.1550416135590226,0.1550417003693079,2.7733650798797607,193.96870231628418,200.0
0.10119919163494077,0.10119924532580783,3.9350731658935545,189.71998858451843,200.0
0.1402457209090263,0.14024587797320887,3.0936687297821046,192.9004933834076,200.0
0.1361940635262488,0.13619415281362895,3.043216682434082,192.05060267448425,200.0
0.12726517466626452,0.12726527209379931,3.1370305614471437,176.60294556617737,200.0
0.11825286261368594,0.11825294237926666,3.6843993682861327,183.59639191627502,200.0
