True SPO,Unamb SPO,MSE,Elapsed,Epochs
0.10573050222872425,0.10573077694932462,0.12612925422451046,32.07538986206055,0.0
0.11944506720402047,0.11944530065800615,0.1324200887119806,31.507298946380615,0.0
0.10126026041058651,0.10133252505939193,0.12604402045693194,31.33244800567627,0.0
0.09866598293668041,0.09866615977304566,0.14223828090348342,31.47127079963684,0.0
0.09964633078835464,0.09964661941667387,0.12340210770069532,31.42090630531311,0.0
0.09502538151373478,0.0950272831053169,0.1370642618131383,31.552599906921387,0.0
0.09918203446636757,0.09918227440228485,0.13444503306547378,31.259898900985718,0.0
0.09747224721575615,0.09747263528198889,0.14872374045624318,31.452338933944702,0.0
0.08913921984083345,0.08913939416310772,0.12197993856513786,31.463754892349243,0.0
0.09574266659836617,0.0957431167034729,0.11663279964905351,31.508918285369873,0.0
