True SPO,Unamb SPO,MSE,Elapsed,Epochs
0.0004968650107345803,0.0004968703716844651,1.6484183959960939,186.49544668197632,20.0
0.0003825051626165051,0.00038251089060713613,1.657577127456665,187.1913287639618,20.0
0.0003785074425823122,0.0003785278516462055,1.809382402420044,187.34750747680664,20.0
0.0003613694997127912,0.00036137409476107483,1.6557290878295898,186.4016501903534,20.0
0.00045021921448334587,0.0004502230055255232,1.6200302314758301,186.67884230613708,20.0
0.0004162018810743442,0.00041620607823590166,1.6824016332626344,188.39529633522034,20.0
0.0004588865203013758,0.0004588907520062798,1.642672399520874,191.15664172172546,20.0
0.00036600942539619606,0.000366014425320499,1.8904713401794433,187.50392770767212,20.0
0.00045216096716372005,0.0004521661150422112,1.7986727952957153,192.5662477016449,20.0
0.0003836617828528495,0.00038366574652341876,1.693213607788086,193.7007577419281,20.0
