True SPO,Unamb SPO,MSE,Elapsed,Epochs
0.21789636363733988,0.2178963776779555,14.211377990722657,334.77254343032837,200.0
0.2210246178188614,0.22102462452018345,15.509943077087403,337.1884813308716,200.0
0.21554528333887243,0.215545292814937,15.752660095214845,337.53034114837646,200.0
0.2385291444994854,0.2385291502083985,16.832426933288573,340.43753719329834,200.0
0.22005003825166458,0.22005004745180942,15.501902572631836,340.56548404693604,200.0
0.22735048679463127,0.227350494151731,15.096379409790039,327.1532464027405,200.0
0.20961798489000757,0.2096179954196046,16.734870834350588,330.8379921913147,200.0
0.22913195165804756,0.22913195912813245,17.37581513977051,341.6220681667328,200.0
0.22739208906779862,0.2273921004542617,13.941516860961913,321.77693009376526,200.0
0.2173787361488313,0.21737874342814326,17.48306847381592,319.34879994392395,200.0
