True SPO,Unamb SPO,MSE,Elapsed,Epochs
0.09311591368361351,0.0931159222254438,11.791868621826172,481.5795314311981,20.0
0.059413537932593345,0.05941354510189517,13.543431175231934,464.39663672447205,20.0
0.08429636512171758,0.08429637916030494,12.610841018676759,452.7734773159027,20.0
0.08647245462690979,0.08647246282671721,13.618632064819336,446.3145434856415,20.0
0.08456913631361283,0.08456914425249984,15.416844055175781,457.27451944351196,20.0
0.057885387378994325,0.05788540720018449,13.799360572814942,471.9750437736511,20.0
0.06941442386811766,0.06941443136128773,14.205956909179687,476.5978660583496,20.0
0.060168745299261285,0.060168753084224764,11.707449256896973,476.7432916164398,20.0
0.08162159365962246,0.0816216075900822,14.567173309326172,468.8200263977051,20.0
0.07284891807913829,0.07284892489408686,14.77618578338623,462.43333768844604,20.0
