True SPO,Unamb SPO,MSE,Elapsed,Epochs
0.19219714508353755,0.19219780807920042,0.9201449264349209,10.250619173049927,0.0
0.24352632079375658,0.24352660482770463,1.1375786508707684,10.237189054489136,0.0
0.20450724866471728,0.20450761653633232,0.9887435222330473,10.35065245628357,0.0
0.16392925311299167,0.1639295758883741,0.8826218363301224,10.734241008758545,0.0
0.21024449149038982,0.21024475269121468,1.1035643146175176,10.213291883468628,0.0
0.21292684544970106,0.21292713931861518,0.9232582937658904,10.411094427108765,0.0
0.2493759417776399,0.24937657732860588,0.9851270563936987,10.482654809951782,0.0
0.20645198705298057,0.20645222961574436,1.0482722783308231,10.478164911270142,0.0
0.16771211975674105,0.16771253960806673,0.8295612091454507,10.273579597473145,0.0
0.22027157554572216,0.2202719028598708,1.1100567180277683,10.396682739257812,0.0
