True SPO,Unamb SPO,MSE,Elapsed,Epochs
0.2052648562205417,0.2052648641874237,13.364794425964355,460.03178310394287,20.0
0.1958454861764409,0.1958454901974309,13.753109809875488,493.5272808074951,20.0
0.2076025906027927,0.207602598956095,16.981391822814942,489.5227799415589,20.0
0.208654796506941,0.2086548031855934,17.188971244812013,476.3915328979492,20.0
0.2087790957258932,0.208779100676006,13.514294692993165,474.1130721569061,20.0
0.1998950529542635,0.1998950663848385,15.06285595703125,468.2897748947144,20.0
0.2022838640084625,0.2022838774904118,14.956653594970703,307.59061789512634,20.0
0.212915578689974,0.21291558514592185,16.399573905944823,309.7891376018524,20.0
0.19367653169656399,0.19367653698768103,13.898641189575196,306.14457273483276,20.0
0.20044514281119058,0.2004451486020955,16.291684577941894,304.6014516353607,20.0
