True SPO,Unamb SPO,MSE,Elapsed,Epochs
0.02782989096447286,0.02782993940366183,2.453204496383667,171.09611439704895,20.0
0.024899322377372284,0.024900253126182673,2.695100015640259,169.00887537002563,20.0
0.0271186407055493,0.027118684130531014,2.569536068916321,169.8434476852417,20.0
0.018250251185845445,0.018250297441151368,2.589459991455078,172.62855672836304,20.0
0.020309049497010012,0.020309095454849435,2.903275550842285,174.5266125202179,20.0
0.01809750030374412,0.018097526592553894,3.138102150917053,177.97532653808594,20.0
0.02606415052393971,0.0260641911519254,2.7319193239212036,171.46668696403503,20.0
0.017880687760959125,0.01788072716292282,2.610061981201172,170.26033210754395,20.0
0.022802926744594207,0.022802958776076684,2.858783553123474,171.6797170639038,20.0
0.02399373153653841,0.023993784815464707,2.422372087478638,175.018705368042,20.0
