True SPO,Unamb SPO,MSE,Elapsed,Epochs
0.09843080605706589,0.09843089243498034,2.4255857310295106,511.56376934051514,300.0
0.12247690920909277,0.12247702538601575,2.7793479137420656,514.0380175113678,300.0
0.09457179657060887,0.09457187703055514,2.361146065711975,507.7176835536957,300.0
0.07942061269657909,0.07942072528147046,3.0998093910217284,517.1204254627228,300.0
0.09673643196323764,0.09673655221877683,2.7038716316223144,498.754679441452,300.0
0.09152814510405059,0.09152822169691865,2.882632632255554,501.1402938365936,300.0
0.09243772644014248,0.09243790438228493,2.7985176401138308,520.0689413547516,300.0
0.07641484329351832,0.07641494230146484,3.3324741487503053,496.2568221092224,300.0
0.09150356847193236,0.09150369318463442,2.336680718421936,518.7118511199951,300.0
0.09063371953968635,0.09063380387103344,2.3338508996963503,505.9127118587494,300.0
