True SPO,Unamb SPO,MSE,Elapsed,Epochs
0.12131235666939996,0.12131235666939996,3.087841815982667,0.06309771537780762,0.0
0.2298076496361743,0.2298076496534698,3.12637126718515,0.04827237129211426,0.0
0.23765565314018053,0.23765565316598786,3.0689985367083374,0.04916882514953613,0.0
0.11866363062222737,0.11866363062222737,3.0865607385907996,0.06143808364868164,0.0
0.10284879620899813,0.10284879620899813,3.1280155220817365,0.04842257499694824,0.0
0.13046200057793447,0.13046200057793447,3.141674600399959,0.04903578758239746,0.0
0.13182557332165398,0.13182557332165398,3.0600835383315736,0.06581807136535645,0.0
0.15139188536316622,0.15139188536316622,3.084777901256226,0.0733640193939209,0.0
