True SPO,Unamb SPO,MSE,Elapsed,Epochs
0.10739920482326408,0.10739920482326408,2.9023408341622625,0.06865382194519043,0.0
0.2166804931004189,0.21668049311762644,2.885843594498199,0.06260108947753906,0.0
0.20568856144359052,0.20568856145135692,2.877697968300757,0.06626558303833008,0.0
