True SPO,Unamb SPO,MSE,Elapsed,Epochs
0.04499770355421752,0.04499770694101681,10.532571022033691,402.8932650089264,20.0
0.04400885727717685,0.04400886227843523,10.630545455932618,402.4392149448395,20.0
0.06456373572382752,0.06456374020501589,11.797915786743165,403.036536693573,20.0
0.06239879638255054,0.062398799207762735,11.265029098510743,400.5784032344818,20.0
0.04886372913814392,0.04886373526398137,11.454692321777344,403.5761332511902,20.0
0.04640151615058186,0.04640152117880304,11.260701538085938,401.5061206817627,20.0
0.06869955251571962,0.06869956191657228,14.169934860229493,403.3073043823242,20.0
0.05762564938635422,0.057625658523293745,12.310280464172363,405.0952377319336,20.0
0.07192582464638415,0.07192582881273495,13.8234178314209,398.33913922309875,20.0
0.05579931779188055,0.05579932887946975,14.72296974182129,401.4932701587677,20.0
