True SPO,Unamb SPO,MSE,Elapsed,Epochs
0.004019615713565511,0.004019626025635175,1.6923680000305177,190.44993948936462,200.0
0.0038856794262432273,0.0038856940095526003,1.6506035137176513,187.65993571281433,200.0
0.004328156122615923,0.0043281652569804804,1.6841142539978027,190.4588930606842,200.0
0.004165251237772121,0.004165263332372049,1.7430388402938843,186.31225180625916,200.0
0.0046673931605680985,0.0046674042344198325,1.6961338968276978,187.13600254058838,200.0
0.0034892386408396196,0.0034892522423727867,1.6805806884765624,186.85685658454895,200.0
0.004569613416676528,0.004569622751058925,1.7374446811676025,186.2584114074707,200.0
0.003587145334851658,0.0035871613180572404,1.5951363554000855,186.60659551620483,200.0
0.004898410073048938,0.004898425108298199,1.6146176137924195,179.96370720863342,200.0
0.0036311906247120875,0.0036312052440060695,1.571748556137085,178.95912170410156,200.0
