True SPO,Unamb SPO,MSE,Elapsed,Epochs
0.13367790402467006,0.13367812673375387,1.2167303848266602,210.79143977165222,20.0
0.13607709887607422,0.13607733833398164,1.1655346450805664,211.86319780349731,20.0
0.12595256193290574,0.12595276392816399,1.2435100498199463,213.55645442008972,20.0
0.13545233341175117,0.13545254287490055,1.1556883001327514,213.06179904937744,20.0
0.12542172921881947,0.12542208552914877,1.178171075820923,212.593412399292,20.0
0.13824437846959783,0.13824462651458577,1.186357304573059,214.36069321632385,20.0
0.12894732591820537,0.12894756620536782,1.1089113502502441,214.2485156059265,20.0
0.13982469006283083,0.13982496566153804,1.1652840652465821,212.42085814476013,20.0
0.13453294987733855,0.13453324341032685,1.1705836477279663,207.9514319896698,20.0
0.1306549736804134,0.13065521312274755,1.1568062438964843,211.01181650161743,20.0
