True SPO,Unamb SPO,MSE,Elapsed,Epochs
0.0343421848506264,0.034342239230313994,2.4404944705963136,273.45737075805664,100.0
0.03518746085859501,0.035187628819494755,2.6384828009605408,252.80525875091553,100.0
0.04677783598526957,0.04677795112642808,2.6024928884506227,292.7939569950104,100.0
0.03247727735373642,0.03247736802207417,2.350173157691956,278.6064021587372,100.0
0.032906931150498524,0.0329074718707811,2.4566159210205076,290.40399265289307,100.0
0.03725357597986091,0.03725364252805855,2.455812141418457,269.13348603248596,100.0
0.033135595799744226,0.03313564388460031,2.191620413780212,273.78174018859863,100.0
0.03999068725546479,0.03999074975635801,2.561629690170288,248.2932345867157,100.0
0.03591958454213914,0.03591965115467472,2.613039245605469,254.4558494091034,100.0
0.04117668710850853,0.041176754062506024,2.4889973373413086,283.5195891857147,100.0
