True SPO,Unamb SPO,MSE,Elapsed,Epochs
0.01206705333273666,0.012067099329289309,1.2359471015930177,225.278573513031,100.0
0.011548217422511466,0.011548269590722129,1.3054102878570557,176.56429147720337,100.0
0.01635505591608115,0.016355206203759288,1.2283435258865356,182.02837944030762,100.0
0.01283579155383213,0.012835831847110974,1.212619575023651,208.80068159103394,100.0
0.011710801946372341,0.011710877693506162,1.1977808918952941,239.83873224258423,100.0
0.013002502602795622,0.013002557738387842,1.2046178569793702,249.37047934532166,100.0
0.011012087151666902,0.01101214110068092,1.1311381816864015,214.5486776828766,100.0
0.0157614219595668,0.015761500482684904,1.2072959899902345,182.61753702163696,100.0
0.012856550213531813,0.012856592180058374,1.3642657976150512,207.25413012504578,100.0
0.013445135689762628,0.013445185847429411,1.2355285339355468,256.60515236854553,100.0
