True SPO,Unamb SPO,MSE,Elapsed,Epochs
0.16011116524646252,0.16011117150293672,11.387630157470703,363.842538356781,20.0
0.15564311957108246,0.15564312582840506,12.119558883666992,365.49528098106384,20.0
0.15439723242895054,0.1543972385847131,13.34678660583496,351.7266411781311,20.0
0.1715744063314942,0.171574412001767,13.36965421295166,389.6071045398712,20.0
0.1641455122459722,0.16414551653853612,15.552944602966308,383.5476303100586,20.0
0.17371975703204828,0.17371976286176638,13.353603317260742,400.9452304840088,20.0
0.19068833796436185,0.1906883425288191,13.099661125183106,397.2177526950836,20.0
0.17273763416441787,0.17273764035998798,14.004595504760742,403.7324254512787,20.0
0.17715514825664058,0.1771551526313384,16.729632278442384,369.030882358551,20.0
0.16765508675664925,0.1676550936662114,13.881332801818848,355.56861662864685,20.0
