True SPO,Unamb SPO,MSE,Elapsed,Epochs
0.24254268934993328,0.2425427037236966,11.545161270141602,352.9968535900116,200.0
0.2254729387253592,0.22547295233959108,11.213082412719727,355.66260409355164,200.0
0.19216998577131295,0.19216999611730418,11.956040748596191,360.59438824653625,200.0
0.2359344481796242,0.23593447530213588,11.818053451538086,355.1280560493469,200.0
0.2295938901139627,0.22959390957794815,14.36139722442627,355.26354455947876,200.0
0.16879174966026864,0.16879177920086288,14.521581718444825,348.916437625885,200.0
0.21110967089352578,0.21110975771273163,10.698178558349609,343.132536649704,200.0
0.24673030911096186,0.2467303606940273,12.53054393005371,344.854031085968,200.0
0.1673376772392314,0.16733768918620062,12.714769332885743,347.2475597858429,200.0
0.18741029314508148,0.1874103115567808,9.696697372436523,343.2439217567444,200.0
