True SPO,Unamb SPO,MSE,Elapsed,Epochs
0.15254293096575627,0.15254300825298697,2.895812254905701,225.58155059814453,200.0
0.1537803439411639,0.15378050825092157,2.441652416229248,227.09399914741516,200.0
0.15086888206442994,0.15086899999508022,2.8700853023529054,226.37782287597656,200.0
0.15094717703593533,0.15094726018808438,2.6837859477996826,235.4461567401886,200.0
0.1667973053495839,0.16679743661371077,2.9792987556457518,239.89931631088257,200.0
0.12111994440178034,0.12112008179898093,3.680045341491699,244.13659501075745,200.0
0.1558778817229886,0.15587798596006258,2.4554569244384767,237.8978786468506,200.0
0.13009071669991853,0.13009077898082935,3.1731594409942625,229.71532917022705,200.0
0.14140836615682034,0.14140844265764974,2.9580503845214845,237.3967089653015,200.0
0.12865573773010192,0.1286558061102095,2.7140697383880616,234.13570737838745,200.0
