True SPO,Unamb SPO,MSE,Elapsed,Epochs
0.16163837559468447,0.16163838495765495,11.241185760498047,356.3119263648987,200.0
0.16135485327923205,0.1614028737747599,11.229702262878417,352.47475576400757,200.0
0.23842654256203907,0.23842655751545666,14.948217529296874,354.3214316368103,200.0
0.2101549546238574,0.2101549646493408,11.21868441772461,351.2281699180603,200.0
0.18446967412422846,0.18446972666723446,12.84522534942627,332.05951595306396,200.0
0.1619344301504601,0.1619344403474736,11.658953636169434,341.40862917900085,200.0
0.1852150143093308,0.18521505542151792,9.132343200683593,349.4644362926483,200.0
0.1496441916320444,0.14964420143339766,11.889108741760253,353.06406927108765,200.0
0.1827498326468077,0.18274984488228707,11.816117004394531,353.011887550354,200.0
0.16393728895353027,0.16393729829329415,11.457273414611816,353.1007146835327,200.0
