True SPO,Unamb SPO,MSE,Elapsed,Epochs
0.020059695854680627,0.020059731358607925,1.2783391108512878,212.49753499031067,200.0
0.01856328086411432,0.018563318770947197,1.1678837022781372,210.61730694770813,200.0
0.022818816042272313,0.022818874747279387,1.2574607048034667,214.51171469688416,200.0
0.023395720222737913,0.02339575376186448,1.3294404745101929,212.70892119407654,200.0
0.031128168570268438,0.031128222438742102,1.2936090021133422,213.64638543128967,200.0
0.020727171789272067,0.020727221555048452,1.3603528041839599,214.28065061569214,200.0
0.023397730017924882,0.02339777146972494,1.1939411029815674,210.7669162750244,200.0
0.020906109756107356,0.02090617074521682,1.2622459316253662,211.13651823997498,200.0
0.020386076889316363,0.020386120057323008,1.2067048330307006,212.2113118171692,200.0
0.019595794420458612,0.01959584968757172,1.1659985485076905,211.7566955089569,200.0
