True SPO,Unamb SPO,MSE,Elapsed,Epochs
0.0885406236655737,0.08854075506036693,1.367266939163208,214.8950126171112,20.0
0.09716409733824766,0.09716429710685288,1.2707608041763305,214.66273260116577,20.0
0.08600048292026921,0.08600621921406744,1.3298420848846435,215.508474111557,20.0
0.0984584976691318,0.09845868042436394,1.3979207582473754,213.8871374130249,20.0
0.0886430107279736,0.08864342697896076,1.316594157218933,215.04462122917175,20.0
0.10747719040713034,0.10747743938009702,1.36751340675354,215.374094247818,20.0
0.09010761445190545,0.09010773957196365,1.183460641860962,213.4502182006836,20.0
0.09748938813897352,0.09748956158896523,1.3291779470443725,214.62724804878235,20.0
0.09625906821462442,0.0962592280655003,1.3118579120635987,214.18245673179626,20.0
0.09425388473765813,0.09425399412364609,1.3454136419296265,215.50842952728271,20.0
