True SPO,Unamb SPO,MSE,Elapsed,Epochs
0.040498509564023545,0.040498514348648006,10.257821334838868,414.0779902935028,200.0
0.031594883031267236,0.03159488624249378,12.520853454589844,405.5549716949463,200.0
0.03884012766495088,0.0388401299455462,13.576631546020508,409.49100041389465,200.0
0.043361149596612754,0.04336115191835068,12.028422622680663,407.88281750679016,200.0
0.0270400167073793,0.027040019500147703,11.688270622253418,406.5489547252655,200.0
0.03141974184939781,0.03141974382302959,13.260896514892577,407.45953392982483,200.0
0.030693639976459484,0.030693659242778483,10.738660232543946,402.52852272987366,200.0
0.023573645695881853,0.023573649041267117,10.747682296752929,408.4495904445648,200.0
0.04212943435950216,0.042129437038024714,10.96109764099121,408.69656014442444,200.0
0.03540255289812999,0.03540255529131118,9.482224426269532,404.2329161167145,200.0
