True SPO,Unamb SPO,Elapsed,Epochs
0.0998134758912314,0.09983783338646494,72.5571620464325,0.0
0.09953108018387116,0.099560934358743,72.50054907798767,0.0
0.10736416041286498,0.10741215692278226,71.89600229263306,0.0
0.09979393784923776,0.09982428674763512,72.0006160736084,0.0
0.09835655678858958,0.09837791205030327,72.5475344657898,0.0
0.10388185776380798,0.1039032261874626,72.02662062644958,0.0
0.1037797662790635,0.10380459726230022,71.771653175354,0.0
0.10876419246348262,0.10877913144569396,72.25524735450745,0.0
0.09835655678858958,0.09837791205030327,72.24927496910095,0.0
0.10388185776380798,0.1039032261874626,72.06770277023315,0.0
