True SPO,Unamb SPO,Elapsed,Epochs
0.17071294155901537,0.1707449450634823,16.216209411621094,0.0
0.17858564865526613,0.17862587782005604,16.84848117828369,0.0
0.17232322372912556,0.17238170027876418,16.521214485168457,0.0
0.17381606499262356,0.1738466474860842,16.527907848358154,0.0
0.18423919842975503,0.18429512398193182,16.356189966201782,0.0
0.1751118720884902,0.17517308083673888,16.30494451522827,0.0
0.1636437088949845,0.16367713512667476,15.904093027114868,0.0
0.1832579298214262,0.18328574682879356,15.911155939102173,0.0
0.16131620712250055,0.16136502040600284,15.941200017929077,0.0
0.17214382819340357,0.1721732163681084,15.846521854400635,0.0
