True SPO,Unamb SPO,MSE,Elapsed,Epochs
0.22927333349751017,0.2292733367318269,12.419306259155274,387.5051066875458,20.0
0.2154506408282576,0.21545064553992066,13.455640090942383,368.0937192440033,20.0
0.21643245797126762,0.21643246368316615,13.018870513916015,363.2284986972809,20.0
0.2131234847871665,0.21312348970178316,14.940639587402345,365.86899042129517,20.0
0.22477839950638562,0.224778403011917,14.218091804504395,367.45037388801575,20.0
0.22416109298940548,0.22416110690895805,14.269561950683594,362.49780654907227,20.0
0.2120976655168843,0.21209767664343726,13.92663663482666,354.7487723827362,20.0
0.22207211790193315,0.2220721226056686,14.697366935729981,363.7810547351837,20.0
0.21092563724342456,0.21092564178375417,13.778753952026367,360.7473349571228,20.0
0.21855627151641843,0.21855627750499818,13.161265899658202,364.617130279541,20.0
