True SPO,Unamb SPO,Elapsed,Epochs
0.004583043010865526,0.00458688162499053,66.51920914649963,0.0
0.003319340539480724,0.003324086456403518,67.48196649551392,0.0
0.003837305589547482,0.003840855461080228,66.60274887084961,0.0
0.003864822681791341,0.0038691969936672115,66.2515435218811,0.0
0.003787255747980552,0.0037927733094259173,65.55118989944458,0.0
0.003811901985184059,0.003815949940481315,67.06414914131165,0.0
0.0042816918274895515,0.0042858472846280405,65.8696780204773,0.0
0.004571967180498586,0.004575803366838854,67.04107165336609,0.0
0.003787255747980552,0.0037927733094259173,65.45039343833923,0.0
0.003811901985184059,0.003815949940481315,67.07422924041748,0.0
