True SPO,Unamb SPO,MSE,Elapsed,Epochs
0.017052767465669794,0.017052768350870322,11.300830413818359,384.4686939716339,20.0
0.012336932022067603,0.012336932749166314,10.314252273559571,386.9147837162018,20.0
0.014105358612735807,0.014105359955453062,11.961753913879395,383.15706849098206,20.0
0.014923151148173492,0.014923156942148692,12.309972862243653,381.8142647743225,20.0
0.013825378996572045,0.013825380085624474,16.532889724731444,382.499484539032,20.0
0.017236759944992536,0.017236764420692514,11.46395458984375,387.8797216415405,20.0
0.01670304094052542,0.016703041694882792,16.247000999450684,387.3071939945221,20.0
0.01653137430716317,0.01653137508626737,11.649056015014649,384.873087644577,20.0
0.014962991015534518,0.014962992053396877,15.302767555236816,388.0810215473175,20.0
0.012923064087470034,0.012923065168879767,13.151134452819825,388.7128942012787,20.0
