True SPO,Unamb SPO,Elapsed,Epochs
0.07795823242740745,0.07795823315478963,874.830881357193,30.0
0.07600541334047232,0.07600541683699254,904.4238307476044,30.0
0.07371019570796548,0.07374659175784552,902.6498885154724,30.0
0.06055843375138186,0.060558433605079585,893.6515464782715,30.0
