True SPO,Unamb SPO,Elapsed,Epochs
0.07780584934818298,0.07780585182483037,434.2469437122345,30.0
0.07346571690978036,0.07346572012809202,442.7828848361969,30.0
0.07171253982368431,0.07171254228601857,437.59983229637146,30.0
0.06060620842031859,0.06060620865653912,442.7171895503998,30.0
0.06598019794174939,0.06598019923180685,432.53276109695435,30.0
0.07614249520196596,0.07614249640331099,428.1642210483551,30.0
0.06130892485998964,0.06130892595743423,444.1993238925934,30.0
