True SPO,Unamb SPO,Elapsed,Epochs
0.0034685339692716935,0.0035118906438875897,14.15773057937622,0.0
0.00284539999674149,0.0029507851818059896,13.439091682434082,0.0
0.004960551919510368,0.005031416946931945,14.068020343780518,0.0
0.0028070020954602177,0.0028070020954602177,14.016344547271729,0.0
0.004509822546982965,0.004557045819726242,13.763673305511475,0.0
0.0035950440520220845,0.003637842195498538,13.85975170135498,0.0
0.004932884431363763,0.005122610755646984,13.832690954208374,0.0
