True SPO,Unamb SPO,Elapsed,Epochs
0.13293114857327196,0.13293115138777978,0.1927807331085205,0.0
0.150699142415088,0.1506991453306182,0.041748046875,0.0
0.1846126299303271,0.18461263739268458,0.04060482978820801,0.0
0.1434959598367548,0.1434959656066168,0.04035329818725586,0.0
0.16715000128114627,0.16715000642446967,0.04644155502319336,0.0
0.1793808714768846,0.17938087733366942,0.04035544395446777,0.0
0.15079736659148132,0.15079737024623321,0.04243946075439453,0.0
0.18710762043594606,0.18710762778291032,0.04271888732910156,0.0
