True SPO,Unamb SPO,Elapsed,Epochs
0.1527994548167216,0.15285654765075452,4.244806528091431,0.0
0.1658151537687299,0.16621850349989442,4.219067811965942,0.0
0.20674542715192992,0.20732315093179174,4.21496057510376,0.0
0.16503313009971216,0.165233900330977,4.298563718795776,0.0
0.2006143435077335,0.20101499982857632,4.235355377197266,0.0
0.1903641874212966,0.19070305560832929,4.309306859970093,0.0
