True SPO,Unamb SPO,Elapsed,Epochs
0.002016085369639172,0.0020377677898594467,0.2740774154663086,0.0
0.0033512488850510882,0.0033512543371117406,0.04555773735046387,0.0
0.004181036617873024,0.0041810417819228615,0.045159339904785156,0.0
0.0016797807815352483,0.0016797868009664682,0.04459571838378906,0.0
0.003919531637692001,0.003919540230679746,0.04411888122558594,0.0
0.0022041043890373493,0.0022041118884093608,0.05303168296813965,0.0
0.0037945264856644326,0.003794534269788303,0.04409074783325195,0.0
0.004472208524933355,0.004472215649364585,0.0548100471496582,0.0
