True SPO,Unamb SPO,Elapsed,Epochs
0.19265724314544605,0.19366284033736142,9088.037327051163,100.0
0.1824473162490226,0.18329172479590408,10171.582759141922,100.0
