True SPO,Unamb SPO,Elapsed,Epochs
0.005066768752662718,0.0050667720594242144,2180.829967737198,100.0
0.004714645540451842,0.004714649113526007,2143.3674211502075,100.0
0.0066854573831053934,0.006685461183781352,1826.226080417633,100.0
0.005206653458035279,0.005206661894242195,1957.1703860759735,100.0
0.006070013669100688,0.006070017256477595,1865.3432307243347,100.0
0.005101139475300103,0.005101143444333212,2067.49813747406,100.0
0.007407228099035591,0.007407232071979291,2407.437072277069,100.0
0.005739765665751767,0.005739770544143048,2230.2587127685547,100.0
