True SPO,Unamb SPO,MSE,Elapsed,Epochs
0.08518528449710411,0.08518551702166297,0.8772204825237798,0.23018288612365723,0.0
0.08808902194403424,0.08808912079288896,0.6273384486754078,0.20989775657653809,0.0
0.09125852562371257,0.09125862798595843,0.7301534305159162,0.2089099884033203,0.0
0.07503605852914769,0.07503615086568542,0.643465175193329,0.20580744743347168,0.0
0.08751797815880658,0.08751816650011837,0.7278614397694897,0.2131037712097168,0.0
0.07544193134450751,0.07544206390233506,0.6424249302098408,0.21178436279296875,0.0
0.08342682797055341,0.08342996186065767,0.5778738082712309,0.2149052619934082,0.0
0.08066344574292562,0.08066355151900671,0.8501870618436411,0.21176719665527344,0.0
0.09797050551116725,0.09797064686580155,0.7010317138076751,0.2097160816192627,0.0
0.07025137658239151,0.07025150908313355,0.770532041782179,0.2083580493927002,0.0
