True SPO,Unamb SPO,MSE,Elapsed,Epochs
0.19794187772420543,0.19794189318447974,9.584383331298827,359.48271656036377,200.0
0.19374620234762888,0.19374629749008224,9.717301239013672,377.62956166267395,200.0
0.20312454941294858,0.20312459060543211,8.428435935974122,389.734751701355,200.0
0.17671601863250058,0.17671602863364597,9.148253379821778,387.54316425323486,200.0
0.18585942986157514,0.1858594509338551,11.893542221069335,389.12611174583435,200.0
0.19009208992211196,0.19009209813455313,11.166560073852539,387.51449489593506,200.0
0.20446875654995322,0.20446877243684283,11.262330986022949,388.6016869544983,200.0
0.1939155992256842,0.1939156237634435,10.200183876037597,391.4124348163605,200.0
0.18633077365372624,0.1863307858331237,9.816233963012696,386.84860467910767,200.0
0.19203027481783733,0.19203028776849673,10.0143875579834,388.723956823349,200.0
