True SPO,Unamb SPO,MSE,Elapsed,Epochs
0.20190706398339078,0.20190708266001767,11.43454386138916,406.65642404556274,200.0
0.19725751682311488,0.19725752480696465,10.439990837097168,406.0672118663788,200.0
0.20622203356239915,0.2062220390959079,10.26387890625,408.56652784347534,200.0
0.1950524728862729,0.1950524802231377,10.285205940246582,406.8029034137726,200.0
0.19581436450956358,0.19581437105046084,12.455135604858398,404.50401186943054,200.0
0.19387645498760805,0.19387646431005248,14.473695358276368,374.8725836277008,200.0
0.21338868325528249,0.21338869079940778,9.686013496398926,347.84566140174866,200.0
0.18952356687614316,0.18952431026092026,9.957651489257813,353.7078824043274,200.0
0.18857330693901891,0.1885733241397862,9.885900344848633,370.4916319847107,200.0
0.21727299387344484,0.21727306012456366,12.207217300415039,413.20970582962036,200.0
