True SPO,Unamb SPO,MSE,Elapsed,Epochs
0.00970209475445093,0.009702130181353396,1.1503045387268067,249.452543258667,200.0
0.010738111263974911,0.010738137821836718,1.204052306175232,250.17157173156738,200.0
0.010723311662187996,0.010723333282287587,1.1632654657363892,248.9747598171234,200.0
0.009823145651043655,0.009823166830437212,1.2376788063049315,249.41858172416687,200.0
0.011435051277328684,0.011435074883930996,1.135586880683899,248.31977534294128,200.0
0.01250973478375683,0.012509769588135523,1.1823147888183594,246.31554341316223,200.0
0.009284518931401501,0.00928454326115904,1.1476864624023437,247.3266613483429,200.0
0.010357343476808037,0.010357367603220072,1.1328998231887817,250.07727336883545,200.0
0.012528844451921473,0.01252886776140247,1.197329942703247,249.3840606212616,200.0
0.011977538047197625,0.011977640093060285,1.2074738941192626,247.77439260482788,200.0
