True SPO,Unamb SPO,MSE,Elapsed,Epochs
0.004731798277824959,0.00473180842625168,1.6716625537872314,181.74331521987915,200.0
0.0047534448156393155,0.0047534531116558325,1.728028781890869,179.59210920333862,200.0
0.004687242049434186,0.004687250748810664,1.6824096755981446,185.43011116981506,200.0
0.004731940656790102,0.00473195723971238,1.7497723999023438,184.86213064193726,200.0
0.005051779879678934,0.005051788511886673,1.7051861534118653,173.02398419380188,200.0
0.005970871233396233,0.0059708885082471125,1.688681791305542,171.85191416740417,200.0
0.004606631884441513,0.004606641838262529,1.6998330402374267,176.16713500022888,200.0
0.004334728629604005,0.004334740298653232,1.6705212469100952,167.97681760787964,200.0
0.0057976803070007394,0.005797700062186074,1.6919510650634766,171.60436010360718,200.0
0.006439614659137058,0.00643963430501318,1.7117638511657716,176.4397120475769,200.0
