True SPO,Unamb SPO,MSE,Elapsed,Epochs
0.1368499158324137,0.13684993561357423,10.801539375305175,440.71938848495483,20.0
0.13887649749518063,0.13887650336634244,11.740830360412598,439.567818403244,20.0
0.15063800171496558,0.1506380147041167,11.674470458984375,437.77459263801575,20.0
0.14800042492551707,0.14800043470705523,10.791723327636719,437.1093690395355,20.0
0.1431813306676287,0.14318133845700595,11.60945947265625,438.1572833061218,20.0
0.1439830599563404,0.14398306957024076,9.289896629333496,437.541809797287,20.0
0.13880306011387136,0.13880307213449702,9.77079122543335,439.7888102531433,20.0
0.17964886218331688,0.1796488823241477,11.644746551513672,438.78653168678284,20.0
0.15159843559065378,0.15159846434898933,11.124088729858398,436.29707956314087,20.0
0.16566315233661624,0.16566315983530241,11.988081748962403,438.1016757488251,20.0
