True SPO,Unamb SPO,MSE,Elapsed,Epochs
0.24397684981964038,0.24397685668647548,9.937247482299805,364.0625162124634,200.0
0.23832527724625524,0.23832528841864567,13.289322204589844,362.759610414505,200.0
0.2498668857318799,0.2498669075176179,11.771289016723633,359.8644368648529,200.0
0.2491966733083709,0.2491966793685094,13.585250198364259,361.95890069007874,200.0
0.23893105247990964,0.23893106164741582,13.124849731445313,384.30972599983215,200.0
0.2496452077017508,0.24964522017688942,13.033836891174316,378.3569884300232,200.0
0.24965502478195017,0.2496550422981612,12.033448722839356,394.34134435653687,200.0
0.24577463767135177,0.24577464417323847,10.772591239929199,389.52790689468384,200.0
0.2556672738118665,0.2556672834068273,13.62788801574707,399.2249267101288,200.0
0.24571558522779743,0.24571559203381088,13.477899932861328,373.3161549568176,200.0
