True SPO,Unamb SPO,MSE,Elapsed,Epochs
0.20872544638586218,0.20872586820809552,1.9876251068115234,2056.5906596183777,300.0
0.21930789421119562,0.21930799527591974,2.0672019348144532,2081.261236667633,300.0
0.22044408489621314,0.22044415821882885,2.0631138763427734,2063.299164533615,300.0
0.2096636694441618,0.20966376049857421,2.0689267578125,2080.891219854355,300.0
0.2182801769370459,0.2183616766365544,2.0908617248535157,2085.0602493286133,300.0
0.2184849974518778,0.21848506782504123,2.1919405364990237,2080.3378343582153,300.0
0.21607791951177638,0.21607797307619034,2.117460662841797,2072.1079726219177,300.0
0.2136460130699468,0.21364604669119025,2.1647206268310546,2082.1184248924255,300.0
0.20991521329968393,0.20991529831977,2.304955123901367,2079.7623476982117,300.0
