True SPO,Unamb SPO,MSE,Elapsed,Epochs
0.21869112794069057,0.21869115244204015,11.232584609985352,400.7521116733551,20.0
0.21714134516194503,0.21714135219158123,11.655595527648925,396.5725498199463,20.0
0.22024842415083656,0.22024843435122518,11.463761878967285,399.7858247756958,20.0
0.2211209955156908,0.2211210008884174,12.962300880432128,405.872207403183,20.0
0.22827394977231966,0.2282739549595443,12.750589950561523,402.7986671924591,20.0
0.22141839953311127,0.22141840459624623,11.282418212890626,429.87923288345337,20.0
0.22508316231975237,0.22508317011943735,10.407340270996094,407.04865312576294,20.0
0.23093531885991836,0.23093532260644634,13.269143585205079,411.10598134994507,20.0
0.2170804096456553,0.21708041873869027,13.313709243774413,405.9731981754303,20.0
0.21443005901306048,0.21443006283101476,11.596616523742675,407.4481031894684,20.0
