True SPO,Unamb SPO,MSE,Elapsed,Epochs
0.053405948811502374,0.05340595278920233,9.96048843383789,387.21646761894226,200.0
0.042536290480393084,0.04253629315132748,11.61039045715332,395.15254974365234,200.0
0.04526067261108987,0.04526067713390918,11.055721527099609,394.2060809135437,200.0
0.043143424739762334,0.04314342701219857,11.037776618957519,397.18813252449036,200.0
0.045870922713602436,0.045870926246303186,11.075247146606445,417.7413704395294,200.0
0.04818744286489699,0.04818744553875877,10.681463256835938,436.7091500759125,200.0
0.03453127271859392,0.034531275350688014,11.15380307006836,441.6578402519226,200.0
0.04622368817342416,0.046223698368789305,8.945426200866699,435.4424464702606,200.0
0.03550514631043145,0.035505148284535985,9.708100074768067,446.2733645439148,200.0
0.03385189338719842,0.03385189549884061,10.845254459381103,430.74754071235657,200.0
