True SPO,Unamb SPO,MSE,Elapsed,Epochs
0.02926451311986764,0.02926451452855067,10.781257057189942,399.365847826004,200.0
0.02069369487602007,0.02069369608820803,8.330972930908203,402.24034667015076,200.0
0.024380735476762814,0.024380736360556057,11.517537139892578,395.9177017211914,200.0
0.020744708496532965,0.02074471068704876,12.082683135986327,407.3224003314972,200.0
0.027223192173617187,0.027223195530939433,9.32282406616211,390.4080283641815,200.0
0.023820008722509063,0.023820010305983248,12.202475837707519,390.9902331829071,200.0
0.020426560737979882,0.020426561502725066,13.121968162536621,390.82670402526855,200.0
0.021916915235729358,0.021916916535871918,11.765810935974121,397.9680347442627,200.0
0.025134245835435547,0.025134247222197863,10.467685127258301,397.60104990005493,200.0
0.019371392252134422,0.01937140807229532,13.050457717895508,394.7306306362152,200.0
