True SPO,Unamb SPO,MSE,Elapsed,Epochs
0.07694947136676666,0.07694947790184584,10.488145763397217,447.7883086204529,20.0
0.06558222560454094,0.06558226479990116,12.309418357849122,440.02304792404175,20.0
0.059011282962342655,0.05901128736770661,10.266997528076171,444.4319348335266,20.0
0.0533893445264769,0.053389350699255655,10.62124674987793,444.30042719841003,20.0
0.07150400884525376,0.07150401360443105,10.042655197143555,441.79207968711853,20.0
0.0601933450963987,0.06019334912046309,8.525221115112304,446.1371395587921,20.0
0.05996691588693865,0.05996695279788539,10.06142943572998,447.4872462749481,20.0
0.045205863301451384,0.045205872305740115,10.601386184692382,452.380539894104,20.0
0.07576176863443718,0.07576177381664818,10.10358351135254,450.4710645675659,20.0
0.08109913588724353,0.08109914207540021,11.79966567993164,456.4628002643585,20.0
