True SPO,Unamb SPO,MSE,Elapsed,Epochs
0.16018388412048867,0.16018424721494187,0.21936327683732093,24.22503638267517,0.0
0.15949701525960275,0.15949729531138615,0.21804885972555452,23.769283533096313,0.0
0.1710676881057089,0.1710681456548101,0.23602839948082968,23.71631908416748,0.0
0.1644765471408596,0.16447682621790616,0.24469035161874597,23.569825172424316,0.0
0.18905652720420094,0.18905706364221567,0.24325880402666897,23.756388902664185,0.0
0.16665516237668418,0.1666554536053341,0.2201977920038952,23.498502254486084,0.0
0.164174302396713,0.16417464613718888,0.24212705263387638,23.553813457489014,0.0
0.16877887787497997,0.1687791949199866,0.21534410197729864,23.69571876525879,0.0
0.1577570046418162,0.15775768752941988,0.23427721974070342,23.51945185661316,0.0
0.1578870748541157,0.1578873828645147,0.22680243157838886,23.82183814048767,0.0
