True SPO,Unamb SPO,MSE,Elapsed,Epochs
0.009702094734403213,0.009702130161328726,1.1503045291900635,196.29449129104614,200.0
0.01073811113026793,0.010738137688615276,1.2040523138046264,195.47057628631592,200.0
0.011448460450457176,0.011448479012000311,1.1606490592956542,194.272846698761,200.0
0.009823145690312667,0.009823166869680716,1.2376788330078126,200.24601316452026,200.0
0.01143505128898601,0.011435074895464982,1.135586847305298,193.91751265525818,200.0
0.01250973468197065,0.012509769486325895,1.1823148002624513,192.7530755996704,200.0
0.009284518912615376,0.009284543241610915,1.1476864919662475,196.3686490058899,200.0
0.010357343507937542,0.010357367634549709,1.1328998289108276,196.74739599227905,200.0
0.012528844351401279,0.012528867660891962,1.197329930305481,195.54629039764404,200.0
0.011977537961131813,0.011977640049439164,1.2074738903045654,196.43683671951294,200.0
