True SPO,Unamb SPO,MSE,Elapsed,Epochs
0.13147813227276717,0.13147846878325703,0.08077267241204368,0.3141181468963623,0.0
0.14072262375459385,0.1407229410443024,0.08005703493805841,0.11699891090393066,0.0
0.14401266864060555,0.14401302145104047,0.08371721949694451,0.11692476272583008,0.0
0.13869518425090105,0.1386957490208494,0.08093345909455844,0.11442303657531738,0.0
0.14522845015372388,0.14522871971220672,0.08167107444558296,0.11542463302612305,0.0
0.14950040045262616,0.14950066208545143,0.08066660787346423,0.12085080146789551,0.0
0.13854077193373218,0.13854592250090905,0.07872622542774575,0.11609745025634766,0.0
0.14941292248999527,0.14941310536383626,0.08005769263411398,0.11620354652404785,0.0
0.12799872599713333,0.12799894493313133,0.07961786285803159,0.11571002006530762,0.0
0.131356732389881,0.13135742507103731,0.07943862874527349,0.11537361145019531,0.0
