True SPO,Unamb SPO,MSE,Elapsed,Epochs
0.16065181969582426,0.16065185346197033,12.125062911987305,330.16728115081787,20.0
0.15858320179891106,0.15858320908754067,12.433801376342773,321.5788381099701,20.0
0.16918272108333474,0.1691827292574749,13.980472457885742,322.97980189323425,20.0
0.17497064539789103,0.17497065290265276,12.103331512451172,322.75816345214844,20.0
0.1696188184226888,0.16961882502379566,11.753508178710938,325.22371673583984,20.0
0.16722565852261004,0.16722566420689403,10.44988314819336,322.5643436908722,20.0
0.16997549159484587,0.16997549851036767,10.880338943481446,327.0009262561798,20.0
0.17852150160183874,0.17852150777017792,11.2037808303833,326.3218274116516,20.0
0.16344363764277184,0.16344365382681703,11.114573608398437,322.3539125919342,20.0
0.1760572429565516,0.17605725252703142,12.05574050140381,322.6086220741272,20.0
