True SPO,Unamb SPO,MSE,Elapsed,Epochs
0.23627109015860204,0.23627135045824174,1.7197862119674683,252.15784621238708,200.0
0.23936712713226158,0.23936736565540626,1.7933682317733766,252.74618196487427,200.0
0.24072799013768753,0.24072850063532708,1.713652018547058,251.25477695465088,200.0
0.2266300304985967,0.22663038396502957,1.8651058444976807,251.74701380729675,200.0
0.22885850324942672,0.22885884111665258,1.705125979423523,251.4340922832489,200.0
0.23291404864009566,0.23291444769056238,1.7692088041305543,252.05532693862915,200.0
0.24250482078472427,0.24250509335363934,1.7607676239013672,244.98501658439636,200.0
0.24011944633621451,0.2401196293804691,1.7710520286560059,252.5132451057434,200.0
0.2325318207897463,0.23253216187821302,1.8058720588684083,248.31307911872864,200.0
0.24439749792555812,0.2443976659333347,1.8525681819915771,252.28143405914307,200.0
