True SPO,Unamb SPO,MSE,Elapsed,Epochs
0.017613145685806197,0.017613260307081956,0.020403716756215173,26.96527075767517,0.0
0.017365208569974495,0.017365330086724074,0.01904951626977461,24.79412007331848,0.0
0.021270928389377653,0.021271046871016476,0.021811140157444654,23.383488655090332,0.0
0.0201320425330724,0.02013215994902392,0.02292153176275757,23.67398238182068,0.0
0.02794607047650535,0.027946243269511315,0.02381524254913186,23.20621085166931,0.0
0.01904522341575218,0.01905200212223296,0.020407795684748584,23.00343680381775,0.0
0.016520511272687624,0.016520589777362513,0.0209340638033215,23.00412940979004,0.0
0.020083151269138875,0.020083266253181208,0.020857937294688208,23.13427758216858,0.0
0.025099724419215735,0.025104692718424564,0.02111777802434958,23.009870052337646,0.0
0.020900786822413496,0.020900898104805846,0.02319577342103333,23.30068039894104,0.0
