True SPO,Unamb SPO,MSE,Elapsed,Epochs
0.010874692397378313,0.010874755692226075,0.04783543491765041,70.87879776954651,0.0
0.011263391757149906,0.011263454735257897,0.029950660000558616,71.46118259429932,0.0
0.010669623548546973,0.010669677839945156,0.03982072547736997,70.16858291625977,0.0
0.0139757470589249,0.013975822296175182,0.03811245878486086,69.81691288948059,0.0
0.013799800581669552,0.013799862054486795,0.03588818493343758,68.95933103561401,0.0
0.00889149680380246,0.008891547082142848,0.03502009309060786,71.00168108940125,0.0
0.010997066846282827,0.010997135673124265,0.03457516585766429,70.00547409057617,0.0
0.013165661362831312,0.013165732198896789,0.04992867143013863,70.4453637599945,0.0
0.010750614585491909,0.010750704360934707,0.03790516162067071,69.42665529251099,0.0
0.011939699210494318,0.011939763710662781,0.03935168835856344,70.04259133338928,0.0
