True SPO,Unamb SPO,MSE,Elapsed,Epochs
0.00833254197251737,0.008332565589539723,1.2329238090515138,164.2180938720703,20.0
0.008779006338724516,0.008779155068409835,1.2609349975585937,164.80683016777039,20.0
0.008317094571663936,0.00831714307603412,1.1613325386047364,162.99638986587524,20.0
0.008291762130765276,0.008291786301723843,1.2661971626281738,161.35306549072266,20.0
0.00768140520775281,0.0076814427136618285,1.2345047931671143,163.1376190185547,20.0
0.008083707375083623,0.008083738527333878,1.1952016563415528,164.23703861236572,20.0
0.00816945097158471,0.008169483498892311,1.2455471105575562,166.8721387386322,20.0
0.00838098003318975,0.008381007708482067,1.2179719915390015,164.28773427009583,20.0
0.008320331736690001,0.00832035561809392,1.2942472686767579,165.30645322799683,20.0
0.006760094297440094,0.0067602847558255715,1.3390775337219238,160.7500684261322,20.0
