True SPO,Unamb SPO,MSE,Elapsed,Epochs
0.14068237065277767,0.14068246195593667,2.682391332626343,246.64547419548035,200.0
0.16217554276366875,0.16217564814661944,3.176556745529175,247.16632556915283,200.0
0.15814122859216373,0.15814132896039346,3.0126325073242186,246.1782295703888,200.0
0.17093760394897714,0.17093770980574446,3.1900585527420042,245.78165292739868,200.0
0.177384038986306,0.17738417706359016,3.181393871307373,245.88941168785095,200.0
0.1555677413785305,0.15556782875941086,3.3583947830200196,246.09676837921143,200.0
0.14814535524727807,0.14814547475204815,3.0085321941375733,246.36762261390686,200.0
0.16114724315678908,0.1611473357393302,2.582629993438721,246.7292709350586,200.0
0.15075783791857875,0.15075792042140762,3.14604767036438,246.34000635147095,200.0
0.1795698683195291,0.17956995567500328,3.011218589782715,246.76878237724304,200.0
