True SPO,Unamb SPO,MSE,Elapsed,Epochs
0.09308164786654087,0.09308192373515967,0.6369583845125946,76.98173141479492,0.0
0.10017058630053752,0.10017082504148012,0.4138644372804067,78.20949459075928,0.0
0.10276679110272184,0.10276746476213754,0.5105683021089593,77.60797309875488,0.0
0.10547819220840494,0.10547850927526845,0.46372914090401635,77.45031881332397,0.0
0.11022841268705434,0.11022860264744987,0.5807733492205926,78.31674551963806,0.0
0.10450870210563683,0.1045090677650177,0.5001935987927719,77.52490162849426,0.0
0.09586287145905457,0.09586302366497482,0.42641107360421593,78.47133708000183,0.0
0.09645651265105296,0.09645728408094821,0.6625037673199833,77.26642608642578,0.0
0.1032347332049847,0.1032350550565056,0.4827780140652531,78.0671980381012,0.0
0.1029449977470292,0.10294523414649771,0.5626606868046911,78.31453394889832,0.0
