True SPO,Unamb SPO,MSE,Elapsed,Epochs
0.13768588487987618,0.13768589817148408,10.779980827331544,355.33489418029785,20.0
0.13307380338468863,0.13307381099550408,12.22266527557373,342.5573830604553,20.0
0.14913272914513342,0.14913274148142858,11.821874069213868,355.9638583660126,20.0
0.13836133789663005,0.13836134696408278,11.436315101623535,344.03090262413025,20.0
0.14296805666537743,0.14296806362530687,13.090084106445312,354.4530203342438,20.0
0.14778869269741676,0.14778870031207872,10.197049560546875,341.83120346069336,20.0
0.1473254252390556,0.14732543502358783,9.662551704406738,344.6807849407196,20.0
0.17256903803111048,0.1725690461016657,12.779497428894043,352.5059175491333,20.0
0.13287289372243602,0.13287290247670522,11.946417846679687,342.58558797836304,20.0
0.15417613514701362,0.15417614387555723,13.218505554199218,343.1085846424103,20.0
