True SPO,Unamb SPO,MSE,Elapsed,Epochs
0.15880063414979956,0.15880065710922037,12.175110145568848,440.6734929084778,20.0
0.16819624038313152,0.16819624979305578,13.107694763183593,509.6974470615387,20.0
0.16630507497512922,0.1663050830496113,14.02959831237793,509.85429096221924,20.0
0.16125017568054736,0.161250182747072,12.33171994781494,511.0053460597992,20.0
0.16096119204008957,0.1609611977622504,11.986707595825195,508.3254768848419,20.0
0.16389944402339987,0.16389945035101505,9.739119758605957,509.04244899749756,20.0
0.17033046613408906,0.17033047287442396,10.83401836013794,509.031626701355,20.0
0.17859823229360258,0.17859823889217663,11.85364891052246,504.66735005378723,20.0
0.1652659776384367,0.1652659856321678,11.663766647338868,498.8762528896332,20.0
0.18292481284393597,0.18292481769235688,12.143329559326173,501.85160970687866,20.0
