True SPO,Unamb SPO,MSE,Elapsed,Epochs
0.0016609098340778807,0.0016609205819538909,1.142863766670227,174.75917148590088,20.0
0.002266953341055429,0.002266965331591113,1.1641440238952636,174.18914365768433,20.0
0.0016231970049381613,0.0016232080706188561,1.1617774753570556,172.3204050064087,20.0
0.0019353119520858916,0.0019353310891409533,1.1375909347534179,174.27817249298096,20.0
0.0018599870602662959,0.0018599985274665742,1.1495162239074708,173.46034979820251,20.0
0.00218076590205315,0.0021807780176509466,1.117131025314331,169.5434067249298,20.0
0.0020919389576048975,0.002091967585534386,1.1455073943138123,172.2853798866272,20.0
0.0016999355818493008,0.0016999453374051965,1.1165051059722901,171.03858709335327,20.0
0.002074377168064685,0.002074408668122723,1.1804497413635253,172.36192178726196,20.0
0.002126657641326985,0.0021266675151456215,1.1668046236038208,169.47190380096436,20.0
