True SPO,Unamb SPO,MSE,Elapsed,Epochs
0.08836872102251721,0.08836886848232961,1.2798012709617614,165.1609606742859,20.0
0.08381824718361511,0.08381839372042424,1.3317887926101684,164.9780650138855,20.0
0.09264034929387316,0.09264046966702874,1.2022491769790649,166.61945176124573,20.0
0.10124941791964473,0.10124953735027024,1.3583029880523683,166.50051951408386,20.0
0.09230839289332587,0.09230849500465352,1.2780695157051087,175.02254819869995,20.0
0.09204663701786524,0.09204675210937575,1.2283098678588866,159.15231895446777,20.0
0.08635416390261035,0.0863543646256029,1.3206567916870118,160.70648646354675,20.0
0.0903528318037542,0.09035299670931496,1.2611969318389893,160.1442952156067,20.0
0.09158385641734054,0.09158398679233407,1.3666349267959594,161.44596123695374,20.0
0.0957803343354852,0.09578043558759328,1.4139966716766357,161.94775438308716,20.0
