True SPO,Unamb SPO,MSE,Elapsed,Epochs
0.0830302912866392,0.08303030659808638,10.93938777923584,389.09039878845215,20.0
0.09010022581875121,0.09010023740868321,11.17665089416504,372.3025703430176,20.0
0.10542751294868993,0.10542752310569642,10.365044097900391,381.0344498157501,20.0
0.06837167379042029,0.06837168249093697,11.972330322265625,396.6143419742584,20.0
0.0926579145287861,0.09265792170159412,11.273885948181153,389.7402687072754,20.0
0.09573346766945234,0.09573347421988976,9.13748363494873,392.06744933128357,20.0
0.07934743916639547,0.07934744922389747,10.91812952041626,392.0291395187378,20.0
0.09368478107667205,0.09368478921539723,10.261549285888671,386.58398699760437,20.0
0.10094722146081125,0.10094723083232363,12.198992431640624,387.84987902641296,20.0
0.11187837643810712,0.11187838616865317,10.566635261535644,377.75222539901733,20.0
