True SPO,Unamb SPO,MSE,Elapsed,Epochs
0.14529481282665135,0.14529491600864244,11.826160202026367,460.01580834388733,20.0
0.15947121510412243,0.15947123005045202,11.76219839477539,472.01440167427063,20.0
0.20168598230966578,0.20168599645076396,10.249461303710937,465.0852167606354,20.0
0.1646957157027993,0.16469572960055195,11.466162162780762,471.88012862205505,20.0
0.17395744437899385,0.17395745784273,10.964708297729493,461.1634268760681,20.0
0.1779761177755922,0.1779761579000712,9.832196044921876,457.59901213645935,20.0
0.18334395234467923,0.18334396512554138,10.401347518920899,448.8893303871155,20.0
0.13863269184732407,0.13863270171641157,11.805092910766602,449.2989008426666,20.0
0.1599170204456456,0.15991703369709653,12.081499214172362,472.8686773777008,20.0
0.18631938494060482,0.18631939546818257,11.853902046203613,465.02765679359436,20.0
