True SPO,Unamb SPO,MSE,Elapsed,Epochs
0.04456966733265359,0.044569669062566694,9.858485343933106,326.15980768203735,200.0
0.06119731280317903,0.06119731456578118,13.903229255676269,326.80191588401794,200.0
0.04618697399815943,0.046186976893922246,9.907368865966797,335.0588879585266,200.0
0.05988434639215529,0.059884349181442,9.997535079956055,327.2835109233856,200.0
0.053198683643856146,0.05319868561674368,10.379293075561524,327.7521605491638,200.0
0.05436219388429394,0.05436219833246002,9.776930519104004,329.25369477272034,200.0
0.05067771075266413,0.050677718729414185,7.632118865966797,334.2063367366791,200.0
0.053306093084280186,0.05330609583920328,8.562797218322753,326.4987738132477,200.0
0.04563309642693084,0.04563309866142609,7.111970317840576,327.39759516716003,200.0
0.0495898052066835,0.04958987497856786,10.228640075683593,325.69167828559875,200.0
