True SPO,Unamb SPO,MSE,Elapsed,Epochs
0.1429089440987325,0.14290895772729045,9.72065037536621,530.712310552597,200.0
0.123448527783957,0.12344853965733565,9.44419497680664,527.0085775852203,200.0
0.1813829157405372,0.18138292848301418,9.277703609466553,538.1180846691132,200.0
0.19528324622574492,0.19528326011067584,11.906542572021484,514.847491979599,200.0
0.12490345315216128,0.12490346728602689,9.197157035827637,515.0900406837463,200.0
0.17634790966874042,0.17634792174814198,8.50889737701416,513.6721286773682,200.0
0.15600733435655634,0.15600734340576536,9.611102485656739,525.1151144504547,200.0
0.16105879045579918,0.16105879723773964,10.673815048217774,523.6694238185883,200.0
0.1533324661874538,0.15333248188501544,10.263843677520752,512.1924946308136,200.0
0.19017377362318322,0.19017378534908605,8.207150924682617,527.0687696933746,200.0
