True SPO,Unamb SPO,MSE,Elapsed,Epochs
0.24899267497504343,0.2489928588271729,1.7933165264129638,209.2029676437378,200.0
0.23583841598440497,0.2358387076360927,1.7482718143463134,204.05803108215332,200.0
0.2520484825678653,0.252048723988535,1.7050740604400634,203.4019331932068,200.0
0.23953866591417078,0.23953899649762,1.804880937576294,201.78815865516663,200.0
0.25765980054813153,0.2576600216330618,1.7865557899475097,210.60027146339417,200.0
0.244639462095922,0.2446396005823007,1.7513153476715089,211.60036611557007,200.0
0.24973778105966063,0.24973804812930836,1.7411134300231934,214.40159344673157,200.0
0.24483975416608422,0.24483990869547834,1.8504096794128417,212.11184906959534,200.0
0.24211905882564377,0.24211926639236955,1.7500564107894898,216.76070427894592,200.0
0.2494227453522153,0.24942327160986044,1.7951078033447265,215.4529013633728,200.0
