True SPO,Unamb SPO,MSE,Elapsed,Epochs
0.03045411558129517,0.03045430107324641,1.283302074432373,215.79986667633057,200.0
0.0252835879864476,0.025283618602336428,1.281113431930542,218.5442464351654,200.0
0.02829391622543772,0.02829399062337259,1.1946489381790162,221.9696991443634,200.0
0.04093331367435036,0.040933362152206706,1.3324283065795899,221.56449699401855,200.0
0.02734094052577919,0.027340998163803656,1.329520341873169,221.4280025959015,200.0
0.02797282004730779,0.02797291723454818,1.25585884475708,222.7623450756073,200.0
0.03211642972123481,0.032116468467749515,1.1803568611145019,223.11432003974915,200.0
0.0323900341716782,0.03239009064680543,1.3659218654632568,221.95905017852783,200.0
0.0337691240810085,0.03376919058669218,1.266579065322876,219.6673722267151,200.0
0.02705847077124604,0.02705853709358986,1.257390076637268,219.14175748825073,200.0
