True SPO,Unamb SPO,MSE,Elapsed,Epochs
0.2299383025926421,0.2299383245827044,11.316823562622071,473.73964262008667,200.0
0.2099814480265737,0.20998145468357687,10.53653931427002,473.6911549568176,200.0
0.21203445968398577,0.2120344666078005,10.37330126953125,473.25028896331787,200.0
0.19992630733872738,0.19992631631370408,12.106950294494629,474.05969166755676,200.0
0.22073296949602053,0.22073297871231373,9.194090553283692,477.1071820259094,200.0
0.20602691615042437,0.20602692961289215,10.096662811279296,475.9981698989868,200.0
0.2152706635986001,0.21527067453836213,9.604296577453614,472.9677698612213,200.0
0.20414993706962847,0.20414994484229798,8.223560165405273,467.9912278652191,200.0
0.2098629362059131,0.20986294524195218,9.682023902893066,475.74952149391174,200.0
0.20319438036354226,0.2031943856285509,9.095650428771973,477.34401750564575,200.0
