True SPO,Unamb SPO,MSE,Elapsed,Epochs
0.10075319863670258,0.10075320929238521,9.899758987426758,506.08383798599243,20.0
0.09370282669226405,0.09370283492810416,9.204442016601563,503.15864658355713,20.0
0.10990900707444265,0.10990902805083158,10.63006184387207,504.8306267261505,20.0
0.13184172533632144,0.131841744631827,12.700263473510741,506.7629280090332,20.0
0.13911444348770877,0.13911445867183914,11.135748161315918,505.1237680912018,20.0
0.14021550778393918,0.14021552706183865,9.756589920043945,503.6322748661041,20.0
0.11237469719913903,0.11237470597358817,8.869737686157226,492.0949788093567,20.0
0.10721700198305602,0.1072170159618199,10.611856353759766,497.98270082473755,20.0
0.1051760104464092,0.10517601629521736,10.949039848327637,498.09294748306274,20.0
0.12795998663791625,0.12795999418197734,10.233069877624512,500.3082101345062,20.0
