True SPO,Unamb SPO,Elapsed,Epochs
0.1684403302153723,0.16848191498095821,38.83975386619568,0.0
0.1763948182142092,0.17643778161187054,38.921836853027344,0.0
0.16874794381133432,0.16881941447943133,37.90656781196594,0.0
0.18378314122106032,0.18382816240973524,38.64115905761719,0.0
0.1666216615454247,0.16664956262710443,37.867165088653564,0.0
0.16653800652253278,0.1665956356200243,38.56345057487488,0.0
0.15901278879325542,0.15904094842117852,38.77429747581482,0.0
0.15822875349175797,0.15825941330879756,38.060182332992554,0.0
0.17594615296516583,0.17599450483005388,38.44949769973755,0.0
0.158285195643611,0.15832380446843836,38.11494708061218,0.0
