True SPO,Unamb SPO,MSE,Elapsed,Epochs
0.026605997975817825,0.026605999194993697,9.630737022399902,424.86036825180054,200.0
0.03890645494277457,0.0389064554655938,12.6751298828125,417.60655760765076,200.0
0.02748365890575029,0.02748366131862143,11.464849098205566,419.0510115623474,200.0
0.026259479177512743,0.026259480038852815,9.917800399780273,417.24442648887634,200.0
0.033404477678908764,0.03340447854534241,9.39292039489746,419.54701256752014,200.0
0.029928657979245966,0.029928659569332192,10.242228393554688,422.07490825653076,200.0
0.025095373148631764,0.025095375022781967,9.439651481628418,431.9191782474518,200.0
0.02700186697042612,0.02700186779778665,10.762176696777344,438.41983127593994,200.0
0.02211988810621178,0.022119888683739337,8.607110794067383,435.9943006038666,200.0
0.028065323496459037,0.028065324589010492,8.742607879638673,434.0334589481354,200.0
