True SPO,Unamb SPO,MSE,Elapsed,Epochs
0.0038696789711139892,0.0038696790300969904,0.21168083978110777,0.08258461952209473,0.0
0.0032726433153886466,0.0032726433153886466,0.15234904177580696,0.07822632789611816,0.0
0.004840135670864445,0.004840135195325803,0.19719590560884126,0.079315185546875,0.0
0.004222192715741183,0.004222192715746085,0.1594976995808638,0.08460831642150879,0.0
0.004050745423959696,0.004050745423959696,0.2027347365251254,0.0631721019744873,0.0
0.004839659757610481,0.004839659757610481,0.18354543488215344,0.08614706993103027,0.0
0.0023591859814135743,0.0023591859814135743,0.17484005496400395,0.06645369529724121,0.0
0.0026930724770851643,0.002693072485949038,0.17640534272951197,0.06867408752441406,0.0
