True SPO,Unamb SPO,MSE,Elapsed,Epochs
0.10992929416033789,0.10992929416033789,14.669604164123536,173.74864077568054,20.0
0.0921856111091033,0.0921856111091033,15.082430274963379,169.6691381931305,20.0
0.09861041874346145,0.09861041874346145,14.642652076721191,170.95504307746887,20.0
0.10798204699431493,0.10798204699431493,15.010902725219726,168.2084095478058,20.0
0.06978890298745591,0.06978890298745591,14.784725120544433,168.191303730011,20.0
0.10954256285940762,0.10954256285940762,14.574645500183106,176.46466779708862,20.0
0.12454422784265584,0.12454422784265584,13.935645896911621,173.08190608024597,20.0
0.11128715195225981,0.11128715195225981,13.891468559265137,170.8471703529358,20.0
0.11811498131819298,0.11811498131819298,14.46736385345459,168.4444935321808,20.0
0.11542749838590625,0.11542749838590625,14.814746643066407,169.93458151817322,20.0
