True SPO,Unamb SPO,MSE,Elapsed,Epochs
0.009034222025803913,0.009034222025803913,31.728221267700196,189.92188572883606,20.0
0.008542564254918679,0.008542564254918679,30.357106651306154,187.00150179862976,20.0
0.008377491799120925,0.008377491799120925,24.850184616088868,187.4396526813507,20.0
0.011121096382810332,0.011121096382810332,34.38402542114258,187.6951985359192,20.0
0.015929409032820318,0.015929409032820318,35.271212966918945,185.95485377311707,20.0
0.006904033928378282,0.006904033928378282,36.63181301879883,201.43314242362976,20.0
0.010728692816044268,0.010728692827512728,31.696635711669924,186.2874846458435,20.0
0.009072352007237305,0.009072352007237305,34.49498384094238,185.05265760421753,20.0
0.009112585282917177,0.009112585295867438,30.721413494110106,190.0736699104309,20.0
0.01593969255917,0.01593969255917,58.91780093383789,184.7962920665741,20.0
