True SPO,Unamb SPO,MSE,Elapsed,Epochs
0.005557239567527004,0.005557239567527004,17.183143768310547,180.11225771903992,200.0
0.00786006863719008,0.00786006863719008,17.879772399902343,174.6999728679657,200.0
0.005612885232165622,0.005612885232165622,19.4632727355957,171.51249074935913,200.0
0.006530503448483888,0.006530503448483888,17.086381805419922,176.69197607040405,200.0
0.008064516129004816,0.008064516129004816,15.782688400268555,173.5027093887329,200.0
0.0074658552119189515,0.0074658552119189515,16.841361892700196,169.29474425315857,200.0
0.004840661557064447,0.004840661557064447,16.728765632629393,169.98797917366028,200.0
0.006097133646344883,0.006097133646344883,16.60851988220215,174.41887140274048,200.0
0.004840661557064447,0.0048406615717801705,16.85536213684082,172.43988823890686,200.0
0.006167215642279882,0.006167215642279882,16.35648226928711,175.56437754631042,200.0
