True SPO,Unamb SPO,Elapsed,Epochs
0.0971216721155502,0.0971216721155502,729.3138482570648,1000.0
0.10134008522169659,0.10134008522169659,415.58299255371094,1000.0
0.0944452418541856,0.0944452418541856,550.0377416610718,1000.0
0.10219922380306304,0.10219922380306304,588.8344233036041,1000.0
0.11176752355065697,0.11176752355065697,698.7126069068909,1000.0
0.10114923102895287,0.10114923102895287,328.1177444458008,1000.0
0.10726260328072308,0.10726260328072308,694.1291830539703,1000.0
0.09126321647163031,0.09126321647163031,562.857310295105,1000.0
0.08084155363727692,0.08084155363727692,630.2901949882507,1000.0
0.08937421251549944,0.08937421251549944,519.8564968109131,1000.0
