True SPO,Unamb SPO,MSE,Elapsed,Epochs
0.09620540786163098,0.09620540786163098,40.90111791992187,188.3897716999054,200.0
0.10639224127480496,0.10639224127480496,37.86119848632813,180.16368412971497,200.0
0.09555334878054605,0.09555334878054605,53.25837356567383,185.29275703430176,200.0
0.1095025819832513,0.1095025819832513,54.99422468566895,184.53304982185364,200.0
0.08988715465413574,0.08988715465413574,50.34550305175781,185.67838764190674,200.0
0.08971035222579628,0.08971035222579628,39.92861628723144,186.2634313106537,200.0
0.08828876768194695,0.08828876768194695,45.090368759155275,188.60038590431213,200.0
0.09805882066015202,0.09805882067471854,37.5957748336792,192.55235385894775,200.0
0.08815573588734833,0.08815573588734833,45.15177052307129,191.51909065246582,200.0
0.09725406038117043,0.09725406038117043,37.81446615600586,195.53634786605835,200.0
