True SPO,Unamb SPO,MSE,Elapsed,Epochs
0.1539417075678545,0.1539417075678545,82.77477197265625,363.8242750167847,200.0
0.15866116751218698,0.15866116751218698,85.81745294189453,358.86103439331055,200.0
0.18445264885084256,0.18445264885084256,87.89342962646484,346.49935269355774,200.0
0.16244006875082942,0.16244006875082942,87.67075231933593,361.9831099510193,200.0
0.17947938206976194,0.17947938206976194,91.83244219970703,363.3509724140167,200.0
0.1752632914599186,0.1752632914599186,81.88710174560546,355.49840807914734,200.0
0.11246345851103985,0.11246345851103985,84.68877978515626,366.1685311794281,200.0
0.15529921572170252,0.15529921572170252,87.34458337402344,358.16379594802856,200.0
0.15419779942572528,0.15419779942572528,83.73017639160156,360.4101912975311,200.0
0.16726161578614027,0.16726161578614027,92.84199279785156,359.808629989624,200.0
