True SPO,Unamb SPO,MSE,Elapsed,Epochs
0.1330001219062141,0.1330001219062141,36.96503674316406,349.2194788455963,20.0
0.11062215477963393,0.11062215477963393,36.37471844482422,367.2019820213318,20.0
0.11265378411678846,0.11265378411678846,35.98400134277344,352.2147605419159,20.0
0.12642733437013406,0.12642733437013406,38.75748501586914,358.2010555267334,20.0
0.11554121773955292,0.11554121773955292,36.59239642333984,358.12547636032104,20.0
0.11947296372306819,0.11947296372306819,34.23201794433594,358.5895800590515,20.0
0.10537790697641121,0.10537790697641121,31.98175769042969,358.5582113265991,20.0
0.11758700992082946,0.11758700992082946,33.164721633911135,351.42793464660645,20.0
0.11345833590293758,0.11345833590293758,34.37648345947266,345.9537892341614,20.0
0.1102332698369602,0.1102332698369602,35.24222631835938,362.53133177757263,20.0
