True SPO,Unamb SPO,MSE,Elapsed,Epochs
0.0964502568890225,0.0964502568890225,17.993732971191406,184.24757075309753,200.0
0.11651033660596508,0.11651033660596508,17.25694551086426,177.7583315372467,200.0
0.09369716743261546,0.09369716743261546,19.514279998779298,179.55722165107727,200.0
0.09401362516279457,0.09401362516279457,20.52687747192383,178.36842322349548,200.0
0.09331637372775983,0.09331637375409463,17.924685523986817,181.24363708496094,200.0
0.10890796093486561,0.10890796093486561,17.064628646850586,191.27503848075867,200.0
0.08552762391681429,0.08552762392917779,18.093102714538574,177.23744106292725,200.0
0.1030979243280462,0.1030979243280462,15.540993286132812,181.56390976905823,200.0
0.08356767504592084,0.08356767504592084,18.187278274536133,178.77234172821045,200.0
0.10369008290187717,0.10369008290187717,15.841440032958984,184.07316255569458,200.0
