True SPO,Unamb SPO,MSE,Elapsed,Epochs
0.07832699619753813,0.07832699619753813,39.092405838012695,182.48133611679077,20.0
0.07842953523220007,0.07842953523220007,36.30704320526123,179.0647132396698,20.0
0.0768290389315478,0.0768290389315478,31.621729843139647,179.04248309135437,20.0
0.07926367991914082,0.0792636799251686,43.537279876708986,176.70401096343994,20.0
0.08736244692815319,0.08736244692815319,43.07399705505371,181.44529461860657,20.0
0.08148148148129576,0.08148148148129576,44.4055514831543,176.7549262046814,20.0
0.07538258842591389,0.07538258842591389,38.71963430786133,180.91011881828308,20.0
0.07496388818065476,0.07496388818065476,43.35665112304687,175.47273182868958,20.0
0.0842315369259609,0.0842315369259609,39.174962913513184,179.45771098136902,20.0
0.10052252328157152,0.10052252328157152,70.00000437927245,184.9022057056427,20.0
