True SPO,Unamb SPO,MSE,Elapsed,Epochs
0.1570267474504003,0.1570267474504003,39.110181182861325,348.73296880722046,20.0
0.11301500043827885,0.11301500043827885,40.08027194213867,369.8186604976654,20.0
0.1555089854735158,0.1555089854735158,46.8016328125,353.0788576602936,20.0
0.1176985103181148,0.1176985103181148,41.71654299926758,360.78316283226013,20.0
0.09329378905210833,0.09329378905210833,44.4503996887207,354.9833540916443,20.0
0.13112928373649688,0.13112928373649688,40.574526794433595,361.6575982570648,20.0
0.1043269230766096,0.1043269230766096,35.78779852294922,361.8143789768219,20.0
0.12838596929182253,0.12838596929205182,35.40178651428223,370.9597692489624,20.0
0.11414348971112742,0.11414348971112742,38.54036026000976,371.4996659755707,20.0
0.17332046444920207,0.17332046444920207,43.21196166992188,358.1901767253876,20.0
