True SPO,Unamb SPO,MSE,Elapsed,Epochs
0.0178154106688643,0.0178154106688643,24.27868983459473,367.0621814727783,20.0
0.011035682038554541,0.011035682042608295,21.24133885192871,397.7408220767975,20.0
0.031581163590316576,0.031581163590316576,24.922296264648438,388.9536702632904,20.0
0.024113108880131337,0.024113108880131337,25.321607849121094,371.183221578598,20.0
0.02243733794287835,0.02243733794287835,25.388856994628906,365.6533420085907,20.0
0.06187208552882484,0.06187208552882484,25.24082099914551,374.2941553592682,20.0
0.018658912313432828,0.018658912313432828,22.21735612487793,395.5069706439972,20.0
0.018093151459403163,0.018093151459403163,22.839367111206055,374.06276082992554,20.0
0.025908648521576302,0.025908648521576302,23.566055892944338,374.1017072200775,20.0
0.046240988671313966,0.046240988671313966,23.95878517150879,367.5121159553528,20.0
