True SPO,Unamb SPO,MSE,Elapsed,Epochs
0.0257605260636966,0.0257605260636966,27.24412760925293,379.1602222919464,20.0
0.03799242062342603,0.03799242062342603,25.969872299194336,389.4743547439575,20.0
0.06025721455439066,0.06025721455844655,30.11128759765625,372.901757478714,20.0
0.02534865362680072,0.02534865362680072,29.086578125,384.3456120491028,20.0
0.027304072313772236,0.027304072313772236,28.94605744934082,384.48417377471924,20.0
0.06225248384609792,0.06225248384609792,28.252731048583986,361.30888509750366,20.0
0.038821434353120216,0.038821434353120216,23.43103155517578,376.19646191596985,20.0
0.052866263554190905,0.052866263554190905,23.09443374633789,385.9430527687073,20.0
0.058114480217162305,0.058114480217162305,27.812268783569337,365.8935990333557,20.0
0.07966972361388021,0.07966972361388021,28.559009338378907,367.67888832092285,20.0
