True SPO,Unamb SPO,MSE,Elapsed,Epochs
0.021781557959613083,0.021781557976549373,37.151647338867186,186.56796383857727,200.0
0.014211212516260206,0.014211212516260206,31.310903228759766,187.33795523643494,200.0
0.032800454050908576,0.032800454050908576,45.17127923583984,189.30943274497986,200.0
0.028424922147490164,0.028424922147490164,47.19006996154785,186.3165340423584,200.0
0.025305651672375303,0.025305651672375303,39.13929302978516,192.26287508010864,200.0
0.014363982848941486,0.014363982848941486,33.35010650634766,184.69471383094788,200.0
0.022934049875022545,0.022934049900200947,35.07883392333984,185.54664158821106,200.0
0.013706438657821722,0.013706438657821722,32.52098352813721,187.46291756629944,200.0
0.026045349549742976,0.026045349549742976,35.208837173461916,184.15217995643616,200.0
0.013706438657821722,0.013706438657821722,32.81239556121826,198.43196296691895,200.0
