True SPO,Unamb SPO,MSE,Elapsed,Epochs
0.1046166692300322,0.1046166692469135,88.10377282714843,352.6659879684448,4.0
0.12876146972767408,0.12876146972767408,120.33338470458985,361.6557683944702,4.0
0.10360610856802925,0.10360610856802925,77.60508740234376,352.93300557136536,4.0
0.13232846310307858,0.13232846310307858,61.698660888671874,357.6002039909363,4.0
0.17256928364205873,0.17256928364205873,63.76370596313477,359.2869598865509,4.0
0.15422940411332592,0.15422940411332592,96.57838323974609,353.8175992965698,4.0
0.12062099223732563,0.12062099223732563,74.81511810302734,360.82582354545593,4.0
0.14529549282284182,0.14529549282284182,72.40468356323242,360.34482645988464,4.0
0.09386706159052646,0.09386706159052646,81.13140911865234,348.7122206687927,4.0
0.17112010100705732,0.17112010100705732,80.11123944091797,348.87131118774414,4.0
