True SPO,Unamb SPO,MSE,Elapsed,Epochs
0.1131564699509319,0.1131564699509319,36.80732977294922,358.79275345802307,4.0
0.11930322057895396,0.11930322057895396,41.274918029785155,361.9167413711548,4.0
0.11104338992857048,0.11104338992857048,41.61588391113281,342.0687711238861,4.0
0.12086961708182968,0.12086961708182968,35.18132241821289,356.5340600013733,4.0
0.1046401669543658,0.1046401669543658,32.65718327331543,343.79982829093933,4.0
0.12029770802154864,0.12029770802154864,33.398978576660156,352.39194321632385,4.0
0.11853768814290398,0.11853768814290398,37.477817138671874,343.1489689350128,4.0
0.11829484902270855,0.11829484902270855,33.77120501708984,347.6111102104187,4.0
0.10237282299916112,0.10237282299916112,34.71453762817383,361.09935569763184,4.0
0.11439732142817244,0.11439732142817244,32.216232421875,358.15353059768677,4.0
