True SPO,Unamb SPO,MSE,Elapsed,Epochs
0.0118549278322499,0.0118549278322499,23.946764205932617,371.4328272342682,4.0
0.012398433200568455,0.012398433200568455,24.333443588256834,388.792809009552,4.0
0.018870350724856558,0.018870350724856558,25.295831909179686,360.4860825538635,4.0
0.013136836489686794,0.013136836489686794,21.883474182128907,385.15207290649414,4.0
0.014799378355415373,0.014799378355415373,23.245932312011718,367.90892243385315,4.0
0.016567148724617516,0.016567148724617516,23.250384506225586,369.29190468788147,4.0
0.011724796627435613,0.011724796627435613,22.506106903076173,377.8373396396637,4.0
0.019309661904019983,0.019309661904019983,22.28533316040039,374.0309896469116,4.0
0.037027691919393715,0.037027691919393715,24.146558151245117,374.0378851890564,4.0
0.06886551697444565,0.06886551697444565,25.67564179992676,357.290536403656,4.0
