True SPO,Unamb SPO,MSE,Elapsed,Epochs
0.08164609524877102,0.08164609524877102,16.266869861602782,189.8653712272644,4.0
0.07517125500820687,0.07517125500820687,15.827514266967773,173.86965107917786,4.0
0.07999769126409051,0.07999769126409051,13.826471733093262,175.24083638191223,4.0
0.0831227436820604,0.0831227436820604,12.986913497924805,172.48945665359497,4.0
0.08093265838293931,0.08093265838293931,16.430799240112304,177.31274795532227,4.0
0.07585367234816283,0.07585367234816283,16.015974746704103,174.70951294898987,4.0
0.08539684415789434,0.08539684425407806,17.28984407043457,175.86364769935608,4.0
0.08099755201933599,0.08099755201933599,15.827033615112304,178.90145182609558,4.0
0.07745168217586985,0.07745168217586985,14.066895141601563,176.91324305534363,4.0
0.08854638009024732,0.08854638009024732,15.45566721725464,179.66090369224548,4.0
