True SPO,Unamb SPO,MSE,Elapsed,Epochs
0.004437354988386203,0.004437354988386203,23.615085861206055,170.71976470947266,4.0
0.004691631834841219,0.004691631834841219,22.252427215576173,173.84311270713806,4.0
0.004130560369716549,0.004130560369716549,23.546546035766603,168.82880783081055,4.0
0.005672514619866454,0.005672514619866454,22.45954441833496,170.0420000553131,4.0
0.004072465938002478,0.004072465938002478,27.586217391967775,175.5539309978485,4.0
0.00517415811531963,0.00517415811531963,23.261499252319336,170.26905369758606,4.0
0.004195640055147154,0.004195640055147154,26.007652435302735,174.83037781715393,4.0
0.004323619995248982,0.004323619995248982,28.319878890991212,173.3256196975708,4.0
0.005227998838207295,0.005227998838207295,24.41092221069336,170.85487031936646,4.0
0.004740843523242446,0.004740843523242446,22.152810134887694,180.9082748889923,4.0
