True SPO,Unamb SPO,MSE,Elapsed,Epochs
0.08259345867976313,0.08280843384550952,7.132216009374999,57.39132118225098,0.0
0.06785236369542395,0.06787429400043217,8.4477046125,56.86567568778992,0.0
0.07140450347986851,0.07152483462830106,5.040236784375,57.23563313484192,0.0
0.08072848278232395,0.08084751622788916,9.934171699999998,54.95644688606262,0.0
0.07864627834411349,0.07868811147089227,11.270139643750001,56.67431020736694,0.0
0.08273097331007115,0.08307213196289619,10.394847034375,57.725183963775635,0.0
0.08436187917946057,0.08486463173714508,6.235366184375,55.08024740219116,0.0
0.08422486139968671,0.08446650810688457,12.401461062500001,57.03814482688904,0.0
0.07728561908606549,0.07770019468251813,8.389348703125,55.61046648025513,0.0
0.09138783090176042,0.09146235210119105,8.265488434375,58.45329546928406,0.0
