True SPO,Unamb SPO,MSE,Elapsed,Epochs
0.0033823381668283635,0.0033823381668283635,14.667411094665527,173.3809666633606,4.0
0.0034970542830928546,0.0034970542830928546,14.425600860595702,176.11982798576355,4.0
0.0029839979013543284,0.0029839979013543284,14.370689361572266,171.78938722610474,4.0
0.004010785305008389,0.004010785305008389,12.87569320678711,174.2552080154419,4.0
0.0027646829475675583,0.0027646829706040456,16.189127075195312,176.36998581886292,4.0
0.0025230728371206323,0.0025230728371206323,14.350364021301269,170.66851568222046,4.0
0.0026868920481508507,0.0026868920481508507,15.673137008666993,165.2091088294983,4.0
0.0031162355873996183,0.0031162355873996183,15.988251113891602,165.09224581718445,4.0
0.0035845862789884012,0.0035845862789884012,14.365568435668946,168.26878142356873,4.0
0.002517327056353742,0.002517327056353742,14.846633636474609,170.78147339820862,4.0
