True SPO,Unamb SPO,MSE,Elapsed,Epochs
0.12064241224663601,0.1206715596506704,1.9865839652731911,0.10288786888122559,0.0
0.09134022285433549,0.09134022285433549,1.9783624198032839,0.07978367805480957,0.0
0.1119196806392111,0.11215730027821645,1.8554153130543163,0.0919194221496582,0.0
0.11823095087089265,0.11823095087089265,2.024009785126053,0.07711458206176758,0.0
0.10800655708941236,0.10800655708941236,2.0251873099560544,0.07463693618774414,0.0
0.10023886665787358,0.10023886665787358,2.006814046237034,0.09009408950805664,0.0
0.09953172615754154,0.09953172615754154,1.9119284933159733,0.08725452423095703,0.0
0.08196244602794728,0.08196244602794728,1.9657363061776272,0.09712052345275879,0.0
0.08771003237226971,0.08771003237226971,1.9961732142587418,0.09246826171875,0.0
0.09350831653191213,0.09350831653191213,1.9966245553190107,0.08187723159790039,0.0
