True SPO,Unamb SPO,MSE,Elapsed,Epochs
0.0139791183294258,0.0139791183294258,33.01087699890137,370.0189247131348,4.0
0.007869734432211912,0.007869734432211912,34.18738757324219,404.66861057281494,4.0
0.011394948335214136,0.011394948335214136,36.17138916015625,379.9698579311371,4.0
0.011153168251000743,0.011153168251000743,34.01520501708984,383.63553166389465,4.0
0.008587557050178394,0.008587557050178394,34.378219528198244,354.94842743873596,4.0
0.011579939890354234,0.011579939890354234,32.855640258789066,376.34343433380127,4.0
0.019913294797630307,0.019913294797630307,32.94058963012695,379.208771944046,4.0
0.013601401716468382,0.013601401716468382,34.25052059936523,376.0707800388336,4.0
0.008754939180267155,0.008754939180267155,31.086631072998046,360.8666801452637,4.0
0.12403788286679536,0.12403788286679536,37.38826116943359,369.31304001808167,4.0
