True SPO,Unamb SPO,MSE,Elapsed,Epochs
0.21929475230590356,0.2192947579636453,303.8758619384766,199.17114400863647,200.0
0.2467969638232994,0.24679697615207322,233.54472961425782,198.59546375274658,200.0
0.24679794778120312,0.24679795528737505,265.48744323730466,207.6193027496338,200.0
0.24080618864952474,0.24080618871166778,268.9748791503906,205.44463109970093,200.0
0.22408122314941253,0.22408123315383893,358.01833471679686,206.03595542907715,200.0
0.23186165195652558,0.23186165719293148,269.9556882324219,208.9303035736084,200.0
0.28088012145011443,0.28088012918738553,324.86364404296876,197.22857403755188,200.0
0.22494021001938966,0.22494021635027794,242.8222257080078,222.58842062950134,200.0
0.248997567713919,0.24899757501302874,335.65392584228516,202.49411416053772,200.0
0.22010264566181895,0.22010265365242523,264.07917260742187,203.6081473827362,200.0
