True SPO,Unamb SPO,MSE,Elapsed,Epochs
0.08438919183452877,0.08438919068572136,32.63940754699707,383.4726405143738,200.0
0.0955457328258454,0.09554573629637926,31.024526473999025,390.0880808830261,200.0
0.08430050290546902,0.08430050414682734,32.649164932250976,377.0330650806427,200.0
0.09189026580898389,0.09184145842134028,32.20422735595703,383.3483102321625,200.0
0.08003511335493425,0.08003511823630613,34.314286895751955,378.5466310977936,200.0
0.10020454979250301,0.10020454981741737,32.292055740356446,398.5709297657013,200.0
0.09081686597159461,0.09081686850667822,32.07394384765625,409.4063448905945,200.0
0.07102183117169782,0.07102183102032868,34.31846252441406,414.3975772857666,200.0
0.10346208510243932,0.10346208640123654,32.64251625061035,416.1111738681793,200.0
0.07452053450887094,0.0745205371485393,34.60182626342773,412.16199827194214,200.0
