True SPO,Unamb SPO,MSE,Elapsed,Epochs
0.008489911626944,0.0084899113484514,22.584381805419923,222.5529944896698,200.0
0.0085330038340241,0.0085330041829316,26.732213317871093,205.377804517746,200.0
0.0071371932655822,0.0071371930982232,24.17907077026367,202.26620531082156,200.0
0.0084564629286211,0.0084564634375184,25.22047637939453,205.8331332206726,200.0
0.0084651897802848,0.0084651919999043,21.936270065307617,208.73321676254272,200.0
0.0087783765203383,0.0087783757039864,24.465964431762696,202.98922276496887,200.0
0.0099304513224873,0.0099255964264044,25.33583050537109,202.68050718307492,200.0
0.0075950530803557,0.0075950530074385,22.355748596191408,203.39392948150635,200.0
0.008385707466623829,0.008385708233193649,26.005010192871094,249.6918122768402,200.0
0.008630258536484433,0.008630260534774739,22.668371398925782,245.5011658668518,200.0
