True SPO,Unamb SPO,MSE,Elapsed,Epochs
0.16237823571290477,0.1623782365466393,57.65790078735352,380.5994243621826,200.0
0.17827683041452164,0.17827682988503768,49.778361877441405,381.9591770172119,200.0
0.1694195510287727,0.16941955253587246,53.22140216064453,386.37355494499207,200.0
0.18114720726984096,0.18101447851276237,55.489888458251954,380.59737277030945,200.0
0.1661789843917783,0.166178985537886,62.452584228515626,378.1537837982178,200.0
0.1931605074362661,0.19316050942522003,53.45871597290039,384.47522258758545,200.0
0.18467074270589953,0.1846707452767186,53.34152569580078,383.4573714733124,200.0
0.17024480930057034,0.1702448111819732,56.98530181884766,383.75575399398804,200.0
0.20063333789745255,0.20063333757623178,56.07263815307617,386.37728786468506,200.0
0.1653293901160098,0.16532939211810999,57.11807891845703,382.42279529571533,200.0
