True SPO,Unamb SPO,MSE,Elapsed,Epochs
0.014462664898237738,0.014462663679377418,25.660830490112303,198.967111825943,200.0
0.014373882335899412,0.014373884736529377,30.053795288085936,199.81006956100464,200.0
0.013684088107779616,0.013684086809089365,27.576414978027344,195.88628220558167,200.0
0.014336980637293283,0.014336980012950898,28.372659698486327,199.4840223789215,200.0
0.01612016824015619,0.016120168852033597,24.903190872192383,198.65911626815796,200.0
0.013683552015233557,0.013683552878342596,27.77575695800781,201.8809745311737,200.0
0.015854642595951846,0.01585464349014334,28.69855044555664,202.16527605056763,200.0
0.01755397966903627,0.017553980739602168,25.328700775146483,200.57547855377197,200.0
0.01829883574440577,0.018298834266682943,27.901498931884767,197.59899926185608,200.0
0.015275867420358153,0.01527586837621974,25.908495239257814,196.9160976409912,200.0
