True SPO,Unamb SPO,MSE,Elapsed,Epochs
0.0012488145225214968,0.0012488170320133199,22.271211654663087,179.21283221244812,20.0
0.0016807170540300467,0.001680719155838857,23.62914079284668,182.9516522884369,20.0
0.001578189196108478,0.0015781904978444438,23.096206222534178,177.1060755252838,20.0
0.0017082220556677277,0.001708221799160334,21.081720947265627,177.75883054733276,20.0
0.0016730129601463617,0.0016730133533287314,23.000292572021486,176.77087497711182,20.0
0.0015912009260433022,0.0015912017589650898,21.99020962524414,181.7388014793396,20.0
0.0018125450604431193,0.0018125452349089881,22.76176803588867,178.4078688621521,20.0
0.001646879910375716,0.001651375083636539,26.0642590637207,179.3914976119995,20.0
0.0015677363662394376,0.0015677391632866954,22.3326806640625,183.43216943740845,20.0
0.001549382389270945,0.001549382868716601,24.557875762939453,176.90243768692017,20.0
