True SPO,Unamb SPO,MSE,Elapsed,Epochs
0.0833124448256108,0.08331244480999121,27.24868148803711,190.38120651245117,20.0
0.0942613036189342,0.09426130534786616,22.817557876586914,188.73742961883545,20.0
0.08760330263024733,0.08757698175078903,25.264260025024413,188.34527206420898,20.0
0.09404525605764019,0.09404525455493364,25.5076944732666,189.12010717391968,20.0
0.08608324168382249,0.08608324212674363,28.69510266113281,190.31955337524414,20.0
0.09627049445683936,0.09627049412811782,23.45265641784668,191.66144013404846,20.0
0.09141259717197037,0.09141259910344926,24.071693313598633,191.6955087184906,20.0
0.08702567569942865,0.08702567911917734,28.37866552734375,189.51357674598694,20.0
0.09172427899363746,0.09177575788092066,23.763366806030273,187.89926052093506,20.0
0.08050102272466392,0.08050102010877005,28.016650268554688,186.9994990825653,20.0
