True SPO,Unamb SPO,MSE,Elapsed,Epochs
0.1583387354004232,0.15833873636453297,24.800886779785156,146.56254839897156,200.0
0.19858246433922155,0.19858246386428785,20.835262588500978,142.87047290802002,200.0
0.18220593332235177,0.18220593320687314,22.88521076965332,142.69553995132446,200.0
0.18148201765731717,0.18148201468033667,23.18961865234375,143.30410981178284,200.0
0.16837602412001434,0.16837602345883326,26.14168280029297,141.6006145477295,200.0
0.19290983269163225,0.19292555554210195,21.201160064697266,147.76466608047485,200.0
0.1863884431678026,0.18638844343003103,22.24910366821289,138.81270051002502,200.0
0.15219854674283395,0.1521985416947697,26.301697265625,139.41591358184814,200.0
0.19684672210572868,0.1968467231767352,21.544647674560547,172.75860834121704,200.0
0.1608434906331746,0.1608434883389539,25.61379232788086,199.80750441551208,200.0
