True SPO,Unamb SPO,MSE,Elapsed,Epochs
0.08011196201263819,0.0801119682844413,238.43954760742187,195.79200387001038,20.0
0.08717372813317381,0.08717373342597315,212.31686486816406,195.76380252838135,20.0
0.08717986625171013,0.08717987249558465,259.4086906738281,193.54461765289307,20.0
0.09546280142457539,0.09546280683355811,234.51923803710937,192.56452345848083,20.0
0.09297408099671799,0.09297408576852494,307.7796669921875,192.24028992652893,20.0
0.08211765865602143,0.0821176699798453,236.36287353515624,193.00026392936707,20.0
0.08305899963519686,0.0830590035673709,247.213166015625,195.76896047592163,20.0
0.0723775574024777,0.07237756615031704,219.77874536132813,192.69440412521362,20.0
0.09224647173933467,0.0922464772845741,285.44801953125,193.81642174720764,20.0
0.08322387583103427,0.0832238820537356,237.54988208007813,194.49332332611084,20.0
