True SPO,Unamb SPO,MSE,Elapsed,Epochs
0.19003391379635753,0.19003391726231247,24.222713516235352,188.96629095077515,200.0
0.22376677492482006,0.2237667745254201,20.4239236907959,189.23545932769775,200.0
0.20246378717749616,0.20246378970200749,22.34317970275879,189.16601705551147,200.0
0.214276765481833,0.21427676675827298,22.417327178955077,190.4564332962036,200.0
0.1924320892948659,0.1924827567839291,25.062732803344726,187.14486074447632,200.0
0.21784676558422036,0.21784676805050024,20.71498727416992,188.68616271018982,200.0
0.2062419566624734,0.20624195553345048,21.690888595581054,197.5319263935089,200.0
0.17496473886837424,0.17496474029272158,25.03472427368164,194.83949947357178,200.0
0.22393240850737586,0.22393241008374778,21.199088943481446,197.93047785758972,200.0
0.1826621589045243,0.18266215865713165,24.602543731689455,196.3187575340271,200.0
