True SPO,Unamb SPO,Elapsed,Epochs
0.24966910470329148,0.24966910655364075,642.1597442626953,1000.0
0.24120712192834073,0.24120712618478748,650.1764855384827,1000.0
0.25211490387425994,0.2521149050753166,650.6697444915771,1000.0
0.2857941451303678,0.2857941480816778,651.9953589439392,1000.0
0.22898735708216025,0.22898735937590314,654.8960936069489,1000.0
0.2391181361906287,0.2391181400820205,653.0720663070679,1000.0
0.2371190982594221,0.23711910650740115,649.8495712280273,1000.0
0.2542005689699634,0.25420057306338767,651.4777519702911,1000.0
0.2949070633697746,0.2949070648594414,648.8249888420105,1000.0
0.25021298787604895,0.25021299273953895,642.0004930496216,1000.0
