True SPO,Unamb SPO,MSE,Elapsed,Epochs
0.14211624264788011,0.1421162429683533,30.569227447509764,382.2502956390381,20.0
0.1688380285119251,0.1688380292640874,31.667549591064454,386.20673274993896,20.0
0.1572099919484974,0.15720999160187807,33.43650247192383,375.9495327472687,20.0
0.15898524322961283,0.1589852447951828,30.96759143066406,396.34512662887573,20.0
0.14322901911796335,0.14322901992939313,29.32793197631836,398.66059374809265,20.0
0.1731619472374516,0.17316194759081982,32.49547608947754,402.38098216056824,20.0
0.1554996189532099,0.1554996225559661,31.707142349243163,406.9555380344391,20.0
0.14786100119659695,0.14786100062581178,30.14442691040039,394.03662061691284,20.0
0.16586469922011912,0.16594625190262,34.64217829895019,381.8804295063019,20.0
0.1415975607431536,0.1415975613077058,31.725089599609376,373.810467004776,20.0
