True SPO,Unamb SPO,MSE,Elapsed,Epochs
0.08642482670473747,0.08642483334933186,248.49669213867188,190.29201531410217,20.0
0.086159491829623,0.08615949574860744,208.71685595703124,185.83790826797485,20.0
0.08170510829603801,0.08170511178400237,243.43879333496093,181.72300148010254,20.0
0.08314888260707673,0.08314888918536573,209.13426654052734,186.95930528640747,20.0
0.08853248947952162,0.08853249658102051,243.6256151123047,183.19070625305176,20.0
0.09140458191258843,0.09140458881495825,221.29883935546874,182.40337586402893,20.0
0.09319277479256317,0.09321729490117546,254.91993347167968,189.80421495437622,20.0
0.10137401010951308,0.10137401332696618,270.23783862304685,187.62174153327942,20.0
0.08777213144189021,0.08777213609961074,265.4312575683594,186.88442254066467,20.0
0.09053885515721986,0.0905388604154608,255.42201025390625,181.75315594673157,20.0
