True SPO,Unamb SPO,MSE,Elapsed,Epochs
0.20833353209326197,0.20833353396084073,34.468575607299805,385.8833248615265,200.0
0.20403534231039508,0.20403534557996109,37.41832507324219,381.45279145240784,200.0
0.20094561321638668,0.2009456156957094,34.86686810302734,383.0319228172302,200.0
0.21015429952237735,0.21015430009275607,36.37490447998047,380.3858599662781,200.0
0.21486834744179567,0.21486834610163438,33.79181707763672,382.85728311538696,200.0
0.19402715933298512,0.19402715901511625,34.43433050537109,385.0551292896271,200.0
0.2000383296798329,0.2000383308379321,36.054113342285156,381.6453981399536,200.0
0.2224352177921217,0.2224352181908338,33.494777770996095,379.94218492507935,200.0
0.2005363048797156,0.2005363044562983,33.887852752685546,379.35277247428894,200.0
0.1938077349144759,0.1938077337728492,33.5194514465332,381.80113196372986,200.0
