True SPO,Unamb SPO,MSE,Elapsed,Epochs
0.10850266663515257,0.1085026668639749,23.131431808471678,232.11413717269897,4.0
0.1321869874570535,0.13218698737323042,19.268864868164062,221.06777787208557,4.0
0.12418287840088682,0.12418287879780177,21.384639587402344,222.35792469978333,4.0
0.12415898693688546,0.12415898978881365,21.43839129638672,226.71018028259277,4.0
0.1127950976386159,0.11279509710285011,24.154482223510744,271.14648175239563,4.0
0.13755177489987794,0.13755177625274914,19.623500778198242,213.64575290679932,4.0
0.12472495709890125,0.12472495729574105,20.496254150390627,210.69923329353333,4.0
0.11268679151863398,0.11268679252444946,24.28916926574707,211.1037633419037,4.0
0.12565364572089985,0.1256536449384384,20.184442474365234,207.06057381629944,4.0
0.11227230114549086,0.11227230321416962,23.786253890991212,205.62473011016846,4.0
