True SPO,Unamb SPO,MSE,Elapsed,Epochs
0.06432202369675087,0.06432531084971767,60.558794555664065,140.00199556350708,4.0
0.0701688444011017,0.07016884499450074,52.21624072265625,146.7255711555481,4.0
0.06319116202752996,0.06319115961754455,55.213268737792966,161.8876383304596,4.0
0.07033480915436842,0.0703348089055623,57.53402099609375,179.74449682235718,4.0
0.07238712817407034,0.07238712604622415,63.81335998535156,161.74702835083008,4.0
0.06975865154431474,0.06975865197008249,54.34154510498047,145.07073402404785,4.0
0.06778584791700068,0.0677858477560778,54.00086361694336,139.69006943702698,4.0
0.07191420163310963,0.07191420148893786,59.304876892089844,145.3588297367096,4.0
0.07041836703988956,0.07041836846195865,56.622949951171876,156.2037694454193,4.0
0.06547622758471533,0.0654762288937082,57.93470764160156,156.065181016922,4.0
