True SPO,Unamb SPO,MSE,Elapsed,Epochs
0.003358398079673352,0.0033530240368330943,27.503749633789063,206.93056654930115,4.0
0.00381375551656065,0.003813756652387897,22.99746565246582,202.87033081054688,4.0
0.003563602105791895,0.003563602397886866,25.038729598999023,202.9162085056305,4.0
0.0036890819027886484,0.0036890816697575874,25.495249603271485,218.15808749198914,4.0
0.0033156017370887447,0.0033156021304664414,28.893359252929688,199.51357746124268,4.0
0.0037545262455095274,0.0037545262679962283,23.465633361816405,208.84243297576904,4.0
0.0038412518004610364,0.0038412521859269213,24.14126890563965,215.83776783943176,4.0
0.003031376359118767,0.0030313764532332284,28.87896463012695,244.72338151931763,4.0
0.003832723656231154,0.0038327232035222695,23.66891990661621,211.86975288391113,4.0
0.003191755830546736,0.0031917551621194313,27.888318298339843,229.94822645187378,4.0
