True SPO,Unamb SPO,MSE,Elapsed,Epochs
0.05878642506041588,0.05878642855162469,52.936470275878904,146.61688113212585,4.0
0.06270001508019672,0.06270001715710427,46.2768501586914,161.590430021286,4.0
0.056485861066974084,0.056486182141478165,49.21124871826172,167.31597661972046,4.0
0.06603412647735056,0.06603413160107348,50.453721069335934,160.4199059009552,4.0
0.062373672679775484,0.06237367738467746,56.08362902832031,165.73648309707642,4.0
0.063855874746173,0.06385587475955526,48.11592803955078,164.14455032348633,4.0
0.0625943060428452,0.06264584537763492,47.847825744628906,169.3530478477478,4.0
0.06373954113834143,0.06373954199771498,52.53595703125,169.7786409854889,4.0
0.06261043438067394,0.06261043651945344,50.564629577636715,179.71545600891113,4.0
0.059085124140374715,0.05908512443467876,51.27320223999023,186.6697371006012,4.0
