True SPO,Unamb SPO,MSE,Elapsed,Epochs
0.05593667883124639,0.05593668230377984,313.8880812988281,188.33307790756226,4.0
0.057926660141620484,0.05792666016613525,277.7170606689453,194.05193567276,4.0
0.05711250684777482,0.05711250656330472,284.44836279296874,192.25860118865967,4.0
0.06202208396265085,0.062022083994119605,285.5726105957031,191.52866125106812,4.0
0.0691028209642639,0.0691028234423425,330.336103515625,193.31376934051514,4.0
0.058015606478714385,0.0580156098283663,281.23691943359376,192.02262353897095,4.0
0.062788465772672,0.06278846620648283,276.26028271484375,195.2253658771515,4.0
0.05975065820273235,0.059750662604315746,277.4290018310547,190.07135677337646,4.0
0.06515325849411747,0.0651532604489702,338.0143602294922,191.76676082611084,4.0
0.05324160893102151,0.05324161140990327,269.7046635742187,189.79103350639343,4.0
